dataset,target_id,method,strict_closed,display_status,reaction_count,source_sha256,selection
PaRoutes120,n1_366,pure_llm,True,closed,7,eaf71e4c7e5ad853120743eea2b401fc92a6ae21e25d6254c2de2ec54a48dbba,adopted clean one-shot endpoint inventory
PaRoutes120,n1_566,pure_llm,True,closed,11,8f409e78b754d354e9bb67bb4f57f4f6f05864c3ab465a8845c53a680e48c49d,adopted clean one-shot endpoint inventory
PaRoutes120,n1_659,pure_llm,False,open,5,6c090fefd5f31e2ef7a9eefdcf26443539e852975afdcc02413a0915f22688e0,adopted clean one-shot endpoint inventory
PaRoutes120,n1_849,pure_llm,True,closed,7,36869af270d4bbf81f36e84fee5b962be8382ec9803a68df53b24b168e3bfeed,adopted clean one-shot endpoint inventory
PaRoutes120,n1_883,pure_llm,True,closed,7,0c2011254be6a38fd7abe84a0cde467e742dba8aaae7a418173a8486361971d1,adopted clean one-shot endpoint inventory
PaRoutes120,n1_1020,pure_llm,True,closed,6,835a04e44868ea66b9d3dc97d4560466c6e0a3aaf847d8ca36410688b18f08a0,adopted clean one-shot endpoint inventory
PaRoutes120,n1_1096,pure_llm,True,closed,7,efc968d12bb8746800339f58da1c137d75f94837721dcc023d4760bdfbba59ac,adopted clean one-shot endpoint inventory
PaRoutes120,n1_1115,pure_llm,True,closed,7,a8227fa9e87c7e32363872db9ee02c602380cdf6715eedd1cb4a747338fbcb5c,adopted clean one-shot endpoint inventory
PaRoutes120,n1_1276,pure_llm,True,closed,9,cb7a71d5542d6604abb746453916c9908533a622e5d56e635654b14e8cbe6248,adopted clean one-shot endpoint inventory
PaRoutes120,n1_1307,pure_llm,True,closed,4,8ce96783fe9896cc00ea0e5aa861f89aeb36c443f1e0c71775701e742cb2a8dd,adopted clean one-shot endpoint inventory
PaRoutes120,n1_1391,pure_llm,True,closed,6,0bbbc78428f1f0362a703f1402a9d18c15910a05d2a5a22c80a4a32364b8cfde,adopted clean one-shot endpoint inventory
PaRoutes120,n1_2261,pure_llm,True,closed,11,3bb492330bc86b2e859504597bdf224faef63e9cb7f9b1dd82cbcc627a19823c,adopted clean one-shot endpoint inventory
PaRoutes120,n1_2324,pure_llm,False,no_route,0,,
PaRoutes120,n1_2500,pure_llm,True,closed,7,f56256b56109c5b750ef65402f93547d422ecb4e51497b894e98108c859352b7,adopted clean one-shot endpoint inventory
PaRoutes120,n1_2664,pure_llm,True,closed,6,c07251d45c205104df1c56eadc3bd5fd70a86e441eb7c070842321672d5e0888,adopted clean one-shot endpoint inventory
PaRoutes120,n1_2879,pure_llm,True,closed,6,131906562c0f8c330fdccaea7aeb93bcdb1136c9695608e118dec5223a90d63a,adopted clean one-shot endpoint inventory
PaRoutes120,n1_3447,pure_llm,True,closed,3,4102413681bd3b78fece69eabe81aa7009759bc1773d24a4bfd7e63311e8ad51,adopted clean one-shot endpoint inventory
PaRoutes120,n1_3899,pure_llm,True,closed,9,519a7994f32391543204a7684bf936f63fdd703a481d9fe71fba98f4b526b287,adopted clean one-shot endpoint inventory
PaRoutes120,n1_4003,pure_llm,True,closed,11,e36f0b4eacefd1dc74b0387876b05ee6e75ea55b0223137cb61b8487022e7899,adopted clean one-shot endpoint inventory
PaRoutes120,n1_4140,pure_llm,True,closed,4,fa9b8382ae705b1e276d4dec80f99414c2cad0c17de2d058b6b4b943776e2cee,adopted clean one-shot endpoint inventory
PaRoutes120,n1_4208,pure_llm,True,closed,2,0330d48fc50e220aa5bb03c29bbebc2db67331f095326e33dfcee00bf7f3e852,adopted clean one-shot endpoint inventory
PaRoutes120,n1_4328,pure_llm,True,closed,6,f036a699a8459020367900bf4c5d7ced999ab294d861196c261c8cedb62382af,adopted clean one-shot endpoint inventory
PaRoutes120,n1_4823,pure_llm,True,closed,4,fe5df4b3e709d9d8117cf1e9cce3d590b92c59118e8dff1a57ff6c36fa7cf3ac,adopted clean one-shot endpoint inventory
PaRoutes120,n1_5245,pure_llm,True,closed,6,928862e07d0dd9fc155a416a091c8574d84eb595eb133fda073e6bbdd2a75455,adopted clean one-shot endpoint inventory
PaRoutes120,n1_5357,pure_llm,False,open,8,1a0f14379ae14798394f3edd7f854e2eb7d38621395ae3e9deb30d91be34fff7,adopted clean one-shot endpoint inventory
PaRoutes120,n1_5654,pure_llm,True,closed,5,3b4cf2f35450b13e55e5a06b6fab760ba2b52b1428ca9d1acf6b47f71361ec2f,adopted clean one-shot endpoint inventory
PaRoutes120,n1_5948,pure_llm,False,no_route,0,,
PaRoutes120,n1_6102,pure_llm,False,no_route,0,,
PaRoutes120,n1_6381,pure_llm,True,closed,6,f3cc519d383765e0611ff8b4469fb94f0fa8264163ee595a4b9a323c11fccb80,adopted clean one-shot endpoint inventory
PaRoutes120,n1_6397,pure_llm,True,closed,6,79286a907a312ad6546ea942de9f63ac2140ff3b441192ddf934f3e0b57219b7,adopted clean one-shot endpoint inventory
PaRoutes120,n1_6589,pure_llm,True,closed,7,7b0e836838382aa271ee5a4212ab91f99d7c3be4197f3adf56d960854e6a3cce,adopted clean one-shot endpoint inventory
PaRoutes120,n1_6714,pure_llm,True,closed,4,8e5cd262e8c0adb2575deaf9d79efb8c90047495affeaaf7fe3222983651258e,adopted clean one-shot endpoint inventory
PaRoutes120,n1_6952,pure_llm,True,closed,5,e99ceec168b24200882f0fcf1abc64988cf2587f3fc169c31dcf60be7572883b,adopted clean one-shot endpoint inventory
PaRoutes120,n1_7007,pure_llm,True,closed,6,6bf3779bf13049507cbbde6d3cfa0b53d443762ebc95712938fe0b33b9b50cec,adopted clean one-shot endpoint inventory
PaRoutes120,n1_7287,pure_llm,True,closed,7,71364f8ccdf176d3861a8f3ffd5642bf44070c5922f1c9e6f18502f128625512,adopted clean one-shot endpoint inventory
PaRoutes120,n1_7500,pure_llm,False,open,1,8397548addb0e28e527b19589a78e9b1e2c60fa342cb5244d357c399c2ca26e5,adopted clean one-shot endpoint inventory
PaRoutes120,n1_7553,pure_llm,True,closed,3,62f0fa5dce152d80ad5f53cdd83f2b61f1ca4f18be3ababb2950576cb92f36c6,adopted clean one-shot endpoint inventory
PaRoutes120,n1_7678,pure_llm,True,closed,4,95032fdfa24862ea4d1b5c4eb2778011db87c82a546b200a03a5b6b6597e44b7,adopted clean one-shot endpoint inventory
PaRoutes120,n1_7943,pure_llm,True,closed,6,d37af29c74bd6d7d5ac0faaeecb3b6c881dd334528204a792ee1440d1d2c90c3,adopted clean one-shot endpoint inventory
PaRoutes120,n1_8105,pure_llm,True,closed,2,3edec1a408337e0fb051fade0e03389b1adf1bd1e9ac4b7bf7e78ee6e8a42a2a,adopted clean one-shot endpoint inventory
PaRoutes120,n1_8382,pure_llm,False,no_route,0,,
PaRoutes120,n1_8397,pure_llm,True,closed,6,eef2c876ec3ea5b417ba8c0bf44c9e7aeae0386e786d5b721e107f97b1490e28,adopted clean one-shot endpoint inventory
PaRoutes120,n1_8498,pure_llm,False,open,4,cc254a7e8cac6c1b43ee59eaa81ee28b5e440ce0fecfa85d1e6763175a7b0db0,adopted clean one-shot endpoint inventory
PaRoutes120,n1_8613,pure_llm,True,closed,4,9acd05a21e9080b72a498e0e93f7fb8c5b2890f7b16d0bcc4b611e59294111b8,adopted clean one-shot endpoint inventory
PaRoutes120,n1_8633,pure_llm,True,closed,4,0646edbe839a367c19bdedbe4dbb9df6211ed096d3e4542b87896f318f62fa35,adopted clean one-shot endpoint inventory
PaRoutes120,n1_8654,pure_llm,True,closed,6,9156d835e912e55bfe6e06f12802f99f7c710fff1a2a602c3047d9ec118a4fdf,adopted clean one-shot endpoint inventory
PaRoutes120,n1_8725,pure_llm,True,closed,5,f63f963532da429148221f5c4c67d6ecddfc4e3c9c1a0fc1b0b4ad9c17b6f95e,adopted clean one-shot endpoint inventory
PaRoutes120,n1_9128,pure_llm,True,closed,2,72b69a601268739c23bc8e759cfe4aa8cceb3cfe4630ba554fbe5eaa90d7289f,adopted clean one-shot endpoint inventory
PaRoutes120,n1_9743,pure_llm,False,no_route,0,,
PaRoutes120,n1_9822,pure_llm,True,closed,7,269c574e5b73e78855f9d6b327fbd46d55dcfe9ed9ba63fb3840a4f204f2815f,adopted clean one-shot endpoint inventory
PaRoutes120,n1_9869,pure_llm,True,closed,3,84779a7ad465109d3ebeaa8069f69d18d7d878ed831182808afeb06ac6367d5f,adopted clean one-shot endpoint inventory
PaRoutes120,n5_129,pure_llm,False,open,10,b99e08ef92eb36973d00e283571e350fd01766729ed1c19b1a35d315862b5226,adopted clean one-shot endpoint inventory
PaRoutes120,n5_234,pure_llm,False,no_route,0,,
PaRoutes120,n5_431,pure_llm,False,open,8,3a733b3f874f81f84728fefae37013996b279403292392783b6dd25feb5c744e,adopted clean one-shot endpoint inventory
PaRoutes120,n5_441,pure_llm,False,no_route,0,,
PaRoutes120,n5_633,pure_llm,False,no_route,0,,
PaRoutes120,n5_659,pure_llm,True,closed,8,971c3a8794ba86c991ba23fe6751e7a293e9e095524c38c2399609db73459fb2,adopted clean one-shot endpoint inventory
PaRoutes120,n5_880,pure_llm,True,closed,4,ca492db02b7b58c23d8b0104e8fa98c09c2857d98e620e93b8de2ca6b463c8fb,adopted clean one-shot endpoint inventory
PaRoutes120,n5_1096,pure_llm,True,closed,6,9d51d9f350955aa4f1431f4703a5041b56b4db6eb06e4d033f10a3c9df73adaa,adopted clean one-shot endpoint inventory
PaRoutes120,n5_1115,pure_llm,True,closed,9,5576eb71eaf57947b9aaf2cc010b911d963c61652ce0f85c134711faaee67ce9,adopted clean one-shot endpoint inventory
PaRoutes120,n5_1276,pure_llm,True,closed,10,9429fbd3278e7792ab12e17556cd476347391d488c678d11be0686accf69d69b,adopted clean one-shot endpoint inventory
PaRoutes120,n5_1298,pure_llm,True,closed,8,2587b8f164e2f6fc4158cd7cbfbf755d6c4d89fb81b5f207b4eac7dae457b90c,adopted clean one-shot endpoint inventory
PaRoutes120,n5_1391,pure_llm,True,closed,10,ce05e5b2314e3ee6b8386a67251c594968193cc79924b3d37260218773b6f4a2,adopted clean one-shot endpoint inventory
PaRoutes120,n5_1480,pure_llm,True,closed,7,5ff93a9b6915ef6651487d19fcc91b1b32d9e26add0ed6806a9b3b2391c975e7,adopted clean one-shot endpoint inventory
PaRoutes120,n5_1811,pure_llm,True,closed,6,772e718c6e3a41f1d95e7b5cce8b519825fd67c7d3aaebdfb5cc44a83e2ab437,adopted clean one-shot endpoint inventory
PaRoutes120,n5_2106,pure_llm,True,closed,6,48943936bb45832172aa03eb8a078c93c9e524d4af68f4c6992bf9e4ae11c633,adopted clean one-shot endpoint inventory
PaRoutes120,n5_2120,pure_llm,True,closed,5,6bfe3278873422c86bed67b915fe8605f3a9881887c06d1553bdcf3e5ccec0da,adopted clean one-shot endpoint inventory
PaRoutes120,n5_2488,pure_llm,True,closed,7,9796581a2de67aec691f5110a1df6030f941b76c77fce36726b228e3a85e86a9,adopted clean one-shot endpoint inventory
PaRoutes120,n5_2779,pure_llm,True,closed,4,23131dd92bd150c199c09683199c70476a07b4a856fef80bc9afead4371bf51c,adopted clean one-shot endpoint inventory
PaRoutes120,n5_2816,pure_llm,False,open,8,0985d242a84d62ca7bb5d7ccba34b28757001fa02398111e1abfe93199af70da,adopted clean one-shot endpoint inventory
PaRoutes120,n5_2817,pure_llm,True,closed,10,f153899a747318422939a9dee98ad3be778e4aced9928e7a4d040b5fcd4f965e,adopted clean one-shot endpoint inventory
PaRoutes120,n5_2847,pure_llm,True,closed,7,a0eba031fdb14cb3d88641ea8ca19dbe4f39e4940ecced0ddbb22af160644cea,adopted clean one-shot endpoint inventory
PaRoutes120,n5_2879,pure_llm,True,closed,4,1585ef606667040b23fafa1aac147637b5beb7fe083a19c54bc4e787c89d1e3c,adopted clean one-shot endpoint inventory
PaRoutes120,n5_3042,pure_llm,False,open,8,97119d88e1972754ac9acde5deb4f4b24a93b42b5152bc4eac97c2ff2af1fc36,adopted clean one-shot endpoint inventory
PaRoutes120,n5_3622,pure_llm,False,no_route,0,,
PaRoutes120,n5_3850,pure_llm,True,closed,6,c2606781bfb1411ec92b4dc05aef6237ce87b24e8b3d3b6f11215eecb012a10e,adopted clean one-shot endpoint inventory
PaRoutes120,n5_3961,pure_llm,True,closed,6,34e4bbb69c1f961a00ebbe4167d5d28a099b91476f2afde6c4a3a1f2146d82ab,adopted clean one-shot endpoint inventory
PaRoutes120,n5_4003,pure_llm,True,closed,7,a34e5734b4e27c456cbcfe4bf0ea5ba823fc5667633adf44965f98e2b640e02c,adopted clean one-shot endpoint inventory
PaRoutes120,n5_4017,pure_llm,True,closed,10,60b3af8c99cdc4bdf57a6d656af3a64ac1eb59cf348db34c456e16ec430dc63d,adopted clean one-shot endpoint inventory
PaRoutes120,n5_4134,pure_llm,True,closed,9,939bddae7e25b7cf0efc9545b92956dbf5743be73ad8b4276b2203462ee59a55,adopted clean one-shot endpoint inventory
PaRoutes120,n5_4328,pure_llm,True,closed,8,f799596f2c703a2d601d90d8b87e63ca25e051b70fc2d5040b0a53656172eece,adopted clean one-shot endpoint inventory
PaRoutes120,n5_4400,pure_llm,True,closed,7,5c9c48f1949d48fd20bbbc09bdf47659a9f8cb025891bb400a87190b34cd2fc3,adopted clean one-shot endpoint inventory
PaRoutes120,n5_5256,pure_llm,True,closed,8,ddaf0bc9a363e61beda23629ab444541be73bc223ab771d003e99ee593fc4bae,adopted clean one-shot endpoint inventory
PaRoutes120,n5_5306,pure_llm,True,closed,3,ca41dd6279bd78e4e04b58498b4e78e5d78a13de8975bce0639b18a22574a515,adopted clean one-shot endpoint inventory
PaRoutes120,n5_5313,pure_llm,True,closed,5,1054a5b919f1fce55ba5a58874bc22eb96d880c1194f18f06a36f13d786e5380,adopted clean one-shot endpoint inventory
PaRoutes120,n5_5455,pure_llm,True,closed,4,3f789ad9c5c6acbbfa608f7673b75d4fbded50c85c3533c82c9f2f2d1e608cd9,adopted clean one-shot endpoint inventory
PaRoutes120,n5_5531,pure_llm,True,closed,3,042132c36ebca45ee236c84e486db1d424d4e411f0ce19aabc7dd61f8b58699f,adopted clean one-shot endpoint inventory
PaRoutes120,n5_5628,pure_llm,True,closed,2,be9e6af876f3715e686f5f3ce5c2812be5d6accdf4919cf24ec635b27687c655,adopted clean one-shot endpoint inventory
PaRoutes120,n5_5654,pure_llm,False,open,7,b4b4923cd4ad56df07e54981a5ac313f82e1e2720196c72f98450941e58e7937,adopted clean one-shot endpoint inventory
PaRoutes120,n5_6004,pure_llm,True,closed,8,c20cecb3eca8df89488af5aead825d689de9d219c0a7e65c99df4595cb04a7a0,adopted clean one-shot endpoint inventory
PaRoutes120,n5_6115,pure_llm,True,closed,5,f952031e9e29f364b6859e708d6dbbcf3163f3326117b41eb6a52e9f48dfb716,adopted clean one-shot endpoint inventory
PaRoutes120,n5_6397,pure_llm,True,closed,4,b38f2ec2a42feceadcaead6a65aa2a768fde9c2a3bc51c133d51a7f35a1d3cc1,adopted clean one-shot endpoint inventory
PaRoutes120,n5_6445,pure_llm,True,closed,8,1c8ad641ad93fdb0b08fa82b597befd4c41815bdb02614274d7855a093a7e792,adopted clean one-shot endpoint inventory
PaRoutes120,n5_6541,pure_llm,True,closed,14,4f97d44ef54c01a789937d53e61883a224f1f1c68573506edeb0a8c0a16f257e,adopted clean one-shot endpoint inventory
PaRoutes120,n5_6568,pure_llm,True,closed,8,c68a39bdb912aee2653aab80c1140ba08e46b3071a3ce801b98d7c9b98838ae9,adopted clean one-shot endpoint inventory
PaRoutes120,n5_6926,pure_llm,True,closed,6,e83b05fe2359fd15f485f55bb94bbbd109434ed909c6615d0e824a111621c2ab,adopted clean one-shot endpoint inventory
PaRoutes120,n5_7157,pure_llm,True,closed,5,45863983ec4992e274608ec673228c7ec48575c41da273bcf9a6a69b3fee5631,adopted clean one-shot endpoint inventory
PaRoutes120,n5_7287,pure_llm,False,no_route,0,,
PaRoutes120,n5_7593,pure_llm,False,excluded,0,,adopted clean one-shot endpoint inventory
PaRoutes120,n5_7630,pure_llm,False,open,8,6d60ee5c041f78ff5a7e36dbb9a96ec1599f98769a296358d4820eafb08d4d5f,adopted clean one-shot endpoint inventory
PaRoutes120,n5_7685,pure_llm,False,open,5,c35372d9ab900dd5fbd320a5dc24472d83cbe4bfa65297aad219d493f6e9aaef,adopted clean one-shot endpoint inventory
PaRoutes120,n5_7796,pure_llm,True,closed,3,c7327abc35dcba73277235798424143e9fa2b8f4abe8f4301f44088a3fb02595,adopted clean one-shot endpoint inventory
PaRoutes120,n5_7805,pure_llm,False,open,4,9cb4939c45ee965f6d60bba3e35f6cfdd70557f2f0f13db450719c6c899895cb,adopted clean one-shot endpoint inventory
PaRoutes120,n5_7899,pure_llm,True,closed,9,f5a7803ccd1b8c16dd1830ab16fc22a9e0fdf0295fab36b2c0be2ca1178bd2d9,adopted clean one-shot endpoint inventory
PaRoutes120,n5_7967,pure_llm,True,closed,8,8d99d0beb093f61df536c142d82037c88ee13fbf63e2f34c7bf15a3c357b497e,adopted clean one-shot endpoint inventory
PaRoutes120,n5_8105,pure_llm,True,closed,8,63265d50c512629259e6be367d9e57b11a55ba93c2b1afd81e135387b15e98dd,adopted clean one-shot endpoint inventory
PaRoutes120,n5_8189,pure_llm,True,closed,4,30df4af53306d6489a7a6dc8560c96c92440a5296114d81e0fcfcdda8519e8b4,adopted clean one-shot endpoint inventory
PaRoutes120,n5_8613,pure_llm,False,no_route,0,,
PaRoutes120,n5_8672,pure_llm,True,closed,15,ef1984d2ff360cfd52c0c38282ca8ebaf9a243a1719e32c88b3e8bc157edd611,adopted clean one-shot endpoint inventory
PaRoutes120,n5_8918,pure_llm,True,closed,5,6f4a8c6040814e92bfa828d29251a177169b40f5b6d1709a1bca4239b2bdc254,adopted clean one-shot endpoint inventory
PaRoutes120,n5_9093,pure_llm,False,open,11,86fc55966fc1ef906b3303bbd28026472c842c3b27ad665181e9c3ce753ffa44,adopted clean one-shot endpoint inventory
PaRoutes120,n5_9115,pure_llm,True,closed,8,cb44598786df5cc07f393f6831972ea642251ba31411d6fb9df8417b86432e84,adopted clean one-shot endpoint inventory
PaRoutes120,n5_9145,pure_llm,True,closed,6,8f7cc5026a1ca38aafbe5d0c65cb2c3266a773de6199691d5e4aa305c4380d9c,adopted clean one-shot endpoint inventory
PaRoutes120,n5_9281,pure_llm,True,closed,7,e51289d7ad351737f7327bd370e7a1e38bf9fc33d4b5e7f2ab66573a74c33d09,adopted clean one-shot endpoint inventory
PaRoutes120,n5_9293,pure_llm,True,closed,5,30e897ffca749301f743e284bab561d10f3e93fe3c20832f10af78cf2b59c5be,adopted clean one-shot endpoint inventory
PaRoutes120,n5_9501,pure_llm,True,closed,8,a5e4ceac049a2e782d6147964dec329617a2c3c8c582edac8cc40fad4981dc77,adopted clean one-shot endpoint inventory
PaRoutes120,n5_9628,pure_llm,True,closed,3,426abf28b3f1631f1e5b1669d9395273b8905485803c08fd17d8a9d9b2631316,adopted clean one-shot endpoint inventory
PaRoutes120,n5_9743,pure_llm,True,closed,3,c05691863fb4ad975f889e1dd8b890139507fa73a7945b5d2eade4fbf53bc212,adopted clean one-shot endpoint inventory
PaRoutes120,n5_9869,pure_llm,True,closed,5,9765d8ced2a8acc0611c40f8b678ddd51419fd400b24c1734ac125317ebc941d,adopted clean one-shot endpoint inventory
PaRoutes120,n5_9998,pure_llm,True,closed,8,83c0d47053d6b44835a86ac1621294be89c10cf8b13fb8f183867ae7b4cb0ecd,adopted clean one-shot endpoint inventory
PaRoutes120,n1_366,aotstar,True,closed,5,d106036d9f845fba928f5a8f081c2adb5666a1a019e3655c440a23ffa775038c;e7e86173d8766cfd90a73ab6f22e37a2f6ce0b62ae90b9cb2109b218bb0de795;1a042e1e401225d0c6910da4978ff02a34f3f715c0ac48fd1d2e03ef5cb00e31,solution in adopted AOT target batch; chemistry checked against frozen evaluation or preserved partial view
PaRoutes120,n1_566,aotstar,True,closed,2,78644be74908df45b4d67262e3f7d30dcd9ef0de738b6fc238d04e6de7c00f01;5c45d8640d9fb9730250401b355fe59ba08dbbb95caddd9baf1eed129b604053;1a042e1e401225d0c6910da4978ff02a34f3f715c0ac48fd1d2e03ef5cb00e31,solution in adopted AOT target batch; chemistry checked against frozen evaluation or preserved partial view
PaRoutes120,n1_659,aotstar,False,open,2,c1c0c0eb8a92f9904ac8794cd1a6ef89af12b2123be8811de271215c4152e971;d3d1a7b5c72fd29e31b3b7853774e31bbafdc6ed8d22a97304ea32e1154ba1ab;f84a6571c70725792f2408fdc5a225fb34b4df2159505e6de32a52a19971a5d7,solution in adopted AOT target batch; chemistry checked against frozen evaluation or preserved partial view
PaRoutes120,n1_849,aotstar,False,open,3,11869ee7ac702f99307cc04a39e5f12f681764553f1b6c1e324ea09f7e387b0c;213b95d51c62595b11c06bdb6590e1c2e70e1f3e95801535d7f17600ea219d99;b5c16ad4bf620161b8099c3e7399a9ce902c64eda48b306e7661715616a33739,solution in adopted AOT target batch; chemistry checked against frozen evaluation or preserved partial view
PaRoutes120,n1_883,aotstar,True,closed,2,214475f3fa840194900eb6ec498482d90e7ff983f7e80fa42f9139e2fe9fe0fa;2db03dd58b69686b13d5578c606ff15f6de02fcf9fc3ec23331aa1a89980668b;1a042e1e401225d0c6910da4978ff02a34f3f715c0ac48fd1d2e03ef5cb00e31,solution in adopted AOT target batch; chemistry checked against frozen evaluation or preserved partial view
PaRoutes120,n1_1020,aotstar,True,closed,3,2605d483625b10e155c0e5dbf3075f669d9a8c0873a8477c940bba198c8b28b6;c95236a918c7768cc2440d7fdcb11ec6fcad8de3bc1309b47983bd5140c44757;1a042e1e401225d0c6910da4978ff02a34f3f715c0ac48fd1d2e03ef5cb00e31,solution in adopted AOT target batch; chemistry checked against frozen evaluation or preserved partial view
PaRoutes120,n1_1096,aotstar,True,closed,1,61c352a11f6573fbee329248f1e76b1b9f2368f420de1c9c3483a51c312c922f;055f259c4b0f1fe48a40b7e8060e8fd58c38bd70d75da9555e23aeacd28f4f83;1a042e1e401225d0c6910da4978ff02a34f3f715c0ac48fd1d2e03ef5cb00e31,solution in adopted AOT target batch; chemistry checked against frozen evaluation or preserved partial view
PaRoutes120,n1_1115,aotstar,True,closed,3,43983367f0bd373cc256f8a4e41220913834b51e454934da612c2e3f3da37cb3;1432c74a7ade35b63e5b135ee8fe737aaca89d3bddd70176f38d38d5b36845de;1a042e1e401225d0c6910da4978ff02a34f3f715c0ac48fd1d2e03ef5cb00e31,solution in adopted AOT target batch; chemistry checked against frozen evaluation or preserved partial view
PaRoutes120,n1_1276,aotstar,False,open,3,adef2973c6035b32b5f5ba257ecf0ef1b9fad00e7a58989dbc6f48a68a872c8b;472cc47b3912c1c8573eb9d5f5582a841637d12278d0d7fcbdb846d68075f00b;26aa06877809fcb9933dda2a6f5dc1b93a9eb6cedde8b064c0730bbcbe1f2641,solution in adopted AOT target batch; chemistry checked against frozen evaluation or preserved partial view
PaRoutes120,n1_1307,aotstar,True,closed,1,84dbc202df1bcd867ac1d6cdbdca6921ba80d636b22218a435ac1e4fdf2a0f5a;7c9a7576b2536ed6349914c66d4e0a6da739737c96a0b9311ea378f62e8b170c;1a042e1e401225d0c6910da4978ff02a34f3f715c0ac48fd1d2e03ef5cb00e31,solution in adopted AOT target batch; chemistry checked against frozen evaluation or preserved partial view
PaRoutes120,n1_1391,aotstar,True,closed,1,9aec09711561309395fab8be4f3c069bf2d7096a118e22f7daccb705d7003b09;44ee941abdfa758a035c3a9e102d2a97017e0968b5fe924e3f5df75be8bc33e2;1a042e1e401225d0c6910da4978ff02a34f3f715c0ac48fd1d2e03ef5cb00e31,solution in adopted AOT target batch; chemistry checked against frozen evaluation or preserved partial view
PaRoutes120,n1_2261,aotstar,False,open,3,fd40114623403b92f37b3ec0c730b380dacc4fdc9a4bf608b560e46509299df6;85acc821db878bf9b8d30f82aebc17c1547a536faff7cfa1729dc3fe45b5a61d;4a44406a87e68dc3eb7c84a9868640ebfbc8bd4972cbc6eaacbba2260580f444,solution in adopted AOT target batch; chemistry checked against frozen evaluation or preserved partial view
PaRoutes120,n1_2324,aotstar,False,open,5,cc1d278e91ba29b1869af797cf265a29f5b3594b53e23de51c3aa8a511464cd6;110c4133c03feb8de65c1cc5c13268a730c00c19ddf8424459d84b9c9955e23f;0e6d7caa3643345c68a857ee62a4dcaec24d7c0b2d76eab0de4c1837e1e3ac83,solution in adopted AOT target batch; chemistry checked against frozen evaluation or preserved partial view
PaRoutes120,n1_2500,aotstar,True,closed,4,90987a53c889f15326372c7142ff17f65b6b5a51bfc0560cb29087d8a50e7fff;c6aa1b5f04111e547942d2c620cdd1ded92daf22f899635620d1ce56cb7ba956;1a042e1e401225d0c6910da4978ff02a34f3f715c0ac48fd1d2e03ef5cb00e31,solution in adopted AOT target batch; chemistry checked against frozen evaluation or preserved partial view
PaRoutes120,n1_2664,aotstar,True,closed,1,782084648ec14939a2087be4e8a9a29a83ca9c1560809bcbe2a9180c30e79d7b;075ad81cb2ce4748c060f05d77d888192d8d097084593c59236a32967ed53cd4;1a042e1e401225d0c6910da4978ff02a34f3f715c0ac48fd1d2e03ef5cb00e31,solution in adopted AOT target batch; chemistry checked against frozen evaluation or preserved partial view
PaRoutes120,n1_2879,aotstar,True,closed,1,8b79c87e857206b04871d857d193367902746e9248f3c19903a50f8d481a44d7;fabff094c250d3ce71c0e9f3190933e9ef8c0b87f4332379df6ca2afc8f90d39;1a042e1e401225d0c6910da4978ff02a34f3f715c0ac48fd1d2e03ef5cb00e31,solution in adopted AOT target batch; chemistry checked against frozen evaluation or preserved partial view
PaRoutes120,n1_3447,aotstar,True,closed,3,0918272c926b54d745f910fc4456ac672efc9c114972918e2e082e4609a4f5bb;2c1e0479168345904c0fd770fdb69c252cd1be2d8a390eacb126d9eb2711d175;1a042e1e401225d0c6910da4978ff02a34f3f715c0ac48fd1d2e03ef5cb00e31,solution in adopted AOT target batch; chemistry checked against frozen evaluation or preserved partial view
PaRoutes120,n1_3899,aotstar,False,open,5,10d274c314fd7edd6315ae077898ced1c9ac99960203a5235e45ba813bc67ab3;cb60e1adc283e81336822a2293b3f001575ed0acd485a96bcdcb31f0b7bf2330;cfc7f31a7e13ebe2f39008319249ad41bcf283f493420a6e6b17d1330830256c,solution in adopted AOT target batch; chemistry checked against frozen evaluation or preserved partial view
PaRoutes120,n1_4003,aotstar,False,no_route,0,811566f6a09444b9ba5f09eecd19373356443c01632f26f0d406ee5cc3434841;b09f18a78893c5e43c39ffa43ab350026fa3d313b9d095956c168c9e78d8cd92;911a98c009734bf9f86d8b23e7b2a5b7ca195bc08e944a8e8956876277ae5b0e,solution in adopted AOT target batch; chemistry checked against frozen evaluation or preserved partial view
PaRoutes120,n1_4140,aotstar,True,closed,1,aac9700267c9b690c8b8f164e92d9650112bd5cc08ac67279cbf46b7f833f78a;785062a42b6a839612b7b99f38d87c39d01635a83069b47ca5f8f64040fd0e99;1a042e1e401225d0c6910da4978ff02a34f3f715c0ac48fd1d2e03ef5cb00e31,solution in adopted AOT target batch; chemistry checked against frozen evaluation or preserved partial view
PaRoutes120,n1_4208,aotstar,True,closed,1,b9cad299fb4754f48d6c7cdcbbf1e70a1aae946bd3ccd116600c434a7eaa2f20;b789ec253a5efd37f226026a31c7f83726808d3b1ee3c8706bb72f37e5d98cdf;1a042e1e401225d0c6910da4978ff02a34f3f715c0ac48fd1d2e03ef5cb00e31,solution in adopted AOT target batch; chemistry checked against frozen evaluation or preserved partial view
PaRoutes120,n1_4328,aotstar,True,closed,1,277819b9eb35d721b0715a9606777a533a4983a44f765301f9eab56fa7e7f147;7133aa09523670ca0be9511864412c2f83a1e7955fbd1d4b65c7171d23018401;1a042e1e401225d0c6910da4978ff02a34f3f715c0ac48fd1d2e03ef5cb00e31,solution in adopted AOT target batch; chemistry checked against frozen evaluation or preserved partial view
PaRoutes120,n1_4823,aotstar,True,closed,1,f95917346de76132df49da12cabe933345c76db90040b76e6353c283477d71ad;43a90bdd5545e863caf32f34717cb8eba245f885bfe644c3f54f0e5472c14169;1a042e1e401225d0c6910da4978ff02a34f3f715c0ac48fd1d2e03ef5cb00e31,solution in adopted AOT target batch; chemistry checked against frozen evaluation or preserved partial view
PaRoutes120,n1_5245,aotstar,False,open,1,6264ac6cad80ab1d7b774fbffd8d7cc87e8c68156652a9a009719f6e1f973e2b;b6429d2edde34b9cdac8d6f1109f0a1cd58589ee5d40a5dc6882d598d5dc3fc6;8f13c067c961ced3e5bbc5cf37fdba770afbb4bdcbf67d215955a9a26b851b96,solution in adopted AOT target batch; chemistry checked against frozen evaluation or preserved partial view
PaRoutes120,n1_5357,aotstar,True,closed,2,6024c388d77e20dff0b59588d336fb77121f29ea8338ac1d6e1672a03cd9cc03;2a2b255c41970fb2ddcce9d4222a4992d3d555a4df1e56a94a446cf67bd5eaf6;1a042e1e401225d0c6910da4978ff02a34f3f715c0ac48fd1d2e03ef5cb00e31,solution in adopted AOT target batch; chemistry checked against frozen evaluation or preserved partial view
PaRoutes120,n1_5654,aotstar,True,closed,1,d7b0da344442f762ff9f0bf7a375eb0cc01ee46333335678fe9023ab8fc4dfea;f004c5ce61a6d6b57985770aed04b8ba060d229a9a9590c1ac1db602854c4e4d;1a042e1e401225d0c6910da4978ff02a34f3f715c0ac48fd1d2e03ef5cb00e31,solution in adopted AOT target batch; chemistry checked against frozen evaluation or preserved partial view
PaRoutes120,n1_5948,aotstar,True,closed,1,01627696ca65006dad7495bd9da12c7471a3b7d6c4b38286858fecd076302fdc;e291ca9d5ef236a3279068568fd3efd8551a7017a3b6b90e3bfa237562120e5d;1a042e1e401225d0c6910da4978ff02a34f3f715c0ac48fd1d2e03ef5cb00e31,solution in adopted AOT target batch; chemistry checked against frozen evaluation or preserved partial view
PaRoutes120,n1_6102,aotstar,False,no_route,0,3bec9c8b40395bed9ab492b36272c09ca02ad940cf1ce8edaa2cd5133f6c9127;40027ca8ade71120b5b44a2e48dd3d463e1788a36aa3aae0ae12aa79431cd484;6d0b2233856497676961411f6bd9fc3c9d1224206e3d2c802b635a21c84cfd08,solution in adopted AOT target batch; chemistry checked against frozen evaluation or preserved partial view
PaRoutes120,n1_6381,aotstar,True,closed,3,c3c6a416e7050353691a50855f96d5cad4b0c8f49757d7c1d68b3283b00a8ad4;d35f16a18ec3d21cc79d8d9c07dcb96c3c58bd002404cee0fe1ea371f5373691;1a042e1e401225d0c6910da4978ff02a34f3f715c0ac48fd1d2e03ef5cb00e31,solution in adopted AOT target batch; chemistry checked against frozen evaluation or preserved partial view
PaRoutes120,n1_6397,aotstar,True,closed,1,c9afc9731662244532d8ff949ebb0badbe9e1c084a768380826cb374a9d82acf;9c875d704e373d7c87f6e32f79b06145d667a5c69c26c91624ccc05520b815c4;1a042e1e401225d0c6910da4978ff02a34f3f715c0ac48fd1d2e03ef5cb00e31,solution in adopted AOT target batch; chemistry checked against frozen evaluation or preserved partial view
PaRoutes120,n1_6589,aotstar,True,closed,1,c6f617afb4b54789a74d4beac4d5562bfc26ee458898664a371215878b16b431;9251f2bab07dd2464cef2575cbf773a87de9b3ddb4552ae2eefb6ac4e1a81d10;1a042e1e401225d0c6910da4978ff02a34f3f715c0ac48fd1d2e03ef5cb00e31,solution in adopted AOT target batch; chemistry checked against frozen evaluation or preserved partial view
PaRoutes120,n1_6714,aotstar,True,closed,1,feeb7a787a97247f7dd6d2ae74133be1fc10dfdc233d33f01c1748fa5f644ad7;b145858d97ccd9edc22f3fe24bbe15132e03868b76f82220b107261374541aa1;1a042e1e401225d0c6910da4978ff02a34f3f715c0ac48fd1d2e03ef5cb00e31,solution in adopted AOT target batch; chemistry checked against frozen evaluation or preserved partial view
PaRoutes120,n1_6952,aotstar,True,closed,1,e16a452cd300526a59cca77c1ea35b1fdf2c502bc35c314c5b43c40b821d2f94;22598039a7c0b0e96cbfdde7ca8c24564e2cbb3d43fb9e4453cab2e8d8889bb4;1a042e1e401225d0c6910da4978ff02a34f3f715c0ac48fd1d2e03ef5cb00e31,solution in adopted AOT target batch; chemistry checked against frozen evaluation or preserved partial view
PaRoutes120,n1_7007,aotstar,False,open,1,3f39f2bcbf833001289a365be4f84e1b640243345d0c346673ff3f587d991ae5;4acfd9a801f16394c007c3852a05e96293a4dfeb14bbd6360486c81588a61115;b025b048a7713824b2fa2aa5f2868fdd35e2145eab04ac6f438df0f6f46822b3,solution in adopted AOT target batch; chemistry checked against frozen evaluation or preserved partial view
PaRoutes120,n1_7287,aotstar,True,closed,2,071f0bdc63963f3898adb808ff7be17cc77450fe563b6e36217f0bbc8d5da818;308ef82fe5ddfde1c2ea37d762bf14bcb12761027af4a7f84bda5dd8031f3f8b;1a042e1e401225d0c6910da4978ff02a34f3f715c0ac48fd1d2e03ef5cb00e31,solution in adopted AOT target batch; chemistry checked against frozen evaluation or preserved partial view
PaRoutes120,n1_7500,aotstar,True,closed,5,68fecdeadf4d2a7aa410e2be018569bc44626697f7ee29548665755956d1f8c5;6c9f728a4db93733c03457021e595dd4ae6e8c7d025d84287919fabd774c5a90;1a042e1e401225d0c6910da4978ff02a34f3f715c0ac48fd1d2e03ef5cb00e31,solution in adopted AOT target batch; chemistry checked against frozen evaluation or preserved partial view
PaRoutes120,n1_7553,aotstar,False,no_route,0,b7759255c1fb52950d359ce47c2d467e6f875efb1a836083fba10106b6d7439d,solution in adopted AOT target batch; chemistry checked against frozen evaluation or preserved partial view
PaRoutes120,n1_7678,aotstar,False,open,1,144d8869e01dd000ff27db0d4a1f436d7ae2275b63486ce49237892f937396da;e3dd469d49c11d0189889da66115efa72648c462e1c550c2bfe6595c1f63924d;ce1e72b789b0ab9729859eb6558f04579408ffcfeeec9c723a71926c6b82fc5e,solution in adopted AOT target batch; chemistry checked against frozen evaluation or preserved partial view
PaRoutes120,n1_7943,aotstar,True,closed,5,88901aaf4f1d8d9b305666efdf73f4c39333de1f8613b0db1ee98af60e4dd491;7f50c19e3c311e14abc0a144c2acc8ea4e9bb97f9d8724f54e717527e11c0757;1a042e1e401225d0c6910da4978ff02a34f3f715c0ac48fd1d2e03ef5cb00e31,solution in adopted AOT target batch; chemistry checked against frozen evaluation or preserved partial view
PaRoutes120,n1_8105,aotstar,True,closed,1,e283de2fb90be8748f26e58800aaaa16aec194c3cdef49a1a1688c0d1dbb1939;661241af352a0a54ac2452ac2ac7c637110cb9f04f14f00dcca635d2ebfc7b8e;1a042e1e401225d0c6910da4978ff02a34f3f715c0ac48fd1d2e03ef5cb00e31,solution in adopted AOT target batch; chemistry checked against frozen evaluation or preserved partial view
PaRoutes120,n1_8382,aotstar,True,closed,3,70bac258612c6e8aa34fb5f837526c31cfddf56a7669e7e5e65b85ae04d91ed4;107e6714d60b6bde15f219ea7181b3d52ebba5b0f65e7dfe2cfa42bfa4973ba0;1a042e1e401225d0c6910da4978ff02a34f3f715c0ac48fd1d2e03ef5cb00e31,solution in adopted AOT target batch; chemistry checked against frozen evaluation or preserved partial view
PaRoutes120,n1_8397,aotstar,False,no_route,0,94e49e7b11caf71949c571822fe211bd1a3bedb6c06636d0d74ebd4eb3cd8899,solution in adopted AOT target batch; chemistry checked against frozen evaluation or preserved partial view
PaRoutes120,n1_8498,aotstar,False,no_route,0,41601b1604b9a3fc150c1c61d69f95efbc32df61e13498815a0fa4c09495e09e;870a59c06e4c99ba4f33014d08a984219ef91d7377e60e478b9c13863ba250bd;cfa73be7f4acaf21213b4499342a128a67280c6b86895c5c414cf0010db11816,solution in adopted AOT target batch; chemistry checked against frozen evaluation or preserved partial view
PaRoutes120,n1_8613,aotstar,True,closed,1,68a6587b0fa6faa54eaf8f09bddfebd4880cdc51cef58de187a338fad75d2060;28733adf62c48d0942cf211f3ce3fe70a8129b9f1ca918377f06ed4e81a4c8c1;1a042e1e401225d0c6910da4978ff02a34f3f715c0ac48fd1d2e03ef5cb00e31,solution in adopted AOT target batch; chemistry checked against frozen evaluation or preserved partial view
PaRoutes120,n1_8633,aotstar,True,closed,3,5b482c046d7110fbed474d3a3cba7b0c04b364cb9c2fa727867752216c91f647;e44dd3c357db6cb8f9ee1127013b9a0a5be5d6ea29dcebe4632afecc37ef8115;1a042e1e401225d0c6910da4978ff02a34f3f715c0ac48fd1d2e03ef5cb00e31,solution in adopted AOT target batch; chemistry checked against frozen evaluation or preserved partial view
PaRoutes120,n1_8654,aotstar,True,closed,1,2ec4bd8f036d1e574e46581810b711bffc8aacfcc15058286d3043fb81e6582d;5986fdc2218ebdb75752183a5cc5e2b10cde444e3a5f09b650bb16751eb48eef;1a042e1e401225d0c6910da4978ff02a34f3f715c0ac48fd1d2e03ef5cb00e31,solution in adopted AOT target batch; chemistry checked against frozen evaluation or preserved partial view
PaRoutes120,n1_8725,aotstar,True,closed,1,873f84f0c645de5933fe1c72864e5582c67633b15ddd4b344e4607d59136539f;4444bcb6a7a5babe4983002c86cdfed9aaa491f0fc27374b1702b0617fcfc9a7;1a042e1e401225d0c6910da4978ff02a34f3f715c0ac48fd1d2e03ef5cb00e31,solution in adopted AOT target batch; chemistry checked against frozen evaluation or preserved partial view
PaRoutes120,n1_9128,aotstar,True,closed,1,6931287b87476bb5e6346fd326ab5aa4cbc749752a043a556622429229b69a4f;5e5324c47fca05133cc477d3348f6c69f946167e191a598826d33bbda48e50bd;1a042e1e401225d0c6910da4978ff02a34f3f715c0ac48fd1d2e03ef5cb00e31,solution in adopted AOT target batch; chemistry checked against frozen evaluation or preserved partial view
PaRoutes120,n1_9743,aotstar,False,open,5,8da0c4b03b595f254815b9666aa492dec26370e04fcc2dc46cac59c70158c0af;79152e2150377c042f41a937ea93f36ff84c8ec7cb7c201a9d8b123a6efbbcb4;37e4f941f119255a5c5fa12a4e3df00095b09553724ef047230418affdd3823b,solution in adopted AOT target batch; chemistry checked against frozen evaluation or preserved partial view
PaRoutes120,n1_9822,aotstar,True,closed,1,46b24ca3889e7266bf09935b9a89c52726f941ddb843a7759accfbf57ec6b284;13faf3ecb5a308fbf5e70e55eba69bafef7792b2da754522a9bf2bbcff2f531c;1a042e1e401225d0c6910da4978ff02a34f3f715c0ac48fd1d2e03ef5cb00e31,solution in adopted AOT target batch; chemistry checked against frozen evaluation or preserved partial view
PaRoutes120,n1_9869,aotstar,True,closed,1,0ce69a583a0969c871db2657a2781c8b111ad2bc8dde8a2a72806fc4b2243c6e;5dd1e332c09de7426b5c75d83382b6e9573ffda6032ff44cb9c39c85e4daa5e8;1a042e1e401225d0c6910da4978ff02a34f3f715c0ac48fd1d2e03ef5cb00e31,solution in adopted AOT target batch; chemistry checked against frozen evaluation or preserved partial view
PaRoutes120,n5_129,aotstar,False,open,6,537f96de921a0c96b7bc033c2248158d8d4c07180093bac70919d273a49be9b6;d09d051a67548d2b4117392331ae0ee3e5e0d0895ec915d3f77fa2b343cfc8a2;63bdfcb7703e990215b0f8036101ab84f80c8c971c3305a2692a7dc4a9b42594,solution in adopted AOT target batch; chemistry checked against frozen evaluation or preserved partial view
PaRoutes120,n5_234,aotstar,True,closed,3,b68c9792e416d182600ed3e30abf9f2a31d0eea83e0725ae01e78a338bcd7ba9;318bd5e0d94e6bb2480d034b30395d99b9f81f0ab13c8baf4f59b201a556647d;1a042e1e401225d0c6910da4978ff02a34f3f715c0ac48fd1d2e03ef5cb00e31,solution in adopted AOT target batch; chemistry checked against frozen evaluation or preserved partial view
PaRoutes120,n5_431,aotstar,True,closed,6,57365ef102759ab5f66193e1accf7a3559e2fd877df6cf82959838bda1742496;3cf0c154e7f69738c006a4fc049e537f56477f96857acff5fddefd0fddc01e56;1a042e1e401225d0c6910da4978ff02a34f3f715c0ac48fd1d2e03ef5cb00e31,solution in adopted AOT target batch; chemistry checked against frozen evaluation or preserved partial view
PaRoutes120,n5_441,aotstar,True,closed,2,f9c7052b3d40c8187342d39fdf0f0577d209b2de77282e7797a06bec9051b205;88790887f1d8836423cbff025bd416d10cd521949949915d40f66f665a1b6b4d;1a042e1e401225d0c6910da4978ff02a34f3f715c0ac48fd1d2e03ef5cb00e31,solution in adopted AOT target batch; chemistry checked against frozen evaluation or preserved partial view
PaRoutes120,n5_633,aotstar,True,closed,4,03e91eb498c9a764c640eafbeb7368447e1d83a069c6b6c7dc9c9329e06951b6;07811f37aa731dc34791b1401f92c2adb7891f86aacf50c06cf4d4d64269a253;1a042e1e401225d0c6910da4978ff02a34f3f715c0ac48fd1d2e03ef5cb00e31,solution in adopted AOT target batch; chemistry checked against frozen evaluation or preserved partial view
PaRoutes120,n5_659,aotstar,True,closed,2,effbddd88b92d4834629031ebf185451faeae9276e713e2033dd195247b70f3e;2f39c4319cc7600464f1f1e4e2269c10f88ff2cd4ae7b9a78513faf7baf5c216;1a042e1e401225d0c6910da4978ff02a34f3f715c0ac48fd1d2e03ef5cb00e31,solution in adopted AOT target batch; chemistry checked against frozen evaluation or preserved partial view
PaRoutes120,n5_880,aotstar,True,closed,2,9ee4f6a25f0d89c0bf2813d4da8e6ec1fe7b045c891c666e3f6d1750179c2338;67e5b774e6ce6fc077b9f72ffc85b52c9eac08efe62a2329d47fcc5a34b725fb;1a042e1e401225d0c6910da4978ff02a34f3f715c0ac48fd1d2e03ef5cb00e31,solution in adopted AOT target batch; chemistry checked against frozen evaluation or preserved partial view
PaRoutes120,n5_1096,aotstar,True,closed,1,77d5d63de8ce7befd346e7def5ac023519dffa4dfaecc2aaa5ffee3ffee8c04d;bca8f54dd92515886c09eddd2f8f450a950c6fa01bfa21176027a80102657ac4;1a042e1e401225d0c6910da4978ff02a34f3f715c0ac48fd1d2e03ef5cb00e31,solution in adopted AOT target batch; chemistry checked against frozen evaluation or preserved partial view
PaRoutes120,n5_1115,aotstar,True,closed,5,3ac246061faa78fd4b2b064c74863eb17683e045ded1ada9198b28353132ac8f;eab7a789f9997c7a578090c2bb445e1d5ec2b232f0d40fef90e6c1af9f38eaba;1a042e1e401225d0c6910da4978ff02a34f3f715c0ac48fd1d2e03ef5cb00e31,solution in adopted AOT target batch; chemistry checked against frozen evaluation or preserved partial view
PaRoutes120,n5_1276,aotstar,True,closed,2,f11157a2193c1aa8df04ba20656e3f4d7c96a2dc6a827767079fa3451f379a6e;51fd1e72cd549708514094b52c39e962de21bdaec622b4008317ad66733aa713;1a042e1e401225d0c6910da4978ff02a34f3f715c0ac48fd1d2e03ef5cb00e31,solution in adopted AOT target batch; chemistry checked against frozen evaluation or preserved partial view
PaRoutes120,n5_1298,aotstar,True,closed,2,6014239098dc19b063567850b0f6b227e6213b4427859eea143712b8cd615f99;f41bf7a43a5065856429c667f1897c7300952a3f882bb851a51eb3ee6d5be7f6;1a042e1e401225d0c6910da4978ff02a34f3f715c0ac48fd1d2e03ef5cb00e31,solution in adopted AOT target batch; chemistry checked against frozen evaluation or preserved partial view
PaRoutes120,n5_1391,aotstar,False,no_route,0,fc5fc241cb1e457510c86b2c26b6d34367c9e6ae422e7670b18ba8a7e5233220;81efce30be14cc146d8b702fd3e27c7a52934c90ca2597465ba64832eef10bc8;52c1b927e35024f1412671be39aeb40bb56d42c50b875582eeb8e412425e7ac9,solution in adopted AOT target batch; chemistry checked against frozen evaluation or preserved partial view
PaRoutes120,n5_1480,aotstar,True,closed,2,6981b263054f3b2e9fb0c5ddd8ae49aad1a491bd644a648f2862e67c749fe5be;f661790d187aecf0121ac59aa258af83a7a70dcc25272d7cc431d9550dd55bd0;1a042e1e401225d0c6910da4978ff02a34f3f715c0ac48fd1d2e03ef5cb00e31,solution in adopted AOT target batch; chemistry checked against frozen evaluation or preserved partial view
PaRoutes120,n5_1811,aotstar,True,closed,2,7553663a69394d6b63854164c6553732b88e3ac1c9129d9afcdfcbd51f6ff284;96f11f9b07bbc14710ef5f29268ada4f70e287e5071e50eda850bff311f59bef;1a042e1e401225d0c6910da4978ff02a34f3f715c0ac48fd1d2e03ef5cb00e31,solution in adopted AOT target batch; chemistry checked against frozen evaluation or preserved partial view
PaRoutes120,n5_2106,aotstar,True,closed,2,9dd0ac2d4d753ee3253bb2f90e10221d18a62042335b054f00a098fadbfbca24;73e67f2492d05c24e87709f2ef44a56efcda7c768ade7d81860c3e6ed0cdec7c;1a042e1e401225d0c6910da4978ff02a34f3f715c0ac48fd1d2e03ef5cb00e31,solution in adopted AOT target batch; chemistry checked against frozen evaluation or preserved partial view
PaRoutes120,n5_2120,aotstar,True,closed,1,21296cfba73cbfa188da003f418386418709fb9ce8bf27a1a90b5241f9da8632;231f02cb1a02e9a29c8a52ce94c449f66e88b71e2406440ab01e8053ae287b82;1a042e1e401225d0c6910da4978ff02a34f3f715c0ac48fd1d2e03ef5cb00e31,solution in adopted AOT target batch; chemistry checked against frozen evaluation or preserved partial view
PaRoutes120,n5_2488,aotstar,True,closed,1,b641c01e9c18d1af99b2f0808023b18f1b39f75812f8560eccef6ba3a9ead7c7;3c9eb698f13ef95dc2cc834118cedf57c79fb9fd1df13df53bea1acd5f0bb5b4;1a042e1e401225d0c6910da4978ff02a34f3f715c0ac48fd1d2e03ef5cb00e31,solution in adopted AOT target batch; chemistry checked against frozen evaluation or preserved partial view
PaRoutes120,n5_2779,aotstar,True,closed,1,a7e81d8237c6a4a0ac6c4d8740dcb0ebbfcef91364e8bfdb73ce65d2a7cd2192;60f294a3e415a55f4f78a5ed352ad342d58846cee2072e585d148f35889b234d;1a042e1e401225d0c6910da4978ff02a34f3f715c0ac48fd1d2e03ef5cb00e31,solution in adopted AOT target batch; chemistry checked against frozen evaluation or preserved partial view
PaRoutes120,n5_2816,aotstar,True,closed,2,147ac35eb28bb527d24b49b635b6b0fad9f14c1174f5d117630d09429ea18450;862c4f33822a04ffa30704b90ad048fd09a86ee4a2b10c0010613d83b05b474a;1a042e1e401225d0c6910da4978ff02a34f3f715c0ac48fd1d2e03ef5cb00e31,solution in adopted AOT target batch; chemistry checked against frozen evaluation or preserved partial view
PaRoutes120,n5_2817,aotstar,True,closed,2,57c7323a2b6be3584b9fed532b4abf9e7f03074a893389018489f3fa93cc9e58;0b12b17670fb6471f8a568c398632f4fe9392f7da8a4059082a1787794ed79ce;1a042e1e401225d0c6910da4978ff02a34f3f715c0ac48fd1d2e03ef5cb00e31,solution in adopted AOT target batch; chemistry checked against frozen evaluation or preserved partial view
PaRoutes120,n5_2847,aotstar,True,closed,3,709cb7b209cf771c3dce5e4ef1914769322dd9a7e621c99ccd77d60960b3c5cd;868ce713931d9d3c1f3a2175e5dd24aa04c7c36e1effc77f8346644b91a09f04;1a042e1e401225d0c6910da4978ff02a34f3f715c0ac48fd1d2e03ef5cb00e31,solution in adopted AOT target batch; chemistry checked against frozen evaluation or preserved partial view
PaRoutes120,n5_2879,aotstar,True,closed,3,12581fe71abd5537e4ac0d3ffdffd749b297825abb58d51eea1afd504815be0b;50be4f98f4ee9153849406e0f59e193afabc58683c89b11e6d97ef27dd215311;1a042e1e401225d0c6910da4978ff02a34f3f715c0ac48fd1d2e03ef5cb00e31,solution in adopted AOT target batch; chemistry checked against frozen evaluation or preserved partial view
PaRoutes120,n5_3042,aotstar,True,closed,5,b6022857f415bcb9c62de80c498321e7fa0a44e50b4fc2f2a7a0eff1447b2c51;95b87691c5215e6693424a13a5bad0d460a57eb64328d723c2f7c068093552c0;1a042e1e401225d0c6910da4978ff02a34f3f715c0ac48fd1d2e03ef5cb00e31,solution in adopted AOT target batch; chemistry checked against frozen evaluation or preserved partial view
PaRoutes120,n5_3622,aotstar,False,open,6,763f6c5d00530de6b6e089ebdf51e08263db50f059765274b8eebf742d987cfd;666326a2725aba222f75b5578cf4831afec94db839f83efb0e0710833a6f07c2;8641ef119786d528f08a525b51bc6ab0906ed3068f927b75312a2d4ebb38d232,solution in adopted AOT target batch; chemistry checked against frozen evaluation or preserved partial view
PaRoutes120,n5_3850,aotstar,True,closed,2,5f60a02cd603fbd0d9c59fed0eb69f0f32bfeee62e546c458bdb0b8acb93453b;4828614ea67bca48d4d7f0ebc861089268b3fbef37991539ac8994a9d87dbadc;1a042e1e401225d0c6910da4978ff02a34f3f715c0ac48fd1d2e03ef5cb00e31,solution in adopted AOT target batch; chemistry checked against frozen evaluation or preserved partial view
PaRoutes120,n5_3961,aotstar,True,closed,1,5b2d41326460653ea5f0857997e6cb6d9e319258e764adccee7d57f07c019c1f;6454b1d13a4ee237d0e9c4f12e4b8f6082f25412feb96fad3dd3dd3a363422ae;1a042e1e401225d0c6910da4978ff02a34f3f715c0ac48fd1d2e03ef5cb00e31,solution in adopted AOT target batch; chemistry checked against frozen evaluation or preserved partial view
PaRoutes120,n5_4003,aotstar,True,closed,2,09661465eb2df4f1e152eafa90810e8bde3b65e54c151554fb8f27527815bd6b;23384cda54d29a639f272107fb380fb61c36f29f612309b7ed785f1e933070ce;1a042e1e401225d0c6910da4978ff02a34f3f715c0ac48fd1d2e03ef5cb00e31,solution in adopted AOT target batch; chemistry checked against frozen evaluation or preserved partial view
PaRoutes120,n5_4017,aotstar,True,closed,4,c57bc10402a0065139319662a9b1dcb62fc780106982378716992601ac2554d5;b3d361196cece201d6f08e99cc180878e1783ed002817cbd1fb39f96d5dec8f3;1a042e1e401225d0c6910da4978ff02a34f3f715c0ac48fd1d2e03ef5cb00e31,solution in adopted AOT target batch; chemistry checked against frozen evaluation or preserved partial view
PaRoutes120,n5_4134,aotstar,True,closed,2,f5e798797aa548a7b9c4f2f4cbd5a0ba9f0badaa73b92bc0a38e3effc7e0d0de;01106d109182281f05a0a040785159c006bd324a74d93e4bb84898baf620f45f;1a042e1e401225d0c6910da4978ff02a34f3f715c0ac48fd1d2e03ef5cb00e31,solution in adopted AOT target batch; chemistry checked against frozen evaluation or preserved partial view
PaRoutes120,n5_4328,aotstar,True,closed,5,5c1c62081449016f54d707048f6514d39d926fca497d1358b332da2aa678889e;80cbbf372ac9731202f970633c31646651cdc5d5ce45fd380b525cac7b650790;1a042e1e401225d0c6910da4978ff02a34f3f715c0ac48fd1d2e03ef5cb00e31,solution in adopted AOT target batch; chemistry checked against frozen evaluation or preserved partial view
PaRoutes120,n5_4400,aotstar,True,closed,2,18ea0c7577b690022842a4fcbf92222b7f4d0ce75150c7cab9c61881d9b8eedf;b92c753f3cbb08887b63697fb890ee56c9529d433793bec65b0786886f348ebb;1a042e1e401225d0c6910da4978ff02a34f3f715c0ac48fd1d2e03ef5cb00e31,solution in adopted AOT target batch; chemistry checked against frozen evaluation or preserved partial view
PaRoutes120,n5_5256,aotstar,True,closed,2,74bf06a188158315915d428f6d0a4e36553b0f38e8b5f245910ade438970f94b;183712da642652cd19a7b16a8a0ec6573615da10d8075a9a9fe4bfa18f668f64;1a042e1e401225d0c6910da4978ff02a34f3f715c0ac48fd1d2e03ef5cb00e31,solution in adopted AOT target batch; chemistry checked against frozen evaluation or preserved partial view
PaRoutes120,n5_5306,aotstar,True,closed,1,822c319f9efb7dac727c185624167a9fdfade80af77173cc65aeb2d151fb3d61;f04bebd8dd17708dfb40badb3e510b1b89e64e6e6ac9904321c4b86a54cde8f6;1a042e1e401225d0c6910da4978ff02a34f3f715c0ac48fd1d2e03ef5cb00e31,solution in adopted AOT target batch; chemistry checked against frozen evaluation or preserved partial view
PaRoutes120,n5_5313,aotstar,True,closed,1,507a05fdd92fc9526773b37b30ff4009b448a431d790dd5fd061dd8f6af26e34;96738d34876618c85dc5220005072a0b2291f7231e4e0cc57768c676e75e96b7;1a042e1e401225d0c6910da4978ff02a34f3f715c0ac48fd1d2e03ef5cb00e31,solution in adopted AOT target batch; chemistry checked against frozen evaluation or preserved partial view
PaRoutes120,n5_5455,aotstar,False,no_route,0,84bec2f9519ea51b6fd87a28d4a6c610f40d7251834d1eea81a1e22c255a0545,solution in adopted AOT target batch; chemistry checked against frozen evaluation or preserved partial view
PaRoutes120,n5_5531,aotstar,True,closed,1,f5c8d4d02b654b0fc7aca64f960a2cc14d8467b277755f7da3de812a9793023d;c4279f289d6973225ad77b86d7ba035159d967608aa8b65eccaab38d530e5ffc;1a042e1e401225d0c6910da4978ff02a34f3f715c0ac48fd1d2e03ef5cb00e31,solution in adopted AOT target batch; chemistry checked against frozen evaluation or preserved partial view
PaRoutes120,n5_5628,aotstar,False,open,1,de95730b3b0a4ff99e79fdf0a2e9f81c6cdf619df3442186528f3c87f93d5ca5;8a0920daacc25ce07a0abe5c42b1d11680770da0e54c27171f12dc77cd2670bd;1c5c84853178fc3f1df10389401340b0cbe0a817e374ee79df3c00d2fdc03f81,solution in adopted AOT target batch; chemistry checked against frozen evaluation or preserved partial view
PaRoutes120,n5_5654,aotstar,False,open,7,432b9f24409466e3e7db96eacd7f8c303fd1450adbad340012b0e3049b80d05d;efc4b873b540f8b2a495b334ae92b402a41f562c43dd6b1610ddce153c71b2ff;3369d479f5b4e821467afcb9d3ac655caf01ca842f491f13f2270f137a44ac24,solution in adopted AOT target batch; chemistry checked against frozen evaluation or preserved partial view
PaRoutes120,n5_6004,aotstar,True,closed,1,cc2d9361e1e5fea57ecad61bd89a9b9b40e4a008b901a6effa9239dc71bcd874;fef676f73963ee88aabd58609a9c011c52b8ac8363ea53c6a8a8c246f4dd72a8;1a042e1e401225d0c6910da4978ff02a34f3f715c0ac48fd1d2e03ef5cb00e31,solution in adopted AOT target batch; chemistry checked against frozen evaluation or preserved partial view
PaRoutes120,n5_6115,aotstar,True,closed,2,e684e0dfa551376fed096af1e0a1a86d1c29eab0af3f5a10229356c75311f1ba;59b112c1d3658c9dc8953ec10086ef05cdba6f8f06111c9144c001ff746c820c;1a042e1e401225d0c6910da4978ff02a34f3f715c0ac48fd1d2e03ef5cb00e31,solution in adopted AOT target batch; chemistry checked against frozen evaluation or preserved partial view
PaRoutes120,n5_6397,aotstar,True,closed,1,10a6ca8e245c5643a475ebfdbf881e1c30e71524f0fead8cf08ec3994a1b29d2;25e9d90c97addea5bbc9d86a68417833f3d2e45955e1b0f3a27c220be232ed4c;1a042e1e401225d0c6910da4978ff02a34f3f715c0ac48fd1d2e03ef5cb00e31,solution in adopted AOT target batch; chemistry checked against frozen evaluation or preserved partial view
PaRoutes120,n5_6445,aotstar,False,no_route,0,b8f2b48666c27b8db22de45c65353423b4ed0682f93c6bb8575f8bbd41a80291,solution in adopted AOT target batch; chemistry checked against frozen evaluation or preserved partial view
PaRoutes120,n5_6541,aotstar,True,closed,1,d284ce3b9da04c497d26bddf6825116dfa8a55b25c81ab776260e3f840b6caac;7b7003dd26d425c39353ebc481f61f788821f74be110f2bf981a7945201aad96;1a042e1e401225d0c6910da4978ff02a34f3f715c0ac48fd1d2e03ef5cb00e31,solution in adopted AOT target batch; chemistry checked against frozen evaluation or preserved partial view
PaRoutes120,n5_6568,aotstar,True,closed,2,17e6eab444f7999e03906042046f3db3b6d3e3cb77cfe9d8d43d414124c95bc3;204b240da625d1e46cb43d34c3d931bf566ea0358ead1afe9d6bd4efd7bf3409;1a042e1e401225d0c6910da4978ff02a34f3f715c0ac48fd1d2e03ef5cb00e31,solution in adopted AOT target batch; chemistry checked against frozen evaluation or preserved partial view
PaRoutes120,n5_6926,aotstar,True,closed,2,155a9440e1512f377e35ffe5fcfb782b0a2dbb78b4b2e1a127232bb2f24b087a;e38116721146c5e94e7006586d8a7a27eae268b2b805d171c4c3954a4ef65f4e;1a042e1e401225d0c6910da4978ff02a34f3f715c0ac48fd1d2e03ef5cb00e31,solution in adopted AOT target batch; chemistry checked against frozen evaluation or preserved partial view
PaRoutes120,n5_7157,aotstar,True,closed,1,c0e6bf2b340d5e83f27a05d99e8c220c557166a99e0848a080e9fa9e0ce7c6e7;2e4844ca5af4108ba98f530aa4e8d53afdb85da850a73690e9cb6d8cb9d27044;1a042e1e401225d0c6910da4978ff02a34f3f715c0ac48fd1d2e03ef5cb00e31,solution in adopted AOT target batch; chemistry checked against frozen evaluation or preserved partial view
PaRoutes120,n5_7287,aotstar,True,closed,2,c2b488a167ec764d99b43f640f55ebe60af419a2cc9a30ecb9981b03756b3925;bcb41d5f077e24970280958100dc50ed10c5203ea68c63e19659bf9fb54f4985;1a042e1e401225d0c6910da4978ff02a34f3f715c0ac48fd1d2e03ef5cb00e31,solution in adopted AOT target batch; chemistry checked against frozen evaluation or preserved partial view
PaRoutes120,n5_7593,aotstar,True,closed,3,4efaffd44c025b73ce685d8d50de2b89e8c1bf001a6f8c68c76e27d5697bd97e;00ba2c9d3e090026142cdc992df45e647e32b0cf49f4121e673123a380110ff9;1a042e1e401225d0c6910da4978ff02a34f3f715c0ac48fd1d2e03ef5cb00e31,solution in adopted AOT target batch; chemistry checked against frozen evaluation or preserved partial view
PaRoutes120,n5_7630,aotstar,False,open,5,943e9d7f041fb9aa7d36bbfc098f4333fda0c51ada8582393b927d31ddfe9e57;0025babd3cc9790defa97c3123a80ecb4607a9f6a53e46a3c928e06a24e97a49;f4b78b28ded075c3f1d84758a38dcf4ac626c73915caf731c543cd7ec6f9cfa4,solution in adopted AOT target batch; chemistry checked against frozen evaluation or preserved partial view
PaRoutes120,n5_7685,aotstar,True,closed,2,09bc14fa57ef26ecb59d7b1256d0e6138e49be68dfced35c9e0b9e7d93ca1b0e;922caa6792638b4f79baffab590732b80c054f039b110d5d2ad5681f8f802fcf;1a042e1e401225d0c6910da4978ff02a34f3f715c0ac48fd1d2e03ef5cb00e31,solution in adopted AOT target batch; chemistry checked against frozen evaluation or preserved partial view
PaRoutes120,n5_7796,aotstar,False,open,1,7d7b45527c9ab6ee5c47c33f208dec5b3368c52bb776709731fb10ebe49662da;00a00d2e7b9fcac14443be9f1f0685d5672c82057197a23a8cdd03ec0200b80b;b4c3724b80cc48250d1ce8d2748c73cdfc8a370f5ec4b94c168243b48fa42731,solution in adopted AOT target batch; chemistry checked against frozen evaluation or preserved partial view
PaRoutes120,n5_7805,aotstar,False,open,3,95a5e6bc79019012af0fc1cf170413a1c3a442238e1d3f9b7229e1a7bedc5baf;06f8c1b326f176222bd82b3b6da527b2855a324402f4b238f54a85bcabb20fe9;05efdffd5e1597c82b819675a718acbcf8bec2900a50cf1db79179e30873de4c,solution in adopted AOT target batch; chemistry checked against frozen evaluation or preserved partial view
PaRoutes120,n5_7899,aotstar,True,closed,3,edf4b2beeaff801b2daf4f82b57028adc7132aa5664bb620dc71625863e1aab4;28f08d3d46c49f8d357265efc181cb17b76299c882fd008193e2de5188c7313a;1a042e1e401225d0c6910da4978ff02a34f3f715c0ac48fd1d2e03ef5cb00e31,solution in adopted AOT target batch; chemistry checked against frozen evaluation or preserved partial view
PaRoutes120,n5_7967,aotstar,True,closed,1,03f8baff0f07d616695c84fde4d10151e1c32dc38390092536e33ede0ed9fc16;6b1e80c1d3bfdc78fc62bcda2b2ffa5e66b05b607b612195e8d704ece2702418;1a042e1e401225d0c6910da4978ff02a34f3f715c0ac48fd1d2e03ef5cb00e31,solution in adopted AOT target batch; chemistry checked against frozen evaluation or preserved partial view
PaRoutes120,n5_8105,aotstar,True,closed,2,01fefdbf7c285012b99455f70b25fdae2d6536b750c78aa1e66d5f2603dab57d;ec762b26b77f66efc0adb5e493cd6ea9dbf12c22aceb85621c8ddc48dd231ef8;1a042e1e401225d0c6910da4978ff02a34f3f715c0ac48fd1d2e03ef5cb00e31,solution in adopted AOT target batch; chemistry checked against frozen evaluation or preserved partial view
PaRoutes120,n5_8189,aotstar,True,closed,1,980f1f98e058d4afbd3fe8f23a8cdfe22b14f615aaa197e17a9b40f902fab074;350e788a8d3768835c40614550dc86a397711822492f19d7f6b54a6c05e12fd1;1a042e1e401225d0c6910da4978ff02a34f3f715c0ac48fd1d2e03ef5cb00e31,solution in adopted AOT target batch; chemistry checked against frozen evaluation or preserved partial view
PaRoutes120,n5_8613,aotstar,True,closed,5,ea418f2c1d06487a617d95630c1ff28b5470d01a0ef321dbd3cbe3d7d77f4583;e4dc29074e479e491ef117a49b49a15afdcd06a758f559ddf81215f63c3ee8f1;1a042e1e401225d0c6910da4978ff02a34f3f715c0ac48fd1d2e03ef5cb00e31,solution in adopted AOT target batch; chemistry checked against frozen evaluation or preserved partial view
PaRoutes120,n5_8672,aotstar,True,closed,3,e12b2d9f1f329e197b09cb451ffe84b44e44363ee73cca70f79ee5875b1675dc;c55c1a031793544af49fb438ef832ba51e43edb94f729542b1c37ff8e1d7ac36;1a042e1e401225d0c6910da4978ff02a34f3f715c0ac48fd1d2e03ef5cb00e31,solution in adopted AOT target batch; chemistry checked against frozen evaluation or preserved partial view
PaRoutes120,n5_8918,aotstar,True,closed,1,472b93a5b5954520f9fee61aa34f9faf8a68ba8bd806cb8750fad3330003c08d;b3a9eb958479c8522f1ed2d3e041319b1faf8fd4817b32e136ded25dd23a1bc8;1a042e1e401225d0c6910da4978ff02a34f3f715c0ac48fd1d2e03ef5cb00e31,solution in adopted AOT target batch; chemistry checked against frozen evaluation or preserved partial view
PaRoutes120,n5_9093,aotstar,True,closed,9,c93f8a81e5b50c74aa919f1dc792776aaf06ce31d88fa3dbfda821bb225843d7;d3fa06b22cefb1ff3dec9a965c1d941c5f185757a7ddc7de9451608abf4e4f6d;1a042e1e401225d0c6910da4978ff02a34f3f715c0ac48fd1d2e03ef5cb00e31,solution in adopted AOT target batch; chemistry checked against frozen evaluation or preserved partial view
PaRoutes120,n5_9115,aotstar,True,closed,4,cc0cd86461fe62b0176c689fa60c86b23df9e40815e31fd70a2dc977716daa10;d36b0e96ea242a7879913bce8f89a3e75860550b4b35a49e437f1c089a6402bb;1a042e1e401225d0c6910da4978ff02a34f3f715c0ac48fd1d2e03ef5cb00e31,solution in adopted AOT target batch; chemistry checked against frozen evaluation or preserved partial view
PaRoutes120,n5_9145,aotstar,True,closed,3,e01a43d4f0b30dbac57ab20f7c37aebb29ada1cdaedaa71dad46d4a4984b9af3;3b69f1e01cf68884142f21f80fda0f5b5247a8b30e5a0289390cfe303401c667;1a042e1e401225d0c6910da4978ff02a34f3f715c0ac48fd1d2e03ef5cb00e31,solution in adopted AOT target batch; chemistry checked against frozen evaluation or preserved partial view
PaRoutes120,n5_9281,aotstar,True,closed,3,01db2fa98b05a4ddaf73c137fbf6bb07e4c82c061d6e5a98f24d6996ecd70feb;6de1ffca341419369fe64d9264f922daf6aabef9796a74ceab0fe50ee57df2c0;1a042e1e401225d0c6910da4978ff02a34f3f715c0ac48fd1d2e03ef5cb00e31,solution in adopted AOT target batch; chemistry checked against frozen evaluation or preserved partial view
PaRoutes120,n5_9293,aotstar,True,closed,1,d5beb12aaed10ce4b0637fd75a5b0b9bc89285cce2ff25293107b71590261840;dcd6764d8c2203abd0ac17c17bee17f8654de2a3bb903fc4fe18d2253cc61217;1a042e1e401225d0c6910da4978ff02a34f3f715c0ac48fd1d2e03ef5cb00e31,solution in adopted AOT target batch; chemistry checked against frozen evaluation or preserved partial view
PaRoutes120,n5_9501,aotstar,True,closed,3,ca431fa9a3dccce89ca13444afc150512264059969e7d61a36b5410de7bb830e;d51112f7daedca996943322ccf1bcaeead5a5fb83d996e9f5bf6ec30fdc5a94a;1a042e1e401225d0c6910da4978ff02a34f3f715c0ac48fd1d2e03ef5cb00e31,solution in adopted AOT target batch; chemistry checked against frozen evaluation or preserved partial view
PaRoutes120,n5_9628,aotstar,True,closed,1,1a112ae72cf606b805e728ed5ba6858c04d9fd6e16bd8e72f2a8c4e1e4b2ab43;fed3a3c33e97d69e5c80f3dfaef0cfbe17ed079e88ded9528ecf313fbc05bf02;1a042e1e401225d0c6910da4978ff02a34f3f715c0ac48fd1d2e03ef5cb00e31,solution in adopted AOT target batch; chemistry checked against frozen evaluation or preserved partial view
PaRoutes120,n5_9743,aotstar,True,closed,1,04d723fbb2774a0e3a660b6e5feeda52930012740338455d23c1a222c42909c2;ce3998c599eb71634ef61d7c2802870129fbcbb58ced2bc4c9cf9b914c6be652;1a042e1e401225d0c6910da4978ff02a34f3f715c0ac48fd1d2e03ef5cb00e31,solution in adopted AOT target batch; chemistry checked against frozen evaluation or preserved partial view
PaRoutes120,n5_9869,aotstar,True,closed,1,9a389b1bf11b1a2f23a625f888cdc43dde5a36337bd28ec0f8cd3816bb71ff82;4cc6b2fa72dd1beec7e6176a1a943f15bd2a28c265ad5de14df384c327072a93;1a042e1e401225d0c6910da4978ff02a34f3f715c0ac48fd1d2e03ef5cb00e31,solution in adopted AOT target batch; chemistry checked against frozen evaluation or preserved partial view
PaRoutes120,n5_9998,aotstar,True,closed,3,adb98c09649f9d45e97fa5c56594626c760601a56b7cb3cbf6b3a580ea6d3bbf;af303b2532abaacec07984ae237c06c71eb76f47dfd1fba8e7969c3a958a92fe;1a042e1e401225d0c6910da4978ff02a34f3f715c0ac48fd1d2e03ef5cb00e31,solution in adopted AOT target batch; chemistry checked against frozen evaluation or preserved partial view
PaRoutes120,n1_366,synthelite,True,closed,4,8f0db863b3a51c104cd7878c0cb73c3871df706ed534650c727fcd1810c52689;e5a71f50f9bd8328293021695505e4f764e8e47a51248c6d00c9e4d2a8349719,paper primary strict route; frozen route_index
PaRoutes120,n1_566,synthelite,True,closed,4,3e36133f27d40d55025d720b044c12d4d9afa55470beed27896a8fb5bb68bc48;e5a71f50f9bd8328293021695505e4f764e8e47a51248c6d00c9e4d2a8349719,paper primary strict route; frozen route_index
PaRoutes120,n1_659,synthelite,True,closed,6,babd7a9e59e1318da43cb4d6e189225e6bfa1713c4daaf0f795c4226442c9228;e5a71f50f9bd8328293021695505e4f764e8e47a51248c6d00c9e4d2a8349719,paper primary strict route; frozen route_index
PaRoutes120,n1_849,synthelite,True,closed,5,7f8cb621a1ae11b986b0673e7fb47d9f1c951f6b1772130416b0776e3e2280ba;e5a71f50f9bd8328293021695505e4f764e8e47a51248c6d00c9e4d2a8349719,paper primary strict route; frozen route_index
PaRoutes120,n1_883,synthelite,True,closed,5,83dc8520d365e3438a07c95a808bd06676ae2c548a1cabd48cd159832692a9b8;e5a71f50f9bd8328293021695505e4f764e8e47a51248c6d00c9e4d2a8349719,paper primary strict route; frozen route_index
PaRoutes120,n1_1020,synthelite,False,open,4,b23a743b026eaef300b9d1140bfe6b29608896a33a18aa6e18069748d184acd8;5c13c0db2d533df3cce1ecf70c606b8f652fae6ec2628a9c3e9f0958b728452e,no adopted strict route; first recorded co-best candidate by original route_index
PaRoutes120,n1_1096,synthelite,True,closed,2,ef29d5886f99517dfca6a2b5feca50f06b573f62488485ce1610e07319025485;e5a71f50f9bd8328293021695505e4f764e8e47a51248c6d00c9e4d2a8349719,paper primary strict route; frozen route_index
PaRoutes120,n1_1115,synthelite,True,closed,4,6aacb78d57e417bcd2fc60eada103f1a1b601a52f284b79feec1e070af569fa4;e5a71f50f9bd8328293021695505e4f764e8e47a51248c6d00c9e4d2a8349719,paper primary strict route; frozen route_index
PaRoutes120,n1_1276,synthelite,False,open,3,14da27136c341f8367d7aecdbbf12c1dd75ca16b14a0718decbfbda7a9d0fd78;05257e7c3e7716358d29fcdfc9716bd96fc93d15aa0df1a447cec4f65faee797,no adopted strict route; first recorded co-best candidate by original route_index
PaRoutes120,n1_1307,synthelite,True,closed,2,fbc48ad59b0091637792128d04d7e2813cd8b8147deb345619f723c8b0604188;e5a71f50f9bd8328293021695505e4f764e8e47a51248c6d00c9e4d2a8349719,paper primary strict route; frozen route_index
PaRoutes120,n1_1391,synthelite,True,closed,4,a7950126891b9ee50753a8572e8c835a1611c661f3e7c2c9c8551d389e5d69de;e5a71f50f9bd8328293021695505e4f764e8e47a51248c6d00c9e4d2a8349719,paper primary strict route; frozen route_index
PaRoutes120,n1_2261,synthelite,False,open,5,9f9c378ba853180cd1b35d7b3fe93a5c05eb8ab90d9c999abfe416caae360037;678c9ef62d16815c8faa05c0d8983aa4e2b7a624064a3f5cfa658dd7a704bb61,no adopted strict route; first recorded co-best candidate by original route_index
PaRoutes120,n1_2324,synthelite,False,open,3,08ea0aa756af556123ffb76dc102900661fed839f6173ea3303dca33aa948e56;a00567f3c211df25339ef9d17ba6022858de21f4459e893257a5f6684c21776e,no adopted strict route; first recorded co-best candidate by original route_index
PaRoutes120,n1_2500,synthelite,False,no_route,0,,
PaRoutes120,n1_2664,synthelite,True,closed,3,cae950027c1949fc261e989de20312cbefaa5d6610bedd6df85af10c19e287ea;e5a71f50f9bd8328293021695505e4f764e8e47a51248c6d00c9e4d2a8349719,paper primary strict route; frozen route_index
PaRoutes120,n1_2879,synthelite,True,closed,4,ed9687999244c1c360a6e4be805bdca7685a8ce17f88b01db841deb8d474010e;e5a71f50f9bd8328293021695505e4f764e8e47a51248c6d00c9e4d2a8349719,paper primary strict route; frozen route_index
PaRoutes120,n1_3447,synthelite,False,open,2,306751e218bc459c7becf4c7c7bba1181a4b96533e7814ce150708ef52251caf;1f106d55d9821f29487ae9f2ab86e574fed081780a532e98d5958ef6c77830b0,no adopted strict route; first recorded co-best candidate by original route_index
PaRoutes120,n1_3899,synthelite,False,no_route,0,,
PaRoutes120,n1_4003,synthelite,False,open,12,d9c20d72afb02f3cfd3e3b133910dd715a7ab069c5188e1a2b5d95c97fae489f;dd94904f23ffba34657652a79eebe067c0cd9da1fa6fba27640e9146009826af,no adopted strict route; first recorded co-best candidate by original route_index
PaRoutes120,n1_4140,synthelite,True,closed,4,aca4d5ae169f836b48d9a93259838063d825496d0281cbd5c269e59b3f2bfa05;e5a71f50f9bd8328293021695505e4f764e8e47a51248c6d00c9e4d2a8349719,paper primary strict route; frozen route_index
PaRoutes120,n1_4208,synthelite,False,no_route,0,,
PaRoutes120,n1_4328,synthelite,True,closed,3,201df9c0ca8b2a56db0d821d4249e9fd029b24821f203f0b62fc0113107f546e;e5a71f50f9bd8328293021695505e4f764e8e47a51248c6d00c9e4d2a8349719,paper primary strict route; frozen route_index
PaRoutes120,n1_4823,synthelite,True,closed,5,7e3ed20d31784ea67613f9637aec444cb3a8a799ee86c92487b6d7200323f9da;e5a71f50f9bd8328293021695505e4f764e8e47a51248c6d00c9e4d2a8349719,paper primary strict route; frozen route_index
PaRoutes120,n1_5245,synthelite,True,closed,3,f649d040b2d2de08a9216ec638479dddcbd7c63e885c38f59d497876ee64fa9e;e5a71f50f9bd8328293021695505e4f764e8e47a51248c6d00c9e4d2a8349719,paper primary strict route; frozen route_index
PaRoutes120,n1_5357,synthelite,False,no_route,0,,
PaRoutes120,n1_5654,synthelite,True,closed,4,c6e8d3e611041746a69f85b866be9782c1237ad4c2048d4cea156fa0b43e9b13;e5a71f50f9bd8328293021695505e4f764e8e47a51248c6d00c9e4d2a8349719,paper primary strict route; frozen route_index
PaRoutes120,n1_5948,synthelite,True,closed,1,9e8a0bb2e2f0afc78bb3ae7ef81b588033aaa7fb4f84197b3b9849fe2f8da87e;e5a71f50f9bd8328293021695505e4f764e8e47a51248c6d00c9e4d2a8349719,paper primary strict route; frozen route_index
PaRoutes120,n1_6102,synthelite,False,open,7,0dfda2c96a27feb33e427817b466b4bdf8d345326935d6931c8bbeca80bd2a67;a43eedc4bcb2f723f5d9158e6bfc70b68d5fac44a820dd5273df5093dcf477ad,no adopted strict route; first recorded co-best candidate by original route_index
PaRoutes120,n1_6381,synthelite,True,closed,10,763ec5793eb4dd0be44705a938dc348ab69e2150652d134df12d37d237e62b42;e5a71f50f9bd8328293021695505e4f764e8e47a51248c6d00c9e4d2a8349719,paper primary strict route; frozen route_index
PaRoutes120,n1_6397,synthelite,True,closed,1,e1669c731a58437fb8fa58b2e5f17d07781e38b4545abc8415cbeecf484c3857;e5a71f50f9bd8328293021695505e4f764e8e47a51248c6d00c9e4d2a8349719,paper primary strict route; frozen route_index
PaRoutes120,n1_6589,synthelite,True,closed,2,bb6be5fabd3698a0c8d79adc612084991ffadf8a0102750904e775e55771d7d3;e5a71f50f9bd8328293021695505e4f764e8e47a51248c6d00c9e4d2a8349719,paper primary strict route; frozen route_index
PaRoutes120,n1_6714,synthelite,True,closed,4,9fd240d175f31e0aa6cf5f3123f8a2f54b9b956135b94cf2e239796d3417e8c6;e5a71f50f9bd8328293021695505e4f764e8e47a51248c6d00c9e4d2a8349719,paper primary strict route; frozen route_index
PaRoutes120,n1_6952,synthelite,False,open,4,18f8aabd8dd0f70962d15bc8b66e0fc05e8fea600e0e8fc5f310ac22306c5670;fc2f88b196be4c03bddc3fa4f117a5c19fd3f2572dd099333d145557b3fc5fd2,no adopted strict route; first recorded co-best candidate by original route_index
PaRoutes120,n1_7007,synthelite,True,closed,2,61cb85522ac54f74e80286f2119deea32c40e7501061f758265a8d79efc38218;e5a71f50f9bd8328293021695505e4f764e8e47a51248c6d00c9e4d2a8349719,paper primary strict route; frozen route_index
PaRoutes120,n1_7287,synthelite,True,closed,4,b66e725054d8c2e7c72c9eca1c342849c11d89c03e9c2e61606f1b30fbb91ea9;e5a71f50f9bd8328293021695505e4f764e8e47a51248c6d00c9e4d2a8349719,paper primary strict route; frozen route_index
PaRoutes120,n1_7500,synthelite,False,no_route,0,,
PaRoutes120,n1_7553,synthelite,True,closed,1,1b8d6266b0153ef80cb3773eb13e48166e08eaa4d9c0c24b190fb671a77696d8;e5a71f50f9bd8328293021695505e4f764e8e47a51248c6d00c9e4d2a8349719,paper primary strict route; frozen route_index
PaRoutes120,n1_7678,synthelite,True,closed,5,f3f7345427db460a24641b10fc0a5d2480bbe885d8d0df8046156c92d96b724f;e5a71f50f9bd8328293021695505e4f764e8e47a51248c6d00c9e4d2a8349719,paper primary strict route; frozen route_index
PaRoutes120,n1_7943,synthelite,True,closed,5,ef5afa26a58a82a9271526c54cdb06a402e651ace37d6ed8ed057db8b127f1f3;e5a71f50f9bd8328293021695505e4f764e8e47a51248c6d00c9e4d2a8349719,paper primary strict route; frozen route_index
PaRoutes120,n1_8105,synthelite,True,closed,2,5f180779d0a7d416374ea20aa95305c6b03a24c47a30c5985cd5bfe1c86ccecb;e5a71f50f9bd8328293021695505e4f764e8e47a51248c6d00c9e4d2a8349719,paper primary strict route; frozen route_index
PaRoutes120,n1_8382,synthelite,False,open,8,3861554cbf7d649a8cbbf69733b14401b8953e47c6e7c808c27dbb46883728ff;aa014db4e1253d95b5d5f65e4c3b1e1a2aff39c7c4afc26cf62a6cde3c5c59b4,no adopted strict route; first recorded co-best candidate by original route_index
PaRoutes120,n1_8397,synthelite,False,open,4,e6fd50f3e7a0548a5cfeb36651fce390375f0df95ccaa3493b4f6c73d09f9daa;5a3c1e6384b5dda1e5ac337c6906725684a5439b04e110dd98aff34f4bce976b,no adopted strict route; first recorded co-best candidate by original route_index
PaRoutes120,n1_8498,synthelite,False,no_route,0,,
PaRoutes120,n1_8613,synthelite,True,closed,2,014503041b83d3bbc7d46cb115c1f268c80605b74f619dc6f141e41ace3da51d;e5a71f50f9bd8328293021695505e4f764e8e47a51248c6d00c9e4d2a8349719,paper primary strict route; frozen route_index
PaRoutes120,n1_8633,synthelite,True,closed,5,a610fb3876cd75c782e2a3fe97177564dcea783dd951ed342e159c8859f48342;e5a71f50f9bd8328293021695505e4f764e8e47a51248c6d00c9e4d2a8349719,paper primary strict route; frozen route_index
PaRoutes120,n1_8654,synthelite,True,closed,2,0c22ca90498e76af0a34c5d9616fcadb9f0eb9da1cf14c493e7c9a33819ae046;e5a71f50f9bd8328293021695505e4f764e8e47a51248c6d00c9e4d2a8349719,paper primary strict route; frozen route_index
PaRoutes120,n1_8725,synthelite,True,closed,5,bbcb102a38fd4fbc359d2bae23554d3a0051d50bfd7ea7fc7e202bb44f04cb43;e5a71f50f9bd8328293021695505e4f764e8e47a51248c6d00c9e4d2a8349719,paper primary strict route; frozen route_index
PaRoutes120,n1_9128,synthelite,True,closed,2,13c946f529b7a2a40da69496205af0ff328a8a9976404f32f47610f25e90c550;e5a71f50f9bd8328293021695505e4f764e8e47a51248c6d00c9e4d2a8349719,paper primary strict route; frozen route_index
PaRoutes120,n1_9743,synthelite,False,open,3,60bec00b9173c874ead436f6544b982fc900fca50dbc41ca490c83319f699ebf;2e3e493aeebb61217cdf12057a72835fca52c3ffeb0b0bdabfc527ad44ff15a0,no adopted strict route; first recorded co-best candidate by original route_index
PaRoutes120,n1_9822,synthelite,True,closed,3,2f1c1ba27f9e552ae02227eaf3bf1a72eb776b159bd8e5fa636d3de56aeb68d9;e5a71f50f9bd8328293021695505e4f764e8e47a51248c6d00c9e4d2a8349719,paper primary strict route; frozen route_index
PaRoutes120,n1_9869,synthelite,True,closed,1,d5b111a8d60b16f595918880e8220571a05aa3aa6025b65d4837b2a5b6aeede9;e5a71f50f9bd8328293021695505e4f764e8e47a51248c6d00c9e4d2a8349719,paper primary strict route; frozen route_index
PaRoutes120,n5_129,synthelite,False,open,3,6668477910499df6c99371db13d085452a0fae62896c18d061afe9ba67324d89;81569f6a9bd1721b475ed2c5aaa468a81a3f56f61f9597c1e016d39497d0e74a,no adopted strict route; first recorded co-best candidate by original route_index
PaRoutes120,n5_234,synthelite,True,closed,5,b86a2bad51b6950f16d664c0108587e5c8118286001c98f9c9f9362731680f1d;e5a71f50f9bd8328293021695505e4f764e8e47a51248c6d00c9e4d2a8349719,paper primary strict route; frozen route_index
PaRoutes120,n5_431,synthelite,False,open,6,319245d4011eb23dff3222716ab13ac07cd1573a374562923b9fcd388c81dff1;7536d01c4d23e70565f586778e1acc9333e2f9f0f32e130ecff2552f281a88b8,no adopted strict route; first recorded co-best candidate by original route_index
PaRoutes120,n5_441,synthelite,True,closed,5,49ecfb665947700f99d5aef26852eb2b34073a2c962b872e5e0f8c62ad3d9f3d;e5a71f50f9bd8328293021695505e4f764e8e47a51248c6d00c9e4d2a8349719,paper primary strict route; frozen route_index
PaRoutes120,n5_633,synthelite,True,closed,6,6d54b15c1d946361cf8c661ca550bed45320c0902b965cd1d491ae0319e23ee1;e5a71f50f9bd8328293021695505e4f764e8e47a51248c6d00c9e4d2a8349719,paper primary strict route; frozen route_index
PaRoutes120,n5_659,synthelite,False,open,2,2deb7f48e64ad02cbcf9b7ee0a8b2b946244773b3a2dde37d36974d7d3bc87e6;9d794f829915f0a5ef5286696a489897516429a4927b0f75293c59f00da1df86,no adopted strict route; first recorded co-best candidate by original route_index
PaRoutes120,n5_880,synthelite,True,closed,4,614e1a51d5fe50d195d4f9b0e5743f52c7b554ea73d6a3105cbfca9ff49ef67a;e5a71f50f9bd8328293021695505e4f764e8e47a51248c6d00c9e4d2a8349719,paper primary strict route; frozen route_index
PaRoutes120,n5_1096,synthelite,True,closed,5,281c99ebc1f51c2cc5c9a1cd1716101f19a34de0e2b924a0164472191c6bfdc6;e5a71f50f9bd8328293021695505e4f764e8e47a51248c6d00c9e4d2a8349719,paper primary strict route; frozen route_index
PaRoutes120,n5_1115,synthelite,True,closed,6,f99ac8afa03232f7a3b20c5d2647c82158e17695933ab8f2561a2b1805b15bb0;e5a71f50f9bd8328293021695505e4f764e8e47a51248c6d00c9e4d2a8349719,paper primary strict route; frozen route_index
PaRoutes120,n5_1276,synthelite,True,closed,5,55c2233e0d648413e41abcc47c983c7326738e799ecc4d63b6fd288a3c37d7e6;e5a71f50f9bd8328293021695505e4f764e8e47a51248c6d00c9e4d2a8349719,paper primary strict route; frozen route_index
PaRoutes120,n5_1298,synthelite,True,closed,8,51ee40c01171d0ad82c4ae5a6d1c26d81b304df8e2ae699e30c4916c61668168;e5a71f50f9bd8328293021695505e4f764e8e47a51248c6d00c9e4d2a8349719,paper primary strict route; frozen route_index
PaRoutes120,n5_1391,synthelite,False,open,5,0fda02e024d8c800ae50b3df8397751802f06f77906e57ed7c9c7e39b75ecf01;f94d2c55a6ee08a1630949fa9c11a6163bb5751c8ae84207a09a74ced7e692b0,no adopted strict route; first recorded co-best candidate by original route_index
PaRoutes120,n5_1480,synthelite,True,closed,4,4c43007879b50a2e12422427debd5e4863416517d8b092f99aa8ba80c7e2f927;e5a71f50f9bd8328293021695505e4f764e8e47a51248c6d00c9e4d2a8349719,paper primary strict route; frozen route_index
PaRoutes120,n5_1811,synthelite,False,open,8,79ccecf46c52b4b0f2ad7ef5dd89343228b8e0634d5f456c355b69443ee49a3b;5633971ce0990724199f56940bdb59344990ec7eb8ff9a91f02c9282b30c26c6,no adopted strict route; first recorded co-best candidate by original route_index
PaRoutes120,n5_2106,synthelite,True,closed,4,053514f1ffd04187de5511b1b46bb6dc96ff6a653d3b6b3724350c616502394a;e5a71f50f9bd8328293021695505e4f764e8e47a51248c6d00c9e4d2a8349719,paper primary strict route; frozen route_index
PaRoutes120,n5_2120,synthelite,True,closed,1,d87711c98fe3f99f4a46b70f620840961dc5327cc880240ce5037de5fe62b08c;e5a71f50f9bd8328293021695505e4f764e8e47a51248c6d00c9e4d2a8349719,paper primary strict route; frozen route_index
PaRoutes120,n5_2488,synthelite,True,closed,3,6251c220e5f36b6d3d053e8c3c433d81a3fa99304597df7650953a81a4cf7566;e5a71f50f9bd8328293021695505e4f764e8e47a51248c6d00c9e4d2a8349719,paper primary strict route; frozen route_index
PaRoutes120,n5_2779,synthelite,True,closed,13,2fea7ccc61b896a52e229f2dce4b1ceb038d7e29f75d6c8de02dc23493f26da6;e5a71f50f9bd8328293021695505e4f764e8e47a51248c6d00c9e4d2a8349719,paper primary strict route; frozen route_index
PaRoutes120,n5_2816,synthelite,True,closed,11,83861afd9a25e3d424735372c901634eaaf265cd766d0d73c4c1f295f7ea1e8e;e5a71f50f9bd8328293021695505e4f764e8e47a51248c6d00c9e4d2a8349719,paper primary strict route; frozen route_index
PaRoutes120,n5_2817,synthelite,True,closed,5,307f7acf3f287dc15626793ae9fb16668bb80d873c0ae6c7ab179d5409942dad;e5a71f50f9bd8328293021695505e4f764e8e47a51248c6d00c9e4d2a8349719,paper primary strict route; frozen route_index
PaRoutes120,n5_2847,synthelite,False,open,7,69448302f1047b1defb434f30444ece7c9db064d6d4243097fe37a60d0d86260;0c94307fb105eded5547bf625b992dc5350decd72a2b6f1270680e6206aed4f7,no adopted strict route; first recorded co-best candidate by original route_index
PaRoutes120,n5_2879,synthelite,False,open,3,4d63a57cd364b687a5536a8516754a70798f2ab01200edfa507e94d63df7bd51;ec2fa72d12381a9700fb594367c6c5267ff1208f72d10c96c6f146c44b09fe29,no adopted strict route; first recorded co-best candidate by original route_index
PaRoutes120,n5_3042,synthelite,True,closed,9,77e7bd3257707e182e14a9c007deaf2eeb40b57e71f96b6ffeb7c5570267e169;e5a71f50f9bd8328293021695505e4f764e8e47a51248c6d00c9e4d2a8349719,paper primary strict route; frozen route_index
PaRoutes120,n5_3622,synthelite,False,open,11,a46dd37575a2d593b47b667c4a35e42cba0e7882973e46196efe89501c61d9df;7b6678e306fc8c95b73ea6607fffea582d4bc45073651e9538bdbd0e7053501c,no adopted strict route; first recorded co-best candidate by original route_index
PaRoutes120,n5_3850,synthelite,False,open,8,d0ae6d457c2b15e54a8bac9d371775aaa23bb2e1b46640b1acb7dc12dc9ab8b6;285820ca07467dc2a3653201fe8906d6b9948adbb12e761c002a8d5d694cb94e,no adopted strict route; first recorded co-best candidate by original route_index
PaRoutes120,n5_3961,synthelite,True,closed,3,d9b51366b37592db3b10c47bc049c14c31708ffa28f43034fe274e097989fac5;e5a71f50f9bd8328293021695505e4f764e8e47a51248c6d00c9e4d2a8349719,paper primary strict route; frozen route_index
PaRoutes120,n5_4003,synthelite,True,closed,8,b1c6101fa34c863b09e869b79aa4917b6af9c04b69d0c174e8e2279a045cac98;e5a71f50f9bd8328293021695505e4f764e8e47a51248c6d00c9e4d2a8349719,paper primary strict route; frozen route_index
PaRoutes120,n5_4017,synthelite,True,closed,5,dc7124ca03f50e5fb30a383682d7adf8aec38cc42aa49db59fedf8a814f447d9;e5a71f50f9bd8328293021695505e4f764e8e47a51248c6d00c9e4d2a8349719,paper primary strict route; frozen route_index
PaRoutes120,n5_4134,synthelite,True,closed,6,37a6dd159da5f9f99e54f8eb543058320298e05b328f381b60c60c5e75749fa2;e5a71f50f9bd8328293021695505e4f764e8e47a51248c6d00c9e4d2a8349719,paper primary strict route; frozen route_index
PaRoutes120,n5_4328,synthelite,False,open,5,85faac965d88e0ff6f4cccb8cd4e5fc12b9b53b0ea3f3751dc24624e76243f09;eec5c6c0f4df638f3fb2bc8ee29c524495f60676b66b3ab89a4f6be72f52d009,no adopted strict route; first recorded co-best candidate by original route_index
PaRoutes120,n5_4400,synthelite,True,closed,6,0e7335237633bee364741e102a4fb0859a27aab7c2d07d292fce04fd61d9c41a;e5a71f50f9bd8328293021695505e4f764e8e47a51248c6d00c9e4d2a8349719,paper primary strict route; frozen route_index
PaRoutes120,n5_5256,synthelite,True,closed,2,0a94674256019cdcd212cbd6bdfbbf975dc9dddd4a6fd2c6d2dd22c38ef0fc23;e5a71f50f9bd8328293021695505e4f764e8e47a51248c6d00c9e4d2a8349719,paper primary strict route; frozen route_index
PaRoutes120,n5_5306,synthelite,False,open,1,292f464df554a4e758a489c7bef6e46cf39ab9561bc94e7fc4f105b4f229328d;05eb8c5836da5e3e32b6676eb077e79803385cf4c86746b5c96757b04c8ddf3f,no adopted strict route; first recorded co-best candidate by original route_index
PaRoutes120,n5_5313,synthelite,True,closed,2,0fe2a6fa79bbb8397829e1059904177776beae4bcf15c2e1f7cf36a6239bc3c5;e5a71f50f9bd8328293021695505e4f764e8e47a51248c6d00c9e4d2a8349719,paper primary strict route; frozen route_index
PaRoutes120,n5_5455,synthelite,True,closed,2,a75f1e7f8656a4ff9a381642d27657168c305097c566db676c096c505f777414;e5a71f50f9bd8328293021695505e4f764e8e47a51248c6d00c9e4d2a8349719,paper primary strict route; frozen route_index
PaRoutes120,n5_5531,synthelite,True,closed,3,bb21b33227f2646fc80de89f4a54511d99b33f940c3f60cdcde55180d111445a;e5a71f50f9bd8328293021695505e4f764e8e47a51248c6d00c9e4d2a8349719,paper primary strict route; frozen route_index
PaRoutes120,n5_5628,synthelite,True,closed,2,5cf2dbaad2d08cfa491f8e18158c4972ed067abea382cc0091eba8dcbe75a007;e5a71f50f9bd8328293021695505e4f764e8e47a51248c6d00c9e4d2a8349719,paper primary strict route; frozen route_index
PaRoutes120,n5_5654,synthelite,False,no_route,0,,
PaRoutes120,n5_6004,synthelite,False,no_route,0,,
PaRoutes120,n5_6115,synthelite,True,closed,3,02414f57fa834498907091e733b79374b05b655a02c59c85b4f24e449d3602b7;e5a71f50f9bd8328293021695505e4f764e8e47a51248c6d00c9e4d2a8349719,paper primary strict route; frozen route_index
PaRoutes120,n5_6397,synthelite,True,closed,2,28753875176c1fbe0557fe0a0dd4d5178767a1a3e301e31a2fd4c1a95f3c5376;e5a71f50f9bd8328293021695505e4f764e8e47a51248c6d00c9e4d2a8349719,paper primary strict route; frozen route_index
PaRoutes120,n5_6445,synthelite,True,closed,4,25f01a07fb13814c5218bb9d59f061667e106e6cc7653b693622393065abb5dd;e5a71f50f9bd8328293021695505e4f764e8e47a51248c6d00c9e4d2a8349719,paper primary strict route; frozen route_index
PaRoutes120,n5_6541,synthelite,False,open,4,ebf2754a18e8499069c2f250575c50fe58686bfba1f670543da6ce632e9c106c;65369dc580faf430a4c1aabaaad06544c575479412ecc1939f079147ad86c46b,no adopted strict route; first recorded co-best candidate by original route_index
PaRoutes120,n5_6568,synthelite,False,open,2,fadd14d1d4b2fc4a7d7301bc15808f6e654777c8d0026c0aa3de6956d935c3bf;b92dd9c1c1a901568fcc882ca031a9ffe828c52c6e9e9a68d5ba6b625b223e6c,no adopted strict route; first recorded co-best candidate by original route_index
PaRoutes120,n5_6926,synthelite,True,closed,3,8518b243215147381387cc3b1cb7a5c627fb9ccc64a9ef74ca42a13226631f70;e5a71f50f9bd8328293021695505e4f764e8e47a51248c6d00c9e4d2a8349719,paper primary strict route; frozen route_index
PaRoutes120,n5_7157,synthelite,True,closed,1,b2799f499117bdba99501e779901e32f90beecc9667f404efe9830304be80428;e5a71f50f9bd8328293021695505e4f764e8e47a51248c6d00c9e4d2a8349719,paper primary strict route; frozen route_index
PaRoutes120,n5_7287,synthelite,True,closed,3,49db16c76bb3ab34176b0c5874c1ebd2b9ecc15209d71a9231f38638d531d37a;e5a71f50f9bd8328293021695505e4f764e8e47a51248c6d00c9e4d2a8349719,paper primary strict route; frozen route_index
PaRoutes120,n5_7593,synthelite,True,closed,4,3a0d16a5c9d511f3d0b73853d6afd79294d9d61d2e2e5ba6c064800894abd877;e5a71f50f9bd8328293021695505e4f764e8e47a51248c6d00c9e4d2a8349719,paper primary strict route; frozen route_index
PaRoutes120,n5_7630,synthelite,True,closed,7,2ef67230788f11bcf2f9e88dc655af3f27e84633b2708a43042a68e20d056b77;e5a71f50f9bd8328293021695505e4f764e8e47a51248c6d00c9e4d2a8349719,paper primary strict route; frozen route_index
PaRoutes120,n5_7685,synthelite,False,open,5,8cbdd83fa945265c3a590564a1957e44636dd166e913348fee668593389ce597;fa32006702932c9e4ea7de40f3d228bc34c354fd27ba15b14b4905920d014dad,no adopted strict route; first recorded co-best candidate by original route_index
PaRoutes120,n5_7796,synthelite,True,closed,2,2cf61bfcf84814a4eca8b2eea45f5a691b24830e999eb32f8fd6cb851cf57174;e5a71f50f9bd8328293021695505e4f764e8e47a51248c6d00c9e4d2a8349719,paper primary strict route; frozen route_index
PaRoutes120,n5_7805,synthelite,False,open,1,2a5f9f6bfd99b7d4ac57c72d7fcac9a8b8dfdf4756a0c0c31f330ee13bbb1fe1;2142f164403dd65ded566b1952c6387512fa22ceba62f6da9a75e0fd62cd12ed,no adopted strict route; first recorded co-best candidate by original route_index
PaRoutes120,n5_7899,synthelite,True,closed,3,2814f5294071dc4688e46f2bb5f91e6a6f421ccc13b8f42d2c20c06c91fc94a4;e5a71f50f9bd8328293021695505e4f764e8e47a51248c6d00c9e4d2a8349719,paper primary strict route; frozen route_index
PaRoutes120,n5_7967,synthelite,True,closed,2,fad4b71d9a4a1d0b3abfd4f8601a82bffa91359df8d599a0d7110e3eafacc8e1;e5a71f50f9bd8328293021695505e4f764e8e47a51248c6d00c9e4d2a8349719,paper primary strict route; frozen route_index
PaRoutes120,n5_8105,synthelite,False,open,3,6e9c629d7ae5547fd87d6cfff0d11b30c8a5e847d0d03997a9b4279d83582c1e;2ae9ebc73e7e03f2bf9f1b14899a3a5b997b4356943dcfaf9e64a83419194f59,no adopted strict route; first recorded co-best candidate by original route_index
PaRoutes120,n5_8189,synthelite,True,closed,1,0017681982dee95fc10b79fed27e37cb61e39a1652ad8c884d2d615c42c6cea0;e5a71f50f9bd8328293021695505e4f764e8e47a51248c6d00c9e4d2a8349719,paper primary strict route; frozen route_index
PaRoutes120,n5_8613,synthelite,True,closed,7,e1e3ce0d5d012c932d0ceb3e7fa78cbee2f9b7c4c30b962e3e80468c18fb1d77;e5a71f50f9bd8328293021695505e4f764e8e47a51248c6d00c9e4d2a8349719,paper primary strict route; frozen route_index
PaRoutes120,n5_8672,synthelite,False,open,5,1d30290829b5be83c5752f514e12e1a7d3c9baf6598f73c4f042c4952b9eb68a;6066a2baf6bc53f58493e6a727ae76a0b3885446863bca2caef4811216500b5f,no adopted strict route; first recorded co-best candidate by original route_index
PaRoutes120,n5_8918,synthelite,True,closed,4,d8652cceed69633d542875d35169f4dd0a6b169c737e78923236ef31bc8d21b1;e5a71f50f9bd8328293021695505e4f764e8e47a51248c6d00c9e4d2a8349719,paper primary strict route; frozen route_index
PaRoutes120,n5_9093,synthelite,True,closed,3,56ba5d7786b0725ca97b53ffe72d5b46b902da691ce2982340608041410423e5;e5a71f50f9bd8328293021695505e4f764e8e47a51248c6d00c9e4d2a8349719,paper primary strict route; frozen route_index
PaRoutes120,n5_9115,synthelite,True,closed,5,57a9f7b7b5737a537cdfb0a012882c975095dfcfb852b2bdb492933f9db2f21d;e5a71f50f9bd8328293021695505e4f764e8e47a51248c6d00c9e4d2a8349719,paper primary strict route; frozen route_index
PaRoutes120,n5_9145,synthelite,True,closed,5,e393e25fb4d9e47873f55ce3e95191ae74ba4939b3fbcd8bd72a671857f0973a;e5a71f50f9bd8328293021695505e4f764e8e47a51248c6d00c9e4d2a8349719,paper primary strict route; frozen route_index
PaRoutes120,n5_9281,synthelite,True,closed,2,96ae2058444e9344c32c17d8160724f12fb35dd1bc5bb99b91846f3d4ddaf564;e5a71f50f9bd8328293021695505e4f764e8e47a51248c6d00c9e4d2a8349719,paper primary strict route; frozen route_index
PaRoutes120,n5_9293,synthelite,True,closed,1,413b5da262ecb60e422d93df86aec708fe6e135fc6a164d42a45cb15dcaf9840;e5a71f50f9bd8328293021695505e4f764e8e47a51248c6d00c9e4d2a8349719,paper primary strict route; frozen route_index
PaRoutes120,n5_9501,synthelite,False,open,6,778fdb6de60b65dbfbabae60aac308a445ee8347fb53ff589f90ddb9bc9f3441;c6dfa414600dc09db906be1fce8553511bd4f28bd7f5540d781a213f1b3cd4e0,no adopted strict route; first recorded co-best candidate by original route_index
PaRoutes120,n5_9628,synthelite,True,closed,2,442a4509f2cfaf68df1f5d8214d9334fadfec44b51f2e3eed3a704d449e192fa;e5a71f50f9bd8328293021695505e4f764e8e47a51248c6d00c9e4d2a8349719,paper primary strict route; frozen route_index
PaRoutes120,n5_9743,synthelite,True,closed,2,b759d269eb9b0958891370c1c0d60452884e621478785eec95636002283ffc97;e5a71f50f9bd8328293021695505e4f764e8e47a51248c6d00c9e4d2a8349719,paper primary strict route; frozen route_index
PaRoutes120,n5_9869,synthelite,True,closed,1,9b2df53fa1c469900a3fc00149731f28043bff541bee6c90f77d19200f931edd;e5a71f50f9bd8328293021695505e4f764e8e47a51248c6d00c9e4d2a8349719,paper primary strict route; frozen route_index
PaRoutes120,n5_9998,synthelite,True,closed,4,2fa01e5aac0971432bf28ab57528bd7e3754f6a276b8001de66c0c6b6d608f28;e5a71f50f9bd8328293021695505e4f764e8e47a51248c6d00c9e4d2a8349719,paper primary strict route; frozen route_index
PaRoutes120,n1_366,rachel,True,closed,7,8b787a4b031ef22a5cc37865bcfd422c815ec23c27d2663a7b0622b50369eee8,frozen native final tree
PaRoutes120,n1_566,rachel,True,closed,11,8db6d2837a5f95da4dad45955ea150f8b56710a19ef6e95cad4ea7fe2caffb70,frozen native final tree
PaRoutes120,n1_659,rachel,True,closed,10,0583971f5446e4c00790053e0e1856a003b1591d8b04368b46448948fdde10ca,frozen native final tree
PaRoutes120,n1_849,rachel,True,closed,8,f24550e128014c5a6963e118c831ff13de75ed3ca1bb205949e19434c5b682f2,frozen native final tree
PaRoutes120,n1_883,rachel,False,open,3,24fecba8f0a9acff931271f66a424aa5d971e999732526a3f6e5ae1bec889a23,frozen native final tree
PaRoutes120,n1_1020,rachel,True,closed,9,b8d996b72ccaecd7aa67649ea966cff9d9f726195d59e3a03f0b0e2ceda55d4d,frozen native final tree
PaRoutes120,n1_1096,rachel,True,closed,6,1d81ddb2d2ba87f4a74d136dc3c20d9699a84f775ad5dd2f6f7b9b94fcec3012,frozen native final tree
PaRoutes120,n1_1115,rachel,False,open,4,13c13e20eedc91178ad19db79266dabe3707e859dc72dc33076d253de0796e30,frozen native final tree
PaRoutes120,n1_1276,rachel,True,closed,8,2bdf0056eabb660ded53515b3ab6afbbddf219009050959717318e7e4603460d,frozen native final tree
PaRoutes120,n1_1307,rachel,True,closed,2,802765ab348600854762c80b8151885f47650f03815cafbf61b0c5fdc78b15f4,frozen native final tree
PaRoutes120,n1_1391,rachel,True,closed,5,69dd95e9793cb7d66712b0d91955fab7a9e2b8c6f399e1252d35a65a97924b0c,frozen native final tree
PaRoutes120,n1_2261,rachel,True,closed,9,67bf303413c3b6f476ee9058bfd1942be26c66a20339253b9a2af5abe626112d,frozen native final tree
PaRoutes120,n1_2324,rachel,True,closed,11,2ea8dc867fac7383951f7ee73b2879093c13fa0fd2568fcfc435bb4ce3cc051a,frozen native final tree
PaRoutes120,n1_2500,rachel,True,closed,6,75df7d1a2cd44133a321455642b73b3d341a4c7beaec9f71bd120ca214b768bc,frozen native final tree
PaRoutes120,n1_2664,rachel,True,closed,6,9b702509bb61be8ac85781802832930e72cc8498850e3702e68f43d15a3fcc4c,frozen native final tree
PaRoutes120,n1_2879,rachel,True,closed,6,25c6e85ce0d50ef41a40a4c2de66d017e7d89144850c14088d613ec3abd62f4e,frozen native final tree
PaRoutes120,n1_3447,rachel,True,closed,5,9b84b2b74570e486116fe0636b232f0a2337cb6254fed91422368adb2cc740fe,frozen native final tree
PaRoutes120,n1_3899,rachel,True,closed,5,f33deeb0eeb31756c5c37657019ebf969666eb8d61b3c95c480e91138613d443,frozen native final tree
PaRoutes120,n1_4003,rachel,True,closed,9,a1715c05ddbc840375d53c10ded3e1d77368fd52aff27717d5957774abd8dc8e,frozen native final tree
PaRoutes120,n1_4140,rachel,True,closed,4,4276555652d8b38fda2af8577fac2a941e75caf5880146bb8c4d835ac3a2f8e7,frozen native final tree
PaRoutes120,n1_4208,rachel,True,closed,4,953e27a470fd583f7769df233bc4979dd0946a1f8168956f683648c97278171e,frozen native final tree
PaRoutes120,n1_4328,rachel,True,closed,6,ae8c1441b901d093352e3e4f5847b6ea4fec23483090b840e21a953a88597d3c,frozen native final tree
PaRoutes120,n1_4823,rachel,True,closed,4,77582ac1feb995e0dad6bb2d702b4cd6c069be969d40b9d88657a16b5fdf42a0,frozen native final tree
PaRoutes120,n1_5245,rachel,True,closed,4,14db2d94ce1274e625d6eb1fd5c2017d7dc76bd36ee6c514070173ec16086aa9,frozen native final tree
PaRoutes120,n1_5357,rachel,False,open,8,3f029f7c8f7ee27bf70884a5ab8723bdbd6f91daf844f520ec1ffaa959290888,frozen native final tree
PaRoutes120,n1_5654,rachel,True,closed,5,39f726aa641de157f7c801f5ef600e0786c94acbb4f6e52d8b9976eaef4ef355,frozen native final tree
PaRoutes120,n1_5948,rachel,True,closed,3,893b389a59959bb2e88655d461e14631dc920a7aee181d941a219bc8b2d00645,frozen native final tree
PaRoutes120,n1_6102,rachel,False,open,13,f1f01725041c6390c9775f86589dd40dd7b66bb72b87736f84ed2ed63ccf932d,frozen native final tree
PaRoutes120,n1_6381,rachel,False,open,6,642cc0a1830eae94bf723e3891bab6dfc3ad599863455fb9946cad97e325135c,frozen native final tree
PaRoutes120,n1_6397,rachel,True,closed,6,fbcbff2e979da306a604c39757927a0eb93f86b5116ccef40a0730514069e379,frozen native final tree
PaRoutes120,n1_6589,rachel,True,closed,3,18f13b04f989a93ba80611f955aa61763dbfd86a55940e3c2c4f49d22a78d6dc,frozen native final tree
PaRoutes120,n1_6714,rachel,True,closed,3,19b35defdcd4595370a6b968df97cfafc1c651ea7a089a5bd4a1af6ffb26b13f,frozen native final tree
PaRoutes120,n1_6952,rachel,True,closed,8,8c4b642c22b7980378fa28c1051bab07cfebb83bad569501b925e46c6a542f5f,frozen native final tree
PaRoutes120,n1_7007,rachel,True,closed,4,d81a7afd43617a6ed6713f5307a547196f53dad9fbd96ea6f3256dc3e9401b3b,frozen native final tree
PaRoutes120,n1_7287,rachel,True,closed,6,2fef32b49a89d4e2a8609244997d9848a1c3fdfd0b004b5f60ed1f22425400ac,frozen native final tree
PaRoutes120,n1_7500,rachel,True,closed,4,9b38e63dc35fb2a9d15bc3f557f459bcd7c104f60af1090248efc99274ef2b1b,frozen native final tree
PaRoutes120,n1_7553,rachel,True,closed,4,13b3aae5d39e83773f1e8f5aa630c0420e030e1e27b0c84a8f66c5b304d48d61,frozen native final tree
PaRoutes120,n1_7678,rachel,True,closed,5,8bf4bbb0b7178ac3b180e5e4db37dd52316b61eb55b98541ad6ff9fc45065c7a,frozen native final tree
PaRoutes120,n1_7943,rachel,True,closed,6,e4d160f76947a121cfa3e4a426757f73d24e19c16c66049727e22f72da036735,frozen native final tree
PaRoutes120,n1_8105,rachel,True,closed,3,35a43bbdd87d6e9b66ac7c0ec1c73c24e51700400eee7e79cd58c8ecb07ef217,frozen native final tree
PaRoutes120,n1_8382,rachel,True,closed,11,4793c90ab4970a294f857de8175e818b0c5b0691662b46785810c93a619c45c4,frozen native final tree
PaRoutes120,n1_8397,rachel,True,closed,7,0cbbc6d115748816f6f287dded62a005db23d745413be999654c4d33057bfc50,frozen native final tree
PaRoutes120,n1_8498,rachel,True,closed,5,ad58fdf0b85275ba3ffbe1e822e0b13b60d26686352d9c1e7f8bbb84491de8c4,frozen native final tree
PaRoutes120,n1_8613,rachel,True,closed,8,3721dc85c8444b29b0e5562a611331f46b0f970e4afbf90a60ca766f5a8e9576,frozen native final tree
PaRoutes120,n1_8633,rachel,True,closed,4,b616350a9661515d540c6180879f27a084a25857705c4bd5ada928fe3020c041,frozen native final tree
PaRoutes120,n1_8654,rachel,True,closed,5,64b46aae523f2463bdfb7bf2db042a4b54cca14d30e15d53353c8ad36bc1dae5,frozen native final tree
PaRoutes120,n1_8725,rachel,True,closed,10,68bce556bcb706ace9d9393742fdbff3de0af1805443390036f79f6a4ae4ad80,frozen native final tree
PaRoutes120,n1_9128,rachel,True,closed,2,fe61424cfbca9f31b2472aee632160476bf781775b20e3163782461587c45e10,frozen native final tree
PaRoutes120,n1_9743,rachel,True,closed,6,86560d2cc88ec031924280db89b9732f9bd81ee76fec6da8eb949cfe713d374d,frozen native final tree
PaRoutes120,n1_9822,rachel,True,closed,4,2d08a3656072bd07c03946e89cb78eb4625026a68e63b5c0c58bcf178b9887d5,frozen native final tree
PaRoutes120,n1_9869,rachel,True,closed,2,5d0f6696f92bdcf35582d241234b2a00f0ad1f01ae963236c02fba4dd3010733,frozen native final tree
PaRoutes120,n5_129,rachel,False,open,10,8aaaca948ee6f841407814be656e4c876fa6c48d81a3f4e37e503c9f2bfaeaaa,frozen native final tree
PaRoutes120,n5_234,rachel,True,closed,8,e7ead456dfaf94265fec99b7b0d9c13f2ef76ac1868b4d4c8c7dacab63e44715,frozen native final tree
PaRoutes120,n5_431,rachel,True,closed,11,6cafc6cf744c553ac0fd3c79a98b57e0407f31ffa7400b34357dc344765fa5b1,frozen native final tree
PaRoutes120,n5_441,rachel,False,open,7,144810f6272c906d142fabdd22ded4491c434ff3633718578f971eb69c1cf68c,frozen native final tree
PaRoutes120,n5_633,rachel,True,closed,10,f5c4529bf7983c51ec352827cf83e8f40b44e43fe993d1ff293095f0fcb7a12e,frozen native final tree
PaRoutes120,n5_659,rachel,True,closed,9,618c28a5f9fde39502be265ac074a89ebd21badc7e5685aac7d6090f07d0904f,frozen native final tree
PaRoutes120,n5_880,rachel,True,closed,8,7452d0b01132ff825b511f0a2079dc6c3dfe5addc2e35d9479786b6c1e8e40e1,frozen native final tree
PaRoutes120,n5_1096,rachel,True,closed,8,05589bc52b2005805eed28d2c0d4ee585362cde75ab37fdea4c9d7fb8371e16d,frozen native final tree
PaRoutes120,n5_1115,rachel,True,closed,7,c667499747468c1146c856510bc4af88d6bbc7b1a8c20ecb3c147a2e68f97a57,frozen native final tree
PaRoutes120,n5_1276,rachel,True,closed,6,401711a2fd38a480478cae03d3585b15d1fff7251f3624834fc7b089847ba6cf,frozen native final tree
PaRoutes120,n5_1298,rachel,True,closed,7,08d124e6a509009d2eb0b9849dfce97d80ca449101f596b4ce8338801edd53fc,frozen native final tree
PaRoutes120,n5_1391,rachel,True,closed,9,35f2d685f1bf7b1415de2e8a8ce665ae7dd5f1718457ace9c0f01a842f26cd17,frozen native final tree
PaRoutes120,n5_1480,rachel,True,closed,6,ac1d1c5a3ef6f5829bfe40f376c1d0e002025666f384c6ae0d229e9846ae132c,frozen native final tree
PaRoutes120,n5_1811,rachel,True,closed,7,74960a5ce6873cc1748f004e1f0c4122b37ab28f267cfdb3a219cfe56dda623f,frozen native final tree
PaRoutes120,n5_2106,rachel,True,closed,8,9549272116637e95d18e50ee01f01b8d74a58983b05f4ef323bca3202618db1e,frozen native final tree
PaRoutes120,n5_2120,rachel,True,closed,5,bd8b4e5f6f7f10b2665b1c1b62cd8904b22f5237afa4add5212e13c86f95130f,frozen native final tree
PaRoutes120,n5_2488,rachel,True,closed,5,978b16843a301f52fa838587ae1bd83633c5a389c1c851c2cd98dbe3d7bd4aa4,frozen native final tree
PaRoutes120,n5_2779,rachel,True,closed,11,566b0e59e7ee033c018bcf5b037ad5068357ccbcca9d09380205cb6587be9b4a,frozen native final tree
PaRoutes120,n5_2816,rachel,True,closed,9,51027e588ef2bc406a3a2dc435f97dd9354a4fc127343d0104097f310a1416ea,frozen native final tree
PaRoutes120,n5_2817,rachel,True,closed,10,ce8a851a75487a0e2db76d560156afd0fcd9a5610c3c0f6a2413b90080accf64,frozen native final tree
PaRoutes120,n5_2847,rachel,True,closed,13,f1a8823251a99c64350c7b2712ec533898da8e0ab9a9ba5d1a08f9390a0e1f39,frozen native final tree
PaRoutes120,n5_2879,rachel,True,closed,7,751645c69b815ecb2c92996595359f00b0b89a2cbb52f6caf5b42d3c5fe5bd2b,frozen native final tree
PaRoutes120,n5_3042,rachel,True,closed,10,e47eab222e0faf1a681aea8b4af622495448836408dc17c0abb44cda14c743c8,frozen native final tree
PaRoutes120,n5_3622,rachel,True,closed,10,4dc98a32f7d514dd66e2214638cc93ecfdcf8a394ff73818bbca61607ae9da39,frozen native final tree
PaRoutes120,n5_3850,rachel,True,closed,4,ce4276fc8f2b5990191517861162ea9f42c30b11cb7c3dc1c03870ca40d5ad97,frozen native final tree
PaRoutes120,n5_3961,rachel,True,closed,6,339cd30f719a9bee612f34bec03b51fb2c4dd855a7ee1d03b93cf3c263375f4c,frozen native final tree
PaRoutes120,n5_4003,rachel,True,closed,9,70219c581e70e6ba86e4ffdbd47a94407a486f4d64b654ccac197ac64ca6f7a1,frozen native final tree
PaRoutes120,n5_4017,rachel,True,closed,8,e90c57e20434438a122c259d1f41164699ad81e2dcad956bd205cb3c774c9027,frozen native final tree
PaRoutes120,n5_4134,rachel,True,closed,14,08a106c9ce529f25eace17367c4d0368e70dbd3171a4830b641670f6729c58ba,frozen native final tree
PaRoutes120,n5_4328,rachel,True,closed,8,bf03e3dbcb388fa11eb561b202cf97fab1a2bce7ef9a9e84903daa2583bd6012,frozen native final tree
PaRoutes120,n5_4400,rachel,True,closed,7,1318c71ecc4efb385ef29fefe7d1062e71537b3484aff522ec13f1db65d9cd4f,frozen native final tree
PaRoutes120,n5_5256,rachel,True,closed,8,e0600f16d135562605646a2303fa82469e839d4e9bfabe3fa569137e799667d3,frozen native final tree
PaRoutes120,n5_5306,rachel,True,closed,8,401b18ee2a20797396fd05a66d0d9af43f6c4426bc4ac9b4ef117fff1beba422,frozen native final tree
PaRoutes120,n5_5313,rachel,True,closed,6,6d1392d1190d4b63d21824750b301f7bdde4e756cc9793ab7b14a466a1a5a360,frozen native final tree
PaRoutes120,n5_5455,rachel,True,closed,5,f02fa0bed8201d04573e5393e6f154cf21bb9db622ec0c68052df0be6efd5e83,frozen native final tree
PaRoutes120,n5_5531,rachel,True,closed,4,c2ef84ce27df78c35802a19a7cf0c6b22327ec80fd989702026786382ef7b33c,frozen native final tree
PaRoutes120,n5_5628,rachel,True,closed,3,fc926d7d5d0e9c53c9a2ad802f2f01b6c308248f84734fb09d34de39320685ce,frozen native final tree
PaRoutes120,n5_5654,rachel,True,closed,11,2c17733bcdb49fa60ad23f1d86af107b78c53f5ea8947e0ac03255c658d79d2d,frozen native final tree
PaRoutes120,n5_6004,rachel,True,closed,4,dda8c0409e4e6951bad9b4c1be4badecba0ccb8c63900dfc3818d0bb1375264a,frozen native final tree
PaRoutes120,n5_6115,rachel,True,closed,4,b81ab9e17e448f6218fb8283448492223dc5498e725bd47de30043ec05ee9cc3,frozen native final tree
PaRoutes120,n5_6397,rachel,True,closed,4,c8ebbf4e4af5b1d3361ea4f1a10918d60f7022e1bdad90298085f4a6d901d598,frozen native final tree
PaRoutes120,n5_6445,rachel,True,closed,8,eac6904040c257adbaa5a696ae8617e23bd3dc1074e619c5e9ce30b0297f40cd,frozen native final tree
PaRoutes120,n5_6541,rachel,True,closed,11,0a613c4a44d224b272e496e8c617996fc2d3b4b3df3c3df4a5ef930c7b5e77eb,frozen native final tree
PaRoutes120,n5_6568,rachel,True,closed,7,12383855fc5fcd5612713f484037f7a82848b780d213cb99588d75d78d0679bc,frozen native final tree
PaRoutes120,n5_6926,rachel,True,closed,6,f43fe511fb591595fafa3ce3bda130e8dfa2ba9ad8b0cb3da8afd0afd16045fb,frozen native final tree
PaRoutes120,n5_7157,rachel,True,closed,6,8b324c387025f52bc2f5d2e8fc8363285acfe916f85bb831b3131ebbed01abf0,frozen native final tree
PaRoutes120,n5_7287,rachel,True,closed,3,43098ed812cd297fae1364d7fe2e0071bb6356a9347d031f6dabefe3a129e6fa,frozen native final tree
PaRoutes120,n5_7593,rachel,True,closed,13,beb7b82cde7540840c0531bd2189fbbbc7fadbda9ee20b2329ed5cad6459a7ae,frozen native final tree
PaRoutes120,n5_7630,rachel,True,closed,13,c9fdfb4e779c1f4860768aa5ae2a72f7bd1729bf35fc88ea316832269d6d2196,frozen native final tree
PaRoutes120,n5_7685,rachel,True,closed,7,2060ff53356bfecdf383943ed24e9a230f6f26cdfe13a2d5d1b3023f80aa6975,frozen native final tree
PaRoutes120,n5_7796,rachel,False,open,5,1fc2fa30308b016398a89eb8b892403c20911e6c275656838204861a167b3505,frozen native final tree
PaRoutes120,n5_7805,rachel,True,closed,4,5637ce113cfc37ceb227cc8bcbecf0b596f2532e8c7f572ba5ef829714fe16c8,frozen native final tree
PaRoutes120,n5_7899,rachel,False,open,5,47afa5efed4beb3c62e5fe8108801580017ce9bc45a4a14644251fb6c6cfb5ba,frozen native final tree
PaRoutes120,n5_7967,rachel,True,closed,7,14035c99102a14f842caa6791f0a247a50cf0516cddd4fb32c512d013b52da39,frozen native final tree
PaRoutes120,n5_8105,rachel,True,closed,8,d425f3c2905d054dd9a5bc50ea3afa12fc797c01b6fd9ee0d524fc0253629d64,frozen native final tree
PaRoutes120,n5_8189,rachel,True,closed,3,a07e3e7ec025d457be47d2695d6906001a4ab282ae5f198da4f20eab7a933f66,frozen native final tree
PaRoutes120,n5_8613,rachel,True,closed,7,abef87eda85c8f2b57317c300ca3f04698909d3fc719883a2330f7088318eeb7,frozen native final tree
PaRoutes120,n5_8672,rachel,True,closed,8,0d90273ead0f3e23c9a4b6588b04984816cfba9b19ed5e2cd992244fbde8c630,frozen native final tree
PaRoutes120,n5_8918,rachel,True,closed,6,bd6c907321f8efa129b7903193ead79c7089afc98591d0bd045820701ec1bb86,frozen native final tree
PaRoutes120,n5_9093,rachel,True,closed,11,886d377ded2f1c6118e3afe6554bbfc5b17249bee64c04abfef53500d766ab0d,frozen native final tree
PaRoutes120,n5_9115,rachel,True,closed,8,4ccbf9bf0b547b71a32b45c32b52b1747d8845771d8f7d317e8de30f590e7e61,frozen native final tree
PaRoutes120,n5_9145,rachel,True,closed,5,cad1362393355c9a7e0370ede2c05fa88052380f380bf72022976ea14359254a,frozen native final tree
PaRoutes120,n5_9281,rachel,True,closed,9,ec00c244df756b0dc60a871d1f30c8b1aade6c12940c163d592cdb37f42d0345,frozen native final tree
PaRoutes120,n5_9293,rachel,True,closed,3,3c7843583cb16734bd383198c4a0e95a2d8f700799384d04ea26ada12c594463,frozen native final tree
PaRoutes120,n5_9501,rachel,True,closed,5,cdeefd3dff6bef2cae91e9ed8ea7addb5a71307ca69da075de61ee6448f795da,frozen native final tree
PaRoutes120,n5_9628,rachel,True,closed,3,c79fc1a8d7e21abf524686d5043cfa8d93a3954b4706f10483ffd1bab2af7383,frozen native final tree
PaRoutes120,n5_9743,rachel,True,closed,4,b3e5625fe43e7ce4d25c5fd08cd1184ec19ada3d45c65bac1d02e161e9abb45a,frozen native final tree
PaRoutes120,n5_9869,rachel,True,closed,3,32bc30fc4ee89693f860b325efe7e449792e6a8bf5349290abd2eeab3cfa3926,frozen native final tree
PaRoutes120,n5_9998,rachel,True,closed,11,316acff1242cd5578a7b8295328db955bc4e48ef15a84e23b95f00c2f2b9422c,frozen native final tree
PaRoutes120,n1_366,paroutes_retrostar,True,closed,5,a8e1a5b0ec61a45d9f7f3cae44a2f53fb2458c54107bf4ad652899f58671f74c,top_route_path in hash-verified formal results
PaRoutes120,n1_566,paroutes_retrostar,True,closed,4,ee0264b2244458b522300572605417d13748af6735fe44ae9ee91ac698f7f78c,top_route_path in hash-verified formal results
PaRoutes120,n1_659,paroutes_retrostar,True,closed,4,dc2c448225c69b9729755a4801ba30341d728ffdc4d4ecb2fa44352792288a5f,top_route_path in hash-verified formal results
PaRoutes120,n1_849,paroutes_retrostar,True,closed,5,54dab423db73eb283ad287138169831c8715ae8ca8e3889d1cdedce66d85e560,top_route_path in hash-verified formal results
PaRoutes120,n1_883,paroutes_retrostar,True,closed,5,6c42d127c2a3d55d224f0e59f002f4ef7521d06af592913f18d688862042787e,top_route_path in hash-verified formal results
PaRoutes120,n1_1020,paroutes_retrostar,False,open,3,f920357303ec440fd138af3e27e917eefe51dffcc4a9be251462c4205492191c,top_route_path in hash-verified formal results
PaRoutes120,n1_1096,paroutes_retrostar,True,closed,4,9123e17a12352eba079be0c5bed7ec2a166efd0d6aa58607d344a5bd7b9f458f,top_route_path in hash-verified formal results
PaRoutes120,n1_1115,paroutes_retrostar,True,closed,4,b42499f06520f528a832bd205d53225dafb3e49056b39042221789cb14593dff,top_route_path in hash-verified formal results
PaRoutes120,n1_1276,paroutes_retrostar,False,no_route,0,,
PaRoutes120,n1_1307,paroutes_retrostar,True,closed,4,d3ed468310c9f230193468a5934178b2965cb216606d1bd26b85a76ab007d1be,top_route_path in hash-verified formal results
PaRoutes120,n1_1391,paroutes_retrostar,True,closed,3,c9439a0ef293963ecb96ceca557a5cff192b055b7fd7b30619f2ca260ab573f4,top_route_path in hash-verified formal results
PaRoutes120,n1_2261,paroutes_retrostar,True,closed,5,ed4a18bd40d15a6a4649996bd1357f04c7b17c700effa5ecd1f7872344944ad2,top_route_path in hash-verified formal results
PaRoutes120,n1_2324,paroutes_retrostar,False,open,5,9f80cd46061a54bb8937dfaa612ed0268d4e41b4cfb0b466db6969f230562420,top_route_path in hash-verified formal results
PaRoutes120,n1_2500,paroutes_retrostar,False,open,3,e0ec9a39779e022df57f784b1e2bc39a87cc0a7120263ca90a42f774920ccf86,top_route_path in hash-verified formal results
PaRoutes120,n1_2664,paroutes_retrostar,True,closed,3,0ea22fd58a913fe2a48759ff22f5bf02cc44201739b06d611f1eed3c3c4ad8b3,top_route_path in hash-verified formal results
PaRoutes120,n1_2879,paroutes_retrostar,True,closed,4,611974edc8de7ce17077310509523a790d31b95fc53c2fe35f9373363bf55d9c,top_route_path in hash-verified formal results
PaRoutes120,n1_3447,paroutes_retrostar,True,closed,3,71788f313eace557249377e95a1c581eaa08a92ed6c1586fba56a5e0865c5061,top_route_path in hash-verified formal results
PaRoutes120,n1_3899,paroutes_retrostar,False,open,4,5627680836dd361d9cd89eb2e0fff1e299ed82ed88428820d145db28868b42aa,top_route_path in hash-verified formal results
PaRoutes120,n1_4003,paroutes_retrostar,False,no_route,0,,
PaRoutes120,n1_4140,paroutes_retrostar,True,closed,1,02d0653f8a9b947cafcaacfcdb2bc184bdb72c61e6c1145e26b95cd25bd16a85,top_route_path in hash-verified formal results
PaRoutes120,n1_4208,paroutes_retrostar,True,closed,2,2394cdbf81d1b0bb12eb5bea85d09d93939c0f4468bdd87f6a40d9aafdf7e218,top_route_path in hash-verified formal results
PaRoutes120,n1_4328,paroutes_retrostar,True,closed,3,81e36bdb1287688d153e5b1207bbefb1c9730c1884d599bd10b360cfe74fe14b,top_route_path in hash-verified formal results
PaRoutes120,n1_4823,paroutes_retrostar,True,closed,5,0dab15badee134615f31070a6560736d4579fdad868e364319c1549bfccb637a,top_route_path in hash-verified formal results
PaRoutes120,n1_5245,paroutes_retrostar,True,closed,6,4fe0a35d45e1192757375b60b2061ea416df35a849c491e9d9cd57e01ee81e27,top_route_path in hash-verified formal results
PaRoutes120,n1_5357,paroutes_retrostar,False,open,3,3598c440eb97abf0db6e0d28a812c126c1f037a6c4a4d1eb2512fc29abdd78ec,top_route_path in hash-verified formal results
PaRoutes120,n1_5654,paroutes_retrostar,True,closed,2,f2ff1abff07565a3e9aea6d2d63a62fd305bcc885e0e0bcc99b3aa9ee9cb3f2c,top_route_path in hash-verified formal results
PaRoutes120,n1_5948,paroutes_retrostar,True,closed,2,7c19060605fe05ed7bb9dafa55a31187aabf8258530f509ecbf746d9ce96685e,top_route_path in hash-verified formal results
PaRoutes120,n1_6102,paroutes_retrostar,False,no_route,0,,
PaRoutes120,n1_6381,paroutes_retrostar,False,open,5,4936a679faf9e8d460ba9b4271b7d508197a42b459a3a810da51f1d80d6b5532,top_route_path in hash-verified formal results
PaRoutes120,n1_6397,paroutes_retrostar,True,closed,3,1ebd81d6a36a90a9e66e63b83a68e27b70be3cdd3c6a7fbe61e55afbdbc2c7fd,top_route_path in hash-verified formal results
PaRoutes120,n1_6589,paroutes_retrostar,False,open,2,92d7f49224f3cec1a279c4fac9d93e159c281ee252ce4cedf693748d65545d2c,top_route_path in hash-verified formal results
PaRoutes120,n1_6714,paroutes_retrostar,True,closed,2,5b43fb5dfc25711bf2d6918a48d7a15edcd92b689b41c22d1c4a9c437fefd153,top_route_path in hash-verified formal results
PaRoutes120,n1_6952,paroutes_retrostar,True,closed,2,d5b2dc7de2c1a566a70a6a2f6a6134f5c1da9855c0a195626ba672f1153d3cba,top_route_path in hash-verified formal results
PaRoutes120,n1_7007,paroutes_retrostar,False,open,1,cce63b5e0999abbff0b4b0887a944f9749d71f8c937ff6c7a1f32673a039abdf,top_route_path in hash-verified formal results
PaRoutes120,n1_7287,paroutes_retrostar,False,open,3,4e46aa2b9418b3a31549b868ff090878a0634c11022b8067c30875c317ff121e,top_route_path in hash-verified formal results
PaRoutes120,n1_7500,paroutes_retrostar,False,no_route,0,,
PaRoutes120,n1_7553,paroutes_retrostar,True,closed,2,ff4a5d95df5b7e04f31c352e4bc3a7f8de613ae7103f255acc5133bffc2311eb,top_route_path in hash-verified formal results
PaRoutes120,n1_7678,paroutes_retrostar,True,closed,4,c2eca5822a8127e9ab050a8c8c699c09f9a5a84e979216df35d2073f0980e350,top_route_path in hash-verified formal results
PaRoutes120,n1_7943,paroutes_retrostar,False,open,2,0a3d0d309c0cac92e4b3d5fca8278e71a0fc0b7967adbca908fbbfabc887a50b,top_route_path in hash-verified formal results
PaRoutes120,n1_8105,paroutes_retrostar,True,closed,4,74a2442e2c9fa48131b004dbbb7d19d036659de3b2d646fd052e378b6903c9bb,top_route_path in hash-verified formal results
PaRoutes120,n1_8382,paroutes_retrostar,False,no_route,0,,
PaRoutes120,n1_8397,paroutes_retrostar,True,closed,3,5c292848894eeb42732bc5af523e30379891d403691fb59e06c5a22e0b29db3c,top_route_path in hash-verified formal results
PaRoutes120,n1_8498,paroutes_retrostar,True,closed,2,2436672c3c4163a268fb0905829430a8c8173b20d0d4f9b57475294b481dcce8,top_route_path in hash-verified formal results
PaRoutes120,n1_8613,paroutes_retrostar,True,closed,2,b1813d8dfd681ae91eaf268bdb88faa47c1998e560c5282031222ff5079cce8f,top_route_path in hash-verified formal results
PaRoutes120,n1_8633,paroutes_retrostar,True,closed,2,ce5076b57e1c3679b9303969e5b707c34f559b9b8973a335311057e5ad8385ea,top_route_path in hash-verified formal results
PaRoutes120,n1_8654,paroutes_retrostar,True,closed,2,c9a4da927a47462c24c1040db8d71bb70a3f059698cf42eda3c7486175c31491,top_route_path in hash-verified formal results
PaRoutes120,n1_8725,paroutes_retrostar,False,open,2,3e59df7098bbb31a37f23995d9955a3b44d3acdee69f4937e6d25c30a2e1cb38,top_route_path in hash-verified formal results
PaRoutes120,n1_9128,paroutes_retrostar,True,closed,2,776d31d8b10ce90751182fdd0162a02319a8845c071aca03685a1e990af2513c,top_route_path in hash-verified formal results
PaRoutes120,n1_9743,paroutes_retrostar,False,open,3,cab95b02ef86ccd93139f19a8cdd9368b7d3186cb0c5e2f88f88d91eaa51cb72,top_route_path in hash-verified formal results
PaRoutes120,n1_9822,paroutes_retrostar,True,closed,4,801d687f7df142ae180f8cf5a809544e0df3be48ec2cb713c64dbbd088b3ca06,top_route_path in hash-verified formal results
PaRoutes120,n1_9869,paroutes_retrostar,True,closed,2,78d3d0cfb15e94f5bdbbb00f31ff8c9bdecd178a49b41e65c98d82144a8cfafc,top_route_path in hash-verified formal results
PaRoutes120,n5_129,paroutes_retrostar,True,closed,6,43ed93aedc24d592a4fda4cc8824b07a3bd4bde64e14ecc66560f924351f6ed5,top_route_path in hash-verified formal results
PaRoutes120,n5_234,paroutes_retrostar,False,no_route,0,,
PaRoutes120,n5_431,paroutes_retrostar,False,open,5,9d556f013924a371aa6707fed5d762254cd195fc90deb2650cd2c7a342756784,top_route_path in hash-verified formal results
PaRoutes120,n5_441,paroutes_retrostar,True,closed,8,d9141a5674c6f76c7a5a7e7896e952df610593f79ba2932881247c613f98ed71,top_route_path in hash-verified formal results
PaRoutes120,n5_633,paroutes_retrostar,True,closed,5,0474da76afbf844b325d18e8777aef0831d25443742bceda54879b8c3bb1c923,top_route_path in hash-verified formal results
PaRoutes120,n5_659,paroutes_retrostar,True,closed,5,5a7735580d5bfacb28c7f19e0b225818a55864bab75f80ee65809858f920bd6d,top_route_path in hash-verified formal results
PaRoutes120,n5_880,paroutes_retrostar,False,no_route,0,,
PaRoutes120,n5_1096,paroutes_retrostar,True,closed,4,1e689cfd5e0519fba296def7899c1d5051b1816be94d1d7916319ae1306bdfdf,top_route_path in hash-verified formal results
PaRoutes120,n5_1115,paroutes_retrostar,True,closed,5,378b6c325892b7767e1ceecc843bd9423f1dda253559e0b0063f80518c0af176,top_route_path in hash-verified formal results
PaRoutes120,n5_1276,paroutes_retrostar,False,open,4,ab1b39c808af202c1df5f02e239c71e498046e307ea56397200ca76f7dcdc45d,top_route_path in hash-verified formal results
PaRoutes120,n5_1298,paroutes_retrostar,False,open,2,802b0ecefeec08778ed91083eefebe2e745496fcf108afd8c6e904d3d022011e,top_route_path in hash-verified formal results
PaRoutes120,n5_1391,paroutes_retrostar,False,open,2,4dcb554f7d62e8803369c768626453901e692a527e8daad6679e5fb3ff79c6d6,top_route_path in hash-verified formal results
PaRoutes120,n5_1480,paroutes_retrostar,True,closed,5,3729f32caa0f296c956db9836bff2a638c6c92ba1579d24dcf0c280d9e26d3e2,top_route_path in hash-verified formal results
PaRoutes120,n5_1811,paroutes_retrostar,False,no_route,0,,
PaRoutes120,n5_2106,paroutes_retrostar,False,no_route,0,,
PaRoutes120,n5_2120,paroutes_retrostar,True,closed,5,b0560058e428ec988b65f139409def836ce02e59b385bbcf13205539129204bb,top_route_path in hash-verified formal results
PaRoutes120,n5_2488,paroutes_retrostar,True,closed,4,a80724ac94052b0f46648b79a84b5fa9a3267b8a6607e0948246ddd299baa143,top_route_path in hash-verified formal results
PaRoutes120,n5_2779,paroutes_retrostar,True,closed,4,d3724d0952c231765d863cfed3bca0964dfc6e793b3450da76e67bd311d0854e,top_route_path in hash-verified formal results
PaRoutes120,n5_2816,paroutes_retrostar,False,no_route,0,,
PaRoutes120,n5_2817,paroutes_retrostar,False,no_route,0,,
PaRoutes120,n5_2847,paroutes_retrostar,True,closed,5,2b1e8ade7871df36ae44075e1075ba7707914715616c57a27f30e704c97022b4,top_route_path in hash-verified formal results
PaRoutes120,n5_2879,paroutes_retrostar,False,no_route,0,,
PaRoutes120,n5_3042,paroutes_retrostar,False,open,4,9ab2426c299d644f81023bbf42ed88405c48740598d3673114e1e1f1836b2b7c,top_route_path in hash-verified formal results
PaRoutes120,n5_3622,paroutes_retrostar,False,open,3,0d68f9d322f060312f29e5c10758c1bff615cb00ab3db9da829021cbc516b610,top_route_path in hash-verified formal results
PaRoutes120,n5_3850,paroutes_retrostar,True,closed,3,2db9ba48c5d94a4ea5c3683273ee05529c65f52ff751a72315e9086e0db18d0d,top_route_path in hash-verified formal results
PaRoutes120,n5_3961,paroutes_retrostar,False,open,5,b6636d9b16d3f904c9394f6540b8374fd13f15084bc16c1c7919f5829b03222f,top_route_path in hash-verified formal results
PaRoutes120,n5_4003,paroutes_retrostar,False,open,2,a332e32a27f33297815971df24b27b6faa717e6f5e3010af6fd8ecfba4f33c86,top_route_path in hash-verified formal results
PaRoutes120,n5_4017,paroutes_retrostar,True,closed,5,2f9f69984da8313b3406a32a144ee339b8f46dc0975944bbb7c4e34bad86ebcb,top_route_path in hash-verified formal results
PaRoutes120,n5_4134,paroutes_retrostar,False,open,6,897417e7109a2aa13cdced734422b2c1dcb8484c73a0ea2d9f0897b2edcb52c5,top_route_path in hash-verified formal results
PaRoutes120,n5_4328,paroutes_retrostar,False,no_route,0,,
PaRoutes120,n5_4400,paroutes_retrostar,False,open,5,2dec4a422d43badcdd0a2c1b60bdccbcb5dc5138b93e82034a671e6b2af3de9e,top_route_path in hash-verified formal results
PaRoutes120,n5_5256,paroutes_retrostar,False,open,3,3f048585db1589c2e18d5aaf5d7ed4152844a2d824836d3ab416f41874aaa422,top_route_path in hash-verified formal results
PaRoutes120,n5_5306,paroutes_retrostar,True,closed,3,546edc47bb03a2c783e6bb054d4007ee861a9352371f38b19d04703c925e5416,top_route_path in hash-verified formal results
PaRoutes120,n5_5313,paroutes_retrostar,False,no_route,0,,
PaRoutes120,n5_5455,paroutes_retrostar,True,closed,3,1add02ebe99c8325e87a838d5dac559a8864d1d1f493a556c605089798449971,top_route_path in hash-verified formal results
PaRoutes120,n5_5531,paroutes_retrostar,True,closed,3,260b987fe4a42782c0d659ba40a86920de2fe39a1e185578542582ba7e72c4bf,top_route_path in hash-verified formal results
PaRoutes120,n5_5628,paroutes_retrostar,True,closed,1,25fb4a68fa1627dbf5c8de157af715bff0b396a1ca1e1549ec5c1379cb1d9eac,top_route_path in hash-verified formal results
PaRoutes120,n5_5654,paroutes_retrostar,False,open,4,3b0f7cc58efa93e1aeaaef85277a7770fc28b31f6e5b33e67a23077abea4809e,top_route_path in hash-verified formal results
PaRoutes120,n5_6004,paroutes_retrostar,False,open,4,cc6c3c5a96dc803319959b1a64a1ad35bd838f1f6a291f9c307d333f086b46c7,top_route_path in hash-verified formal results
PaRoutes120,n5_6115,paroutes_retrostar,True,closed,4,152c1317fa5c51708fb69b8858f1a80e01fe61001fd940a4800337204f058480,top_route_path in hash-verified formal results
PaRoutes120,n5_6397,paroutes_retrostar,False,open,3,b0555a66eee3359bfe995bf04038a41cf909573430f73080493b288c44aac3e0,top_route_path in hash-verified formal results
PaRoutes120,n5_6445,paroutes_retrostar,False,open,3,73920add95e2f4595d0d56841d37ff48fea05f5a744976741fbcbc18ca4c1b53,top_route_path in hash-verified formal results
PaRoutes120,n5_6541,paroutes_retrostar,False,no_route,0,,
PaRoutes120,n5_6568,paroutes_retrostar,False,open,3,61716d6310790596eafd036882de5789c2691678edd88768fd5035d768d801ce,top_route_path in hash-verified formal results
PaRoutes120,n5_6926,paroutes_retrostar,False,open,5,e4d47374d58c2f77cb819f6eba8e2bd9f2fd2e33eb9aef398a5895483567f955,top_route_path in hash-verified formal results
PaRoutes120,n5_7157,paroutes_retrostar,True,closed,3,3474ab6c942acdd310eebfedfeb754d9fa68d20f01cd4db51ecc8af8504a884f,top_route_path in hash-verified formal results
PaRoutes120,n5_7287,paroutes_retrostar,False,open,3,f95bef69d3555976bbd5abe2bb43ef7b6c347cb343a7b151e6ac30984f624dba,top_route_path in hash-verified formal results
PaRoutes120,n5_7593,paroutes_retrostar,False,open,3,6ea87289d6dd4a5c3fc91c1863c52f06b85204bfc5d3f7b27f28d490c6159a5d,top_route_path in hash-verified formal results
PaRoutes120,n5_7630,paroutes_retrostar,True,closed,3,3bb961890d0359b0b33fb93def9fb6dd615e40e2681bac19c891df80beac008b,top_route_path in hash-verified formal results
PaRoutes120,n5_7685,paroutes_retrostar,False,open,2,6b02aee8cf3a99bb9aa6584084cf846326bc3f395b9b3e0edf98f4453f61cc01,top_route_path in hash-verified formal results
PaRoutes120,n5_7796,paroutes_retrostar,True,closed,5,24ad24f5319dcf6c20e7094955edb02ecf16233fdda7f6ffe36d3eb36f328d86,top_route_path in hash-verified formal results
PaRoutes120,n5_7805,paroutes_retrostar,False,no_route,0,,
PaRoutes120,n5_7899,paroutes_retrostar,True,closed,3,37159d4fd3bd5d866500f9cbc5722178fb9b2e0a108a718e9ce3478a8400d59f,top_route_path in hash-verified formal results
PaRoutes120,n5_7967,paroutes_retrostar,True,closed,3,04677ab78324a5e13795d248235d1575e544fc553a1a785e170a319807d1effb,top_route_path in hash-verified formal results
PaRoutes120,n5_8105,paroutes_retrostar,True,closed,3,21cf98d7dd9e27a0a4a83453481b020e51670fe03ed432ba74b299b1100286fc,top_route_path in hash-verified formal results
PaRoutes120,n5_8189,paroutes_retrostar,True,closed,6,981f92caadc97d5d9977e9744f9fb790bb987e5c74f88641982c98d89093cb8f,top_route_path in hash-verified formal results
PaRoutes120,n5_8613,paroutes_retrostar,False,open,3,18b312c8aae5d789ee123f470ed41717ca6825eb08edae99bdf6e468167f1823,top_route_path in hash-verified formal results
PaRoutes120,n5_8672,paroutes_retrostar,False,open,3,746d3926f34c7bbe6e225e012b163652840c24b68b99de46c15b2314bc9a6c9f,top_route_path in hash-verified formal results
PaRoutes120,n5_8918,paroutes_retrostar,True,closed,5,1385fc7fd9fac09bd2318b7c6e05dbb76983ee49017a8df355a6b4f7094011b2,top_route_path in hash-verified formal results
PaRoutes120,n5_9093,paroutes_retrostar,False,open,3,c7224295e4b98c03cdeb35562bc5d8ec1ea4910008738f76557544c0d0d6eb79,top_route_path in hash-verified formal results
PaRoutes120,n5_9115,paroutes_retrostar,False,open,3,e51ae4c45fd8aed5ac77687957f71ef1f17ad9b4dfc8cb4f41ba42f521efa104,top_route_path in hash-verified formal results
PaRoutes120,n5_9145,paroutes_retrostar,False,open,2,4703297b0e0d86f623d656d58cc8306f5949c33656c3ba6135c9a90a861d4d76,top_route_path in hash-verified formal results
PaRoutes120,n5_9281,paroutes_retrostar,False,open,2,f515e739ce1f66e16a4871c456d237c91ff4827d36c925d3c2f487760f217dfd,top_route_path in hash-verified formal results
PaRoutes120,n5_9293,paroutes_retrostar,True,closed,1,8af052a275632e0fde44111cbd66115afcff655a7006d76037a4a0d12d5af123,top_route_path in hash-verified formal results
PaRoutes120,n5_9501,paroutes_retrostar,False,no_route,0,,
PaRoutes120,n5_9628,paroutes_retrostar,True,closed,3,3be0c91109fdb2c374409fb618f3fd8ed03bab266f822e0d21e7d77f63101b02,top_route_path in hash-verified formal results
PaRoutes120,n5_9743,paroutes_retrostar,False,open,2,4b0bb8c5edcfd95d079a7f359bba0fbc4a2ef9affa3cbe232f9809d0f21d3fad,top_route_path in hash-verified formal results
PaRoutes120,n5_9869,paroutes_retrostar,True,closed,2,bd015d52830f85b7f5f321b535747f314b6a6a6c5f9985a7643712eef6b232f4,top_route_path in hash-verified formal results
PaRoutes120,n5_9998,paroutes_retrostar,False,no_route,0,,
PaRoutes120,n1_366,rootaligned_retrostar,True,closed,5,6922dd935ad08bac202e4a401268dea6f099d418d07424a42532713931fdc8ef,top_route_path in hash-verified formal results
PaRoutes120,n1_566,rootaligned_retrostar,True,closed,4,ee0264b2244458b522300572605417d13748af6735fe44ae9ee91ac698f7f78c,top_route_path in hash-verified formal results
PaRoutes120,n1_659,rootaligned_retrostar,True,closed,4,88ed11449cb658e77a898d024e7ee1989254035769f5ba23c20bc8036ffa9fb0,top_route_path in hash-verified formal results
PaRoutes120,n1_849,rootaligned_retrostar,False,no_route,0,,
PaRoutes120,n1_883,rootaligned_retrostar,True,closed,6,a656c1da07ad6426ca5a4acf146ad3146bf7dd161f2e136579c5f0f9a8f9b7ff,top_route_path in hash-verified formal results
PaRoutes120,n1_1020,rootaligned_retrostar,True,closed,6,3702de315e36b3cd56089ff857a14d46220312804ea966ce6a1b2ebf5c10ba5e,top_route_path in hash-verified formal results
PaRoutes120,n1_1096,rootaligned_retrostar,True,closed,5,b797bd075aa80d7b980c34353ca1b17417221dc8ecb738aca43cb1486876627b,top_route_path in hash-verified formal results
PaRoutes120,n1_1115,rootaligned_retrostar,True,closed,2,c817aff15da2cdcace728124ccd7edfce1c10eb1b89d8bdd3624949d9777104c,top_route_path in hash-verified formal results
PaRoutes120,n1_1276,rootaligned_retrostar,False,no_route,0,,
PaRoutes120,n1_1307,rootaligned_retrostar,True,closed,5,801aecc4b90d0a7cc0658e6c0c5dce3d81a00adc13950382e15b1d3b4b980c97,top_route_path in hash-verified formal results
PaRoutes120,n1_1391,rootaligned_retrostar,True,closed,3,d6f4ee5c6494a8ac764cdd09d4bd525291b7ee983908b3f5f33af853f78a4f5d,top_route_path in hash-verified formal results
PaRoutes120,n1_2261,rootaligned_retrostar,True,closed,3,88a9c1f0a0b8b620a6223319ea9b7f042ebbbfa7d3ff701a027f60c45347bdeb,top_route_path in hash-verified formal results
PaRoutes120,n1_2324,rootaligned_retrostar,False,open,4,38244f9188e2eb855f64c57a3b97423644ed2e77a18f25f6efc9fa54f6b9e838,top_route_path in hash-verified formal results
PaRoutes120,n1_2500,rootaligned_retrostar,False,open,3,7e133aca80de39f8b799454cdd9048398af84b6cecb51885b766d1f2d2f53276,top_route_path in hash-verified formal results
PaRoutes120,n1_2664,rootaligned_retrostar,True,closed,6,785301ae4e791ed6b8169ba58221948de9d3e5ac12cd6da1b610ae0d17f295a0,top_route_path in hash-verified formal results
PaRoutes120,n1_2879,rootaligned_retrostar,True,closed,4,0622e3f33fb90b41ddd7cdb1ce3b66d2b46af53353b72a23cc0f4e07a6dd752a,top_route_path in hash-verified formal results
PaRoutes120,n1_3447,rootaligned_retrostar,True,closed,4,16194ff039daf018d22b763e7e64384e6a11a235bd06f426eefce7d3a70c1a25,top_route_path in hash-verified formal results
PaRoutes120,n1_3899,rootaligned_retrostar,True,closed,3,53874b7a101a510a06924aa348cc90e912f95d640351f45f39c95debf929ebdd,top_route_path in hash-verified formal results
PaRoutes120,n1_4003,rootaligned_retrostar,False,open,3,be1a1658af0792665163cdc0b0c9deb4ac94fd2d64a5036e22960116e063d316,top_route_path in hash-verified formal results
PaRoutes120,n1_4140,rootaligned_retrostar,True,closed,1,02d0653f8a9b947cafcaacfcdb2bc184bdb72c61e6c1145e26b95cd25bd16a85,top_route_path in hash-verified formal results
PaRoutes120,n1_4208,rootaligned_retrostar,True,closed,4,1d2065f9e0ebbcf751c9c46e15c66ce965f48026bfa974bc3dc69155a6099c8c,top_route_path in hash-verified formal results
PaRoutes120,n1_4328,rootaligned_retrostar,True,closed,2,a10c905e4f6a9ed95da9c6b834e4b4cde84c8169bd50b9657e24d5fbf190619f,top_route_path in hash-verified formal results
PaRoutes120,n1_4823,rootaligned_retrostar,True,closed,2,79079ed14ca1080a6fe0cf9299d8f18657a3542414d813ca13a75018afaaf18a,top_route_path in hash-verified formal results
PaRoutes120,n1_5245,rootaligned_retrostar,True,closed,3,774a56e515d47410dd0abf2fad011cd268daee2d59f898baad5cbb0c5028e8a3,top_route_path in hash-verified formal results
PaRoutes120,n1_5357,rootaligned_retrostar,False,open,3,3598c440eb97abf0db6e0d28a812c126c1f037a6c4a4d1eb2512fc29abdd78ec,top_route_path in hash-verified formal results
PaRoutes120,n1_5654,rootaligned_retrostar,True,closed,2,f2ff1abff07565a3e9aea6d2d63a62fd305bcc885e0e0bcc99b3aa9ee9cb3f2c,top_route_path in hash-verified formal results
PaRoutes120,n1_5948,rootaligned_retrostar,True,closed,5,966e4cc923719fbab63eb26582c17f88ad423e920cd40830cb4b7d077bafecf9,top_route_path in hash-verified formal results
PaRoutes120,n1_6102,rootaligned_retrostar,False,no_route,0,,
PaRoutes120,n1_6381,rootaligned_retrostar,True,closed,4,0cc52b3903572d8d4897838c6664f484beecebc870e0c9f75bd80f586dd0fd0a,top_route_path in hash-verified formal results
PaRoutes120,n1_6397,rootaligned_retrostar,True,closed,4,1b3f243dca78c47f58f7f26918a3affb813d6826ba60fa693a34ee58fee57880,top_route_path in hash-verified formal results
PaRoutes120,n1_6589,rootaligned_retrostar,False,open,3,899aa84863ec1e0dcbf5a063727b72d29427b1f05ad1f305e2f6873cc4656a5b,top_route_path in hash-verified formal results
PaRoutes120,n1_6714,rootaligned_retrostar,True,closed,3,0d89d22d389703f0d290d0f6bde78349c2797116d4285d2a86de0c3f2a5d7a57,top_route_path in hash-verified formal results
PaRoutes120,n1_6952,rootaligned_retrostar,True,closed,4,17761d183f725738e13605636fd344cab335d8011b5195742c6b20d102d6478a,top_route_path in hash-verified formal results
PaRoutes120,n1_7007,rootaligned_retrostar,False,open,1,cce63b5e0999abbff0b4b0887a944f9749d71f8c937ff6c7a1f32673a039abdf,top_route_path in hash-verified formal results
PaRoutes120,n1_7287,rootaligned_retrostar,False,open,3,4e46aa2b9418b3a31549b868ff090878a0634c11022b8067c30875c317ff121e,top_route_path in hash-verified formal results
PaRoutes120,n1_7500,rootaligned_retrostar,False,no_route,0,,
PaRoutes120,n1_7553,rootaligned_retrostar,True,closed,3,f546967a10bc570d786c5463fcf4ff17b20dbc08e78cdf9ce031e682f4b6e809,top_route_path in hash-verified formal results
PaRoutes120,n1_7678,rootaligned_retrostar,True,closed,2,ce759d7bd01c92d51f38195f87779550bdc2c07f23e863a4749408840dea79a9,top_route_path in hash-verified formal results
PaRoutes120,n1_7943,rootaligned_retrostar,False,open,2,0a3d0d309c0cac92e4b3d5fca8278e71a0fc0b7967adbca908fbbfabc887a50b,top_route_path in hash-verified formal results
PaRoutes120,n1_8105,rootaligned_retrostar,True,closed,4,b9babf3242daae8768dfb85ece6f6a46c90dbe095270f5bef251bcfb40fe4fe9,top_route_path in hash-verified formal results
PaRoutes120,n1_8382,rootaligned_retrostar,False,open,2,7eaf856eb23c35ec7a2a091145ef5a89f341859adfe2f0d09690f9e7be746b5b,top_route_path in hash-verified formal results
PaRoutes120,n1_8397,rootaligned_retrostar,False,open,4,f8da5e88cc99285013f8877fccc6fe1ed34a446389c0f63944225b7a399f90af,top_route_path in hash-verified formal results
PaRoutes120,n1_8498,rootaligned_retrostar,False,no_route,0,,
PaRoutes120,n1_8613,rootaligned_retrostar,True,closed,4,0aaf78c4ae04a16d7ca7efed40448332273812bd8185fce77fff29dba6e4dd3d,top_route_path in hash-verified formal results
PaRoutes120,n1_8633,rootaligned_retrostar,True,closed,5,dda7c38e78b4c8eb5fcc3f26cd80c49196e8113b07fe3344205a265993f7824c,top_route_path in hash-verified formal results
PaRoutes120,n1_8654,rootaligned_retrostar,True,closed,4,c7f6a9e0af8fe16c4079053cac915091b697963a732d9d7bc191cb8a609e8ba4,top_route_path in hash-verified formal results
PaRoutes120,n1_8725,rootaligned_retrostar,False,no_route,0,,
PaRoutes120,n1_9128,rootaligned_retrostar,True,closed,4,8f4cfad7539dd15940b6f09e204588c382ca3a54d426197efc9d8a70d03e7789,top_route_path in hash-verified formal results
PaRoutes120,n1_9743,rootaligned_retrostar,False,no_route,0,,
PaRoutes120,n1_9822,rootaligned_retrostar,True,closed,4,3643e9902d2180211ab396c2913b90b0d8cc85509f99b5e57b07957ce08be993,top_route_path in hash-verified formal results
PaRoutes120,n1_9869,rootaligned_retrostar,True,closed,2,78d3d0cfb15e94f5bdbbb00f31ff8c9bdecd178a49b41e65c98d82144a8cfafc,top_route_path in hash-verified formal results
PaRoutes120,n5_129,rootaligned_retrostar,False,no_route,0,,
PaRoutes120,n5_234,rootaligned_retrostar,False,no_route,0,,
PaRoutes120,n5_431,rootaligned_retrostar,False,no_route,0,,
PaRoutes120,n5_441,rootaligned_retrostar,True,closed,8,416dab39f12db49391b627268fbd322355687323e34c330cb8e9fbb0a8112cc9,top_route_path in hash-verified formal results
PaRoutes120,n5_633,rootaligned_retrostar,False,open,6,63bae65040dff563aa9432076ceb648a1b6be83e5786213e58cbb1c9b1aff111,top_route_path in hash-verified formal results
PaRoutes120,n5_659,rootaligned_retrostar,True,closed,4,aff07ed02b31a01b730e0319696a4fe54b0d70e99c9d6a641a69171f32e57179,top_route_path in hash-verified formal results
PaRoutes120,n5_880,rootaligned_retrostar,True,closed,4,1464f0f987aeabeb3cc3df85181232e62d5d05c4d4b6807ae4d8bb8567cb16a3,top_route_path in hash-verified formal results
PaRoutes120,n5_1096,rootaligned_retrostar,True,closed,5,b17de641f067b67e6047ee882011632a0130ad95079c4eda6284c39e3c0eebe9,top_route_path in hash-verified formal results
PaRoutes120,n5_1115,rootaligned_retrostar,True,closed,6,c7711ad7938ca3ff9f67a8af8b372367d30b9916fded3836ab99523781f8d577,top_route_path in hash-verified formal results
PaRoutes120,n5_1276,rootaligned_retrostar,True,closed,4,c50c59c7ca22d1d913ab38481c6fa22d6215a418b24a7d87152546dda31c9840,top_route_path in hash-verified formal results
PaRoutes120,n5_1298,rootaligned_retrostar,False,open,2,802b0ecefeec08778ed91083eefebe2e745496fcf108afd8c6e904d3d022011e,top_route_path in hash-verified formal results
PaRoutes120,n5_1391,rootaligned_retrostar,True,closed,2,92f123076fc0cead922ef0ec9960b04c616e85f787a6035d66cac427b5fd150c,top_route_path in hash-verified formal results
PaRoutes120,n5_1480,rootaligned_retrostar,True,closed,4,ecfa5662ad4c0875f33a9be930e12e546a2a86c5ecbf3b16a15362db39aecc8e,top_route_path in hash-verified formal results
PaRoutes120,n5_1811,rootaligned_retrostar,False,no_route,0,,
PaRoutes120,n5_2106,rootaligned_retrostar,True,closed,4,ac44eb65c6372a507d657f4c8fd44d169e854fcc5fea7e65baa2497e932ff815,top_route_path in hash-verified formal results
PaRoutes120,n5_2120,rootaligned_retrostar,True,closed,3,5c54c8d203c25cbdd05270d64454387906fb6b7ba323b708044797075dd36bd6,top_route_path in hash-verified formal results
PaRoutes120,n5_2488,rootaligned_retrostar,False,open,4,91cffa2e7afcabdafdc2b744aa228520b9b760b6a8b9dab69e755802fed97b16,top_route_path in hash-verified formal results
PaRoutes120,n5_2779,rootaligned_retrostar,True,closed,3,1ecb540a80d6a4acc7cd520d45220ebbe99612ee8b1a7e5167328759e9154ab4,top_route_path in hash-verified formal results
PaRoutes120,n5_2816,rootaligned_retrostar,True,closed,5,1637d267bf26bc7de77c98f6201365c78fe4cedff2c2ba84674c1de90462e7c6,top_route_path in hash-verified formal results
PaRoutes120,n5_2817,rootaligned_retrostar,False,no_route,0,,
PaRoutes120,n5_2847,rootaligned_retrostar,True,closed,5,67aca47d6ada06b233213f16147a2e0ec886769f723497710ac3217f2c2be833,top_route_path in hash-verified formal results
PaRoutes120,n5_2879,rootaligned_retrostar,True,closed,5,fafc2a850eb1db282e3f8f4dcf827c2800a19ed6e10fcd4af1024d7c39080857,top_route_path in hash-verified formal results
PaRoutes120,n5_3042,rootaligned_retrostar,False,no_route,0,,
PaRoutes120,n5_3622,rootaligned_retrostar,False,open,3,0d68f9d322f060312f29e5c10758c1bff615cb00ab3db9da829021cbc516b610,top_route_path in hash-verified formal results
PaRoutes120,n5_3850,rootaligned_retrostar,False,no_route,0,,
PaRoutes120,n5_3961,rootaligned_retrostar,False,open,4,65180b0551404054abcaf4fe44169d91ce00afd0d5fc3292ce19773f5405aa32,top_route_path in hash-verified formal results
PaRoutes120,n5_4003,rootaligned_retrostar,True,closed,7,3d286c7ed3bde4c29bdfbe948befbd62bddb57200864b37eae66beeebc5ce1a3,top_route_path in hash-verified formal results
PaRoutes120,n5_4017,rootaligned_retrostar,True,closed,5,1190d64730e7d8478773aa4b4e532cd9c77506c3534d247f996ef75947b56e57,top_route_path in hash-verified formal results
PaRoutes120,n5_4134,rootaligned_retrostar,True,closed,7,7cee7769090de2b6ef46a66cb7113d4c87b1556176cb5767fe9dcd5c201e8072,top_route_path in hash-verified formal results
PaRoutes120,n5_4328,rootaligned_retrostar,True,closed,6,937088246237c70efc3d18fc5a8935b31eb67927bfb50861f3f6fe63d6c7abea,top_route_path in hash-verified formal results
PaRoutes120,n5_4400,rootaligned_retrostar,False,open,5,20e101c95709ebc32e76b43f7e4c313413ccd5a8650280a52b09e7e6f2820ed7,top_route_path in hash-verified formal results
PaRoutes120,n5_5256,rootaligned_retrostar,False,open,3,bca028ffbe7faf82b24606d1bc1a38005ed101712ff5a5a477a5e1e78dbe395a,top_route_path in hash-verified formal results
PaRoutes120,n5_5306,rootaligned_retrostar,True,closed,3,332702823648269819b8e1d68ca866928a351482d8cfe14f9c9587d7d44ba53c,top_route_path in hash-verified formal results
PaRoutes120,n5_5313,rootaligned_retrostar,True,closed,5,14155565f98b7a9da92eb15dd71c7edcf62816987fb0da8c8083ab44cd30964b,top_route_path in hash-verified formal results
PaRoutes120,n5_5455,rootaligned_retrostar,True,closed,3,1add02ebe99c8325e87a838d5dac559a8864d1d1f493a556c605089798449971,top_route_path in hash-verified formal results
PaRoutes120,n5_5531,rootaligned_retrostar,True,closed,3,1677b136f0207a89365bcb171ad456a6422b7814a283df8ec4839a57f4d2ce60,top_route_path in hash-verified formal results
PaRoutes120,n5_5628,rootaligned_retrostar,True,closed,3,e141105f57f60e12dd0a285e634250fde0e703f1d06b865a092ec23515dcaad8,top_route_path in hash-verified formal results
PaRoutes120,n5_5654,rootaligned_retrostar,False,open,4,4b60531fc98c926b6c9b2292434255c08935ae933a09e391c542eead99679e0e,top_route_path in hash-verified formal results
PaRoutes120,n5_6004,rootaligned_retrostar,False,open,4,cc6c3c5a96dc803319959b1a64a1ad35bd838f1f6a291f9c307d333f086b46c7,top_route_path in hash-verified formal results
PaRoutes120,n5_6115,rootaligned_retrostar,True,closed,6,28ece4b0ea31e8a84a3fb9d38323683c900b40dcaa02329a475ffb0ac289ae10,top_route_path in hash-verified formal results
PaRoutes120,n5_6397,rootaligned_retrostar,True,closed,4,61fec1c1971a17fc7916e08fd277988915da6078cf96ef13b1740fde1381348b,top_route_path in hash-verified formal results
PaRoutes120,n5_6445,rootaligned_retrostar,False,open,3,73920add95e2f4595d0d56841d37ff48fea05f5a744976741fbcbc18ca4c1b53,top_route_path in hash-verified formal results
PaRoutes120,n5_6541,rootaligned_retrostar,True,closed,3,0636d9db2ded41d89390b8eb9ac86edae7e0c97f98fe775776f436e4d799b6ac,top_route_path in hash-verified formal results
PaRoutes120,n5_6568,rootaligned_retrostar,False,open,3,255512b70721fc7b2d52ced5a59f9c8dcb37789a9b1681edfcd63ac8524dccc3,top_route_path in hash-verified formal results
PaRoutes120,n5_6926,rootaligned_retrostar,False,open,5,5b20b5e45b07e21d6044e15200fffc7d4d16a30261e6988b6ec8469528a3ba36,top_route_path in hash-verified formal results
PaRoutes120,n5_7157,rootaligned_retrostar,True,closed,4,96fd3c9ca758598b4644340cdb215e3903093ef53d2090c008b423e3b3f4763a,top_route_path in hash-verified formal results
PaRoutes120,n5_7287,rootaligned_retrostar,False,no_route,0,,
PaRoutes120,n5_7593,rootaligned_retrostar,False,no_route,0,,
PaRoutes120,n5_7630,rootaligned_retrostar,True,closed,3,7a1bb335a92bfe2ef6193243581525c136cbc4eb6187e2ac739bc98497fad7df,top_route_path in hash-verified formal results
PaRoutes120,n5_7685,rootaligned_retrostar,False,no_route,0,,
PaRoutes120,n5_7796,rootaligned_retrostar,True,closed,3,826f29f931110d9f05c95146e5f9edea5ec75ac150fa1beda6e869a856e591a2,top_route_path in hash-verified formal results
PaRoutes120,n5_7805,rootaligned_retrostar,False,open,3,5f12cc57dd48adbb4caa40ad5d3949b430dfb739f24b1c11ec5acad4fc79f44c,top_route_path in hash-verified formal results
PaRoutes120,n5_7899,rootaligned_retrostar,True,closed,4,434d80eb8f3500198e036fae7eb5501dd54193c4b0680d978dbd0012b20c0dee,top_route_path in hash-verified formal results
PaRoutes120,n5_7967,rootaligned_retrostar,True,closed,3,8706354eca11bd17c91de240bf9852cae8f443f862acdfb1eb33b4a1caf3a853,top_route_path in hash-verified formal results
PaRoutes120,n5_8105,rootaligned_retrostar,True,closed,4,21ddd3edba55d485f9cf0676862dc6c7a86cf22d4e456006967f924ba416d16d,top_route_path in hash-verified formal results
PaRoutes120,n5_8189,rootaligned_retrostar,True,closed,5,ba8908b4f6ac08844137b0a3e58ca19b815e9f05dbe921b84ba51b9d484df548,top_route_path in hash-verified formal results
PaRoutes120,n5_8613,rootaligned_retrostar,False,open,3,187a822632737f63ec0bc55a68790317d3a5ffd4d9e5c9217e9cfbfa30072514,top_route_path in hash-verified formal results
PaRoutes120,n5_8672,rootaligned_retrostar,False,open,3,746d3926f34c7bbe6e225e012b163652840c24b68b99de46c15b2314bc9a6c9f,top_route_path in hash-verified formal results
PaRoutes120,n5_8918,rootaligned_retrostar,False,open,4,bb6d764e76c9ff867c3f2f2348261054f10cbbe562ded4768d5773ffc6dc7965,top_route_path in hash-verified formal results
PaRoutes120,n5_9093,rootaligned_retrostar,False,open,4,d9408470e695ad191e7bae07aafc9ec994ab0ff1c58adfdfab9f1b54ad85a4fa,top_route_path in hash-verified formal results
PaRoutes120,n5_9115,rootaligned_retrostar,False,open,3,e51ae4c45fd8aed5ac77687957f71ef1f17ad9b4dfc8cb4f41ba42f521efa104,top_route_path in hash-verified formal results
PaRoutes120,n5_9145,rootaligned_retrostar,True,closed,4,50df31b10d3f8f54984bc75bd92e5c6fb4949afe5fa27412c38eff79bb422e45,top_route_path in hash-verified formal results
PaRoutes120,n5_9281,rootaligned_retrostar,False,open,2,f515e739ce1f66e16a4871c456d237c91ff4827d36c925d3c2f487760f217dfd,top_route_path in hash-verified formal results
PaRoutes120,n5_9293,rootaligned_retrostar,True,closed,2,1b5bf8d99992817b9b88464c26ca1a8e3d006b1b3eee4f577fd95a6568f62fe0,top_route_path in hash-verified formal results
PaRoutes120,n5_9501,rootaligned_retrostar,True,closed,5,3431f4538ca1727c3f3a56e93b825454553a571b66e1b8ee29cdbd68ff7bf1cd,top_route_path in hash-verified formal results
PaRoutes120,n5_9628,rootaligned_retrostar,True,closed,3,3be0c91109fdb2c374409fb618f3fd8ed03bab266f822e0d21e7d77f63101b02,top_route_path in hash-verified formal results
PaRoutes120,n5_9743,rootaligned_retrostar,True,closed,2,f25d67b746532ab5c5a16ee28f06c6a543005b73d42395122913508e2c47a7ef,top_route_path in hash-verified formal results
PaRoutes120,n5_9869,rootaligned_retrostar,True,closed,2,bd015d52830f85b7f5f321b535747f314b6a6a6c5f9985a7643712eef6b232f4,top_route_path in hash-verified formal results
PaRoutes120,n5_9998,rootaligned_retrostar,False,no_route,0,,
PaRoutes120,n1_366,rootaligned_mcts,True,closed,2,ffc7e4ddf4916f54fc05c4416665903d8147997be7d36fe5ef9a6f7c5da6bdbc,top_route_path in hash-verified formal results
PaRoutes120,n1_566,rootaligned_mcts,False,no_route,0,,
PaRoutes120,n1_659,rootaligned_mcts,True,closed,3,aceadd7edcb5e90842e418aa62f4f845c6203cb353df20cdc79ab00ce8dc1faa,top_route_path in hash-verified formal results
PaRoutes120,n1_849,rootaligned_mcts,False,no_route,0,,
PaRoutes120,n1_883,rootaligned_mcts,False,no_route,0,,
PaRoutes120,n1_1020,rootaligned_mcts,False,no_route,0,,
PaRoutes120,n1_1096,rootaligned_mcts,False,no_route,0,,
PaRoutes120,n1_1115,rootaligned_mcts,True,closed,2,c817aff15da2cdcace728124ccd7edfce1c10eb1b89d8bdd3624949d9777104c,top_route_path in hash-verified formal results
PaRoutes120,n1_1276,rootaligned_mcts,False,no_route,0,,
PaRoutes120,n1_1307,rootaligned_mcts,True,closed,3,2f4636f939f0069fc0937e0d3527c6aee3002d5f89274f37b27197cfd743ecc1,top_route_path in hash-verified formal results
PaRoutes120,n1_1391,rootaligned_mcts,True,closed,3,d5796c484fa59cf29f696a1f6859b2a0626b73c490d5702732af30a07329f060,top_route_path in hash-verified formal results
PaRoutes120,n1_2261,rootaligned_mcts,True,closed,3,88a9c1f0a0b8b620a6223319ea9b7f042ebbbfa7d3ff701a027f60c45347bdeb,top_route_path in hash-verified formal results
PaRoutes120,n1_2324,rootaligned_mcts,False,open,3,0ae2edc6d974a3737e0668a27761edfe5ba601a53d66336818676fe66f1c53f8,top_route_path in hash-verified formal results
PaRoutes120,n1_2500,rootaligned_mcts,False,open,3,7e133aca80de39f8b799454cdd9048398af84b6cecb51885b766d1f2d2f53276,top_route_path in hash-verified formal results
PaRoutes120,n1_2664,rootaligned_mcts,False,no_route,0,,
PaRoutes120,n1_2879,rootaligned_mcts,True,closed,3,acf3b521105e3c391fd56df5f96ef6f6742abb15a32c0aae2365acebd12c4c33,top_route_path in hash-verified formal results
PaRoutes120,n1_3447,rootaligned_mcts,False,no_route,0,,
PaRoutes120,n1_3899,rootaligned_mcts,True,closed,1,c6122ebb315f0178cba8dc6175a9b6cab09bf8ecedc0edb2616637591427fd1e,top_route_path in hash-verified formal results
PaRoutes120,n1_4003,rootaligned_mcts,False,open,3,be1a1658af0792665163cdc0b0c9deb4ac94fd2d64a5036e22960116e063d316,top_route_path in hash-verified formal results
PaRoutes120,n1_4140,rootaligned_mcts,True,closed,1,02d0653f8a9b947cafcaacfcdb2bc184bdb72c61e6c1145e26b95cd25bd16a85,top_route_path in hash-verified formal results
PaRoutes120,n1_4208,rootaligned_mcts,True,closed,2,ad80111b28cbd7fe5e7a72cc67b6446c3d54abd23c8efe6a4a644a316a1d7d82,top_route_path in hash-verified formal results
PaRoutes120,n1_4328,rootaligned_mcts,True,closed,2,a10c905e4f6a9ed95da9c6b834e4b4cde84c8169bd50b9657e24d5fbf190619f,top_route_path in hash-verified formal results
PaRoutes120,n1_4823,rootaligned_mcts,True,closed,2,79079ed14ca1080a6fe0cf9299d8f18657a3542414d813ca13a75018afaaf18a,top_route_path in hash-verified formal results
PaRoutes120,n1_5245,rootaligned_mcts,True,closed,3,774a56e515d47410dd0abf2fad011cd268daee2d59f898baad5cbb0c5028e8a3,top_route_path in hash-verified formal results
PaRoutes120,n1_5357,rootaligned_mcts,False,open,3,3598c440eb97abf0db6e0d28a812c126c1f037a6c4a4d1eb2512fc29abdd78ec,top_route_path in hash-verified formal results
PaRoutes120,n1_5654,rootaligned_mcts,True,closed,2,f2ff1abff07565a3e9aea6d2d63a62fd305bcc885e0e0bcc99b3aa9ee9cb3f2c,top_route_path in hash-verified formal results
PaRoutes120,n1_5948,rootaligned_mcts,False,open,2,7cebfdd28753889a744ec0253d2441c6e801f8b896cccb0ade615c682e3662c3,top_route_path in hash-verified formal results
PaRoutes120,n1_6102,rootaligned_mcts,False,no_route,0,,
PaRoutes120,n1_6381,rootaligned_mcts,True,closed,4,3a6f671a326656998eebb0d378eeb68d19abda5b5558d8a5b14b65f309a5940a,top_route_path in hash-verified formal results
PaRoutes120,n1_6397,rootaligned_mcts,True,closed,4,fd8de91e9de339b50e4a3d0b844e9bb4ff1a0b65156aaf47a85eee45fdb02c01,top_route_path in hash-verified formal results
PaRoutes120,n1_6589,rootaligned_mcts,False,open,2,92d7f49224f3cec1a279c4fac9d93e159c281ee252ce4cedf693748d65545d2c,top_route_path in hash-verified formal results
PaRoutes120,n1_6714,rootaligned_mcts,True,closed,3,0d89d22d389703f0d290d0f6bde78349c2797116d4285d2a86de0c3f2a5d7a57,top_route_path in hash-verified formal results
PaRoutes120,n1_6952,rootaligned_mcts,True,closed,2,d5b2dc7de2c1a566a70a6a2f6a6134f5c1da9855c0a195626ba672f1153d3cba,top_route_path in hash-verified formal results
PaRoutes120,n1_7007,rootaligned_mcts,False,open,1,cce63b5e0999abbff0b4b0887a944f9749d71f8c937ff6c7a1f32673a039abdf,top_route_path in hash-verified formal results
PaRoutes120,n1_7287,rootaligned_mcts,False,open,3,4e46aa2b9418b3a31549b868ff090878a0634c11022b8067c30875c317ff121e,top_route_path in hash-verified formal results
PaRoutes120,n1_7500,rootaligned_mcts,True,closed,2,c493e2d12dad10ee22aa1ac75faa2ce8de0f0052986fc053a861cbcfa12d718b,top_route_path in hash-verified formal results
PaRoutes120,n1_7553,rootaligned_mcts,True,closed,3,f546967a10bc570d786c5463fcf4ff17b20dbc08e78cdf9ce031e682f4b6e809,top_route_path in hash-verified formal results
PaRoutes120,n1_7678,rootaligned_mcts,True,closed,2,ce759d7bd01c92d51f38195f87779550bdc2c07f23e863a4749408840dea79a9,top_route_path in hash-verified formal results
PaRoutes120,n1_7943,rootaligned_mcts,False,open,2,0a3d0d309c0cac92e4b3d5fca8278e71a0fc0b7967adbca908fbbfabc887a50b,top_route_path in hash-verified formal results
PaRoutes120,n1_8105,rootaligned_mcts,True,closed,3,eac13d9c6767deebefc54f713abd89f442f956861f4972d03c033ddb4f1a6a2d,top_route_path in hash-verified formal results
PaRoutes120,n1_8382,rootaligned_mcts,False,open,2,7eaf856eb23c35ec7a2a091145ef5a89f341859adfe2f0d09690f9e7be746b5b,top_route_path in hash-verified formal results
PaRoutes120,n1_8397,rootaligned_mcts,True,closed,3,8f25df586edec7ad07d3b8b10e6ad0a6081b958d2717dc1a85b76d1df9d7385f,top_route_path in hash-verified formal results
PaRoutes120,n1_8498,rootaligned_mcts,False,no_route,0,,
PaRoutes120,n1_8613,rootaligned_mcts,True,closed,3,e0d6cc7720f59b6d376e4cc0db070ac753c5c28836ac96268b3589ddae9c70d3,top_route_path in hash-verified formal results
PaRoutes120,n1_8633,rootaligned_mcts,True,closed,3,b502bc15e27c3f29b3d7650d7d8e48da1cb0e78d7a8a6be0b535d4b34292e1ec,top_route_path in hash-verified formal results
PaRoutes120,n1_8654,rootaligned_mcts,True,closed,3,3ce0e56904f54a155e49973fda2ed1eda10060a26c9fb5cc96cac80494bfbe5e,top_route_path in hash-verified formal results
PaRoutes120,n1_8725,rootaligned_mcts,True,closed,3,e207185baf858ddbde1a828fa875b466c7fd3883811eb93a25a5127210d804c2,top_route_path in hash-verified formal results
PaRoutes120,n1_9128,rootaligned_mcts,True,closed,2,17fc518000b99b80d8364e6f25fa6c2df800b52a369944280db5c6fbceda0939,top_route_path in hash-verified formal results
PaRoutes120,n1_9743,rootaligned_mcts,True,closed,2,6f467ac3b6c071050b6f94e2e24e267f1873cc5b6aac114e47280c58e299e78a,top_route_path in hash-verified formal results
PaRoutes120,n1_9822,rootaligned_mcts,True,closed,3,f73d72eeb4533113b469633a4f6d45dfda5d5bdbd20eca1e2a4d275e2a71be61,top_route_path in hash-verified formal results
PaRoutes120,n1_9869,rootaligned_mcts,True,closed,2,78d3d0cfb15e94f5bdbbb00f31ff8c9bdecd178a49b41e65c98d82144a8cfafc,top_route_path in hash-verified formal results
PaRoutes120,n5_129,rootaligned_mcts,False,no_route,0,,
PaRoutes120,n5_234,rootaligned_mcts,False,no_route,0,,
PaRoutes120,n5_431,rootaligned_mcts,False,no_route,0,,
PaRoutes120,n5_441,rootaligned_mcts,False,no_route,0,,
PaRoutes120,n5_633,rootaligned_mcts,False,no_route,0,,
PaRoutes120,n5_659,rootaligned_mcts,True,closed,3,0ae17df4657dcb15e00aa1d67fe111bd600ba19762c734d4abe2548db14dd729,top_route_path in hash-verified formal results
PaRoutes120,n5_880,rootaligned_mcts,True,closed,3,8aaa950ba74c7c1c2ed11b47b2802432c67eaf1fb6f2be4e408222d82cd34d55,top_route_path in hash-verified formal results
PaRoutes120,n5_1096,rootaligned_mcts,True,closed,3,b17759fc9f09cd4e290ec8f7aab205d8ab0784c2a1afc455ec894448d7f9b907,top_route_path in hash-verified formal results
PaRoutes120,n5_1115,rootaligned_mcts,True,closed,3,8130868c357a4b758ca6c8912a26f3b445584c66d899ffe6399d6bd7257a0aec,top_route_path in hash-verified formal results
PaRoutes120,n5_1276,rootaligned_mcts,True,closed,2,5065e565d8bc1a587e56611e7b0f7c0ce55678d83fcc3807976d82aa8eda1e69,top_route_path in hash-verified formal results
PaRoutes120,n5_1298,rootaligned_mcts,False,open,2,802b0ecefeec08778ed91083eefebe2e745496fcf108afd8c6e904d3d022011e,top_route_path in hash-verified formal results
PaRoutes120,n5_1391,rootaligned_mcts,False,open,2,2af3f601d09c9c8e5522195cb841ae47ee56336a4a037704939245488cd6c101,top_route_path in hash-verified formal results
PaRoutes120,n5_1480,rootaligned_mcts,False,no_route,0,,
PaRoutes120,n5_1811,rootaligned_mcts,False,no_route,0,,
PaRoutes120,n5_2106,rootaligned_mcts,True,closed,4,f93b678546abddd7eb70380623507fc0f081fee2a96520d54a8d896de90411a8,top_route_path in hash-verified formal results
PaRoutes120,n5_2120,rootaligned_mcts,True,closed,3,5c54c8d203c25cbdd05270d64454387906fb6b7ba323b708044797075dd36bd6,top_route_path in hash-verified formal results
PaRoutes120,n5_2488,rootaligned_mcts,True,closed,2,cf88a12d6c3e3e2f173182e46751b6e17a74b6aca0370457ba31b14a045fe9e4,top_route_path in hash-verified formal results
PaRoutes120,n5_2779,rootaligned_mcts,True,closed,3,1ecb540a80d6a4acc7cd520d45220ebbe99612ee8b1a7e5167328759e9154ab4,top_route_path in hash-verified formal results
PaRoutes120,n5_2816,rootaligned_mcts,False,no_route,0,,
PaRoutes120,n5_2817,rootaligned_mcts,False,no_route,0,,
PaRoutes120,n5_2847,rootaligned_mcts,True,closed,3,c92a58fec6421e0bab166f7494c44dd45c7998a9c0604e22cade40ae73de1bc3,top_route_path in hash-verified formal results
PaRoutes120,n5_2879,rootaligned_mcts,False,no_route,0,,
PaRoutes120,n5_3042,rootaligned_mcts,False,no_route,0,,
PaRoutes120,n5_3622,rootaligned_mcts,False,open,3,0d68f9d322f060312f29e5c10758c1bff615cb00ab3db9da829021cbc516b610,top_route_path in hash-verified formal results
PaRoutes120,n5_3850,rootaligned_mcts,False,no_route,0,,
PaRoutes120,n5_3961,rootaligned_mcts,False,open,3,6d7808a6b949e78bfe5083d9d3cb23c190ee5210394c69cb0b4b8802739de05e,top_route_path in hash-verified formal results
PaRoutes120,n5_4003,rootaligned_mcts,False,open,3,f580acbe1c35a2cb5726fb5ce26e6e556df5556bb1ab291f9c953226f4cfe0e7,top_route_path in hash-verified formal results
PaRoutes120,n5_4017,rootaligned_mcts,True,closed,2,de0e18a01fb86b6cfa4527c12eb12737ef42cb7330a1c333f2294330b9055498,top_route_path in hash-verified formal results
PaRoutes120,n5_4134,rootaligned_mcts,False,open,4,9af08623d9b3297ccf42a0ab5d9e082f486a1a942b2ede8c11e8dbf9c6e60918,top_route_path in hash-verified formal results
PaRoutes120,n5_4328,rootaligned_mcts,False,no_route,0,,
PaRoutes120,n5_4400,rootaligned_mcts,False,open,4,e6133661b59cd337b5a734bda78542fb1c63fd5cc9a78c9f416a608dc695b573,top_route_path in hash-verified formal results
PaRoutes120,n5_5256,rootaligned_mcts,False,open,3,bca028ffbe7faf82b24606d1bc1a38005ed101712ff5a5a477a5e1e78dbe395a,top_route_path in hash-verified formal results
PaRoutes120,n5_5306,rootaligned_mcts,True,closed,3,332702823648269819b8e1d68ca866928a351482d8cfe14f9c9587d7d44ba53c,top_route_path in hash-verified formal results
PaRoutes120,n5_5313,rootaligned_mcts,True,closed,3,a866890cd67647cb1f0d6aedfc7c2e20c274b4195bc35d82b3faeddc3c5d435d,top_route_path in hash-verified formal results
PaRoutes120,n5_5455,rootaligned_mcts,True,closed,3,1add02ebe99c8325e87a838d5dac559a8864d1d1f493a556c605089798449971,top_route_path in hash-verified formal results
PaRoutes120,n5_5531,rootaligned_mcts,True,closed,3,6f30ba8e10fb1faab335df0580a0b9c3b44a391f78aceafed7c0eda3c5af525a,top_route_path in hash-verified formal results
PaRoutes120,n5_5628,rootaligned_mcts,True,closed,3,e141105f57f60e12dd0a285e634250fde0e703f1d06b865a092ec23515dcaad8,top_route_path in hash-verified formal results
PaRoutes120,n5_5654,rootaligned_mcts,False,no_route,0,,
PaRoutes120,n5_6004,rootaligned_mcts,True,closed,3,0d33f09ad5b117c5bc451c09ee8c91a220aa4ff8f00d8ac84a6423ae19ad4524,top_route_path in hash-verified formal results
PaRoutes120,n5_6115,rootaligned_mcts,True,closed,3,a4cc30d59da7693933e0bf5deab436d2feef2f2391549d6871c0ba1f9b1eb978,top_route_path in hash-verified formal results
PaRoutes120,n5_6397,rootaligned_mcts,True,closed,1,5115262ef2e8dbef39c58624b9d62b0ffa2503ba56d56a370faff28e93044040,top_route_path in hash-verified formal results
PaRoutes120,n5_6445,rootaligned_mcts,False,open,3,73920add95e2f4595d0d56841d37ff48fea05f5a744976741fbcbc18ca4c1b53,top_route_path in hash-verified formal results
PaRoutes120,n5_6541,rootaligned_mcts,True,closed,2,402313f44cd2683848ea1475e5a39ff971bddf30a4c9a48eceef1149b4350724,top_route_path in hash-verified formal results
PaRoutes120,n5_6568,rootaligned_mcts,False,open,3,985379e982b171ade45a58032a13162169e405588c02de5e07d9e5f5df7c1459,top_route_path in hash-verified formal results
PaRoutes120,n5_6926,rootaligned_mcts,False,open,3,9b6be87ec10b5eb9b1c6fdec66dcffafc829af3723d008eb43c5a9ae14f6cfbb,top_route_path in hash-verified formal results
PaRoutes120,n5_7157,rootaligned_mcts,True,closed,4,96fd3c9ca758598b4644340cdb215e3903093ef53d2090c008b423e3b3f4763a,top_route_path in hash-verified formal results
PaRoutes120,n5_7287,rootaligned_mcts,False,no_route,0,,
PaRoutes120,n5_7593,rootaligned_mcts,True,closed,2,b41a0fb86157c29da8f420385d8704580ff06eb6e40fb3880ffd0de124b4001c,top_route_path in hash-verified formal results
PaRoutes120,n5_7630,rootaligned_mcts,True,closed,3,7a1bb335a92bfe2ef6193243581525c136cbc4eb6187e2ac739bc98497fad7df,top_route_path in hash-verified formal results
PaRoutes120,n5_7685,rootaligned_mcts,False,no_route,0,,
PaRoutes120,n5_7796,rootaligned_mcts,True,closed,3,826f29f931110d9f05c95146e5f9edea5ec75ac150fa1beda6e869a856e591a2,top_route_path in hash-verified formal results
PaRoutes120,n5_7805,rootaligned_mcts,False,open,3,5f12cc57dd48adbb4caa40ad5d3949b430dfb739f24b1c11ec5acad4fc79f44c,top_route_path in hash-verified formal results
PaRoutes120,n5_7899,rootaligned_mcts,True,closed,3,37159d4fd3bd5d866500f9cbc5722178fb9b2e0a108a718e9ce3478a8400d59f,top_route_path in hash-verified formal results
PaRoutes120,n5_7967,rootaligned_mcts,True,closed,3,4394cd5e2f99a4b43e9a75f37c10bcb75a1dcb2eba3135a567294bd43eeb20ae,top_route_path in hash-verified formal results
PaRoutes120,n5_8105,rootaligned_mcts,False,no_route,0,,
PaRoutes120,n5_8189,rootaligned_mcts,False,open,2,b0939ca7726d3af25fa29be4c5a35500971c8412979f64f0905539741eb6d459,top_route_path in hash-verified formal results
PaRoutes120,n5_8613,rootaligned_mcts,True,closed,2,71a5a328f87ac145ec13249608457c9e06dd32381239d2f5d975e00006347358,top_route_path in hash-verified formal results
PaRoutes120,n5_8672,rootaligned_mcts,False,open,2,ad4e715161f9f1d2d6be6fc83b45ee6e0bc305f0d7f78701f80fbc447a8e19a5,top_route_path in hash-verified formal results
PaRoutes120,n5_8918,rootaligned_mcts,False,open,4,bb6d764e76c9ff867c3f2f2348261054f10cbbe562ded4768d5773ffc6dc7965,top_route_path in hash-verified formal results
PaRoutes120,n5_9093,rootaligned_mcts,False,open,3,9e10819d4a1d58bbd5a702c280418756781a71f9c8902d5c543f8c4fadb69657,top_route_path in hash-verified formal results
PaRoutes120,n5_9115,rootaligned_mcts,False,open,3,e51ae4c45fd8aed5ac77687957f71ef1f17ad9b4dfc8cb4f41ba42f521efa104,top_route_path in hash-verified formal results
PaRoutes120,n5_9145,rootaligned_mcts,False,open,3,a2c0abda664a852e2eb6b7ba652c90f6e5c1b6e8b75ad3037eb32459829c4897,top_route_path in hash-verified formal results
PaRoutes120,n5_9281,rootaligned_mcts,False,open,2,f515e739ce1f66e16a4871c456d237c91ff4827d36c925d3c2f487760f217dfd,top_route_path in hash-verified formal results
PaRoutes120,n5_9293,rootaligned_mcts,True,closed,2,1b5bf8d99992817b9b88464c26ca1a8e3d006b1b3eee4f577fd95a6568f62fe0,top_route_path in hash-verified formal results
PaRoutes120,n5_9501,rootaligned_mcts,True,closed,2,80ae88271a71945fb4d009537193edb30848943158b36490715ea09d349699d5,top_route_path in hash-verified formal results
PaRoutes120,n5_9628,rootaligned_mcts,True,closed,3,3be0c91109fdb2c374409fb618f3fd8ed03bab266f822e0d21e7d77f63101b02,top_route_path in hash-verified formal results
PaRoutes120,n5_9743,rootaligned_mcts,True,closed,2,f25d67b746532ab5c5a16ee28f06c6a543005b73d42395122913508e2c47a7ef,top_route_path in hash-verified formal results
PaRoutes120,n5_9869,rootaligned_mcts,True,closed,2,bd015d52830f85b7f5f321b535747f314b6a6a6c5f9985a7643712eef6b232f4,top_route_path in hash-verified formal results
PaRoutes120,n5_9998,rootaligned_mcts,False,no_route,0,,
PaRoutes120,n1_366,localretro_retrostar,True,closed,5,53d4137bbe59fc2a8c305822182ce8a6ae60d33a12509b45a9bf80da21fc68b8,top_route_path in hash-verified formal results
PaRoutes120,n1_566,localretro_retrostar,True,closed,4,1e18987bf6eda31a64822fd20cc5ec1fe39692c005c8c1f1c8c451d8320021e6,top_route_path in hash-verified formal results
PaRoutes120,n1_659,localretro_retrostar,True,closed,3,aceadd7edcb5e90842e418aa62f4f845c6203cb353df20cdc79ab00ce8dc1faa,top_route_path in hash-verified formal results
PaRoutes120,n1_849,localretro_retrostar,False,no_route,0,,
PaRoutes120,n1_883,localretro_retrostar,True,closed,5,646f4b9a24743c1f63b06d80cd7cab4d5f19fd7e7fdbf5dfa3e4dc9116dcdcb3,top_route_path in hash-verified formal results
PaRoutes120,n1_1020,localretro_retrostar,False,no_route,0,,
PaRoutes120,n1_1096,localretro_retrostar,False,no_route,0,,
PaRoutes120,n1_1115,localretro_retrostar,False,no_route,0,,
PaRoutes120,n1_1276,localretro_retrostar,False,no_route,0,,
PaRoutes120,n1_1307,localretro_retrostar,True,closed,4,ad6bf395b41dc99ca99f921b2652bbad44fbbf13a9de5ee73f9c3413f791c467,top_route_path in hash-verified formal results
PaRoutes120,n1_1391,localretro_retrostar,True,closed,3,c9439a0ef293963ecb96ceca557a5cff192b055b7fd7b30619f2ca260ab573f4,top_route_path in hash-verified formal results
PaRoutes120,n1_2261,localretro_retrostar,True,closed,3,88a9c1f0a0b8b620a6223319ea9b7f042ebbbfa7d3ff701a027f60c45347bdeb,top_route_path in hash-verified formal results
PaRoutes120,n1_2324,localretro_retrostar,False,open,4,276667ae0f85b9cea83a87678dec8eb4fd7d060c59e5b7ce8f4ae0d32b9e4291,top_route_path in hash-verified formal results
PaRoutes120,n1_2500,localretro_retrostar,False,open,5,040d266574bbe78963bae34e1b5cfa1cd121acbb2b86e7c9cdeb78003d0d49fd,top_route_path in hash-verified formal results
PaRoutes120,n1_2664,localretro_retrostar,False,no_route,0,,
PaRoutes120,n1_2879,localretro_retrostar,True,closed,4,1572cad07f748d4586704a7280a2785b43ca75f2059b37749247886c2ac9591c,top_route_path in hash-verified formal results
PaRoutes120,n1_3447,localretro_retrostar,False,no_route,0,,
PaRoutes120,n1_3899,localretro_retrostar,False,no_route,0,,
PaRoutes120,n1_4003,localretro_retrostar,False,open,2,ee0d3f32291a1cfa541fb8df580bae14e86348c2eb98656405e14aea51214182,top_route_path in hash-verified formal results
PaRoutes120,n1_4140,localretro_retrostar,True,closed,1,02d0653f8a9b947cafcaacfcdb2bc184bdb72c61e6c1145e26b95cd25bd16a85,top_route_path in hash-verified formal results
PaRoutes120,n1_4208,localretro_retrostar,True,closed,4,b3e30fe4fd293b53594bd20d094f59ad2cecc987e4e74db70e8e06447df641ad,top_route_path in hash-verified formal results
PaRoutes120,n1_4328,localretro_retrostar,True,closed,2,a10c905e4f6a9ed95da9c6b834e4b4cde84c8169bd50b9657e24d5fbf190619f,top_route_path in hash-verified formal results
PaRoutes120,n1_4823,localretro_retrostar,True,closed,2,c00a826ceefccfea9565fa407cdc30d22bf91874fff10f3715287a8fc35e635d,top_route_path in hash-verified formal results
PaRoutes120,n1_5245,localretro_retrostar,True,closed,3,a3ea0ace868d0959be8a1a1cf8c539a13b0f0b99df0f6700ee4d92761aa61ed6,top_route_path in hash-verified formal results
PaRoutes120,n1_5357,localretro_retrostar,False,open,3,3598c440eb97abf0db6e0d28a812c126c1f037a6c4a4d1eb2512fc29abdd78ec,top_route_path in hash-verified formal results
PaRoutes120,n1_5654,localretro_retrostar,True,closed,2,f2ff1abff07565a3e9aea6d2d63a62fd305bcc885e0e0bcc99b3aa9ee9cb3f2c,top_route_path in hash-verified formal results
PaRoutes120,n1_5948,localretro_retrostar,False,no_route,0,,
PaRoutes120,n1_6102,localretro_retrostar,False,no_route,0,,
PaRoutes120,n1_6381,localretro_retrostar,False,open,4,4a6d42c2aa8fcf921fa69e6d522366af121a1a3f358d21184c5bd4f1ef61ec3d,top_route_path in hash-verified formal results
PaRoutes120,n1_6397,localretro_retrostar,True,closed,3,1ff9d847247e714e7dd6dba2b3d2c87a9b32e9df10c53ea87cd8d96cdf89664c,top_route_path in hash-verified formal results
PaRoutes120,n1_6589,localretro_retrostar,False,open,2,92d7f49224f3cec1a279c4fac9d93e159c281ee252ce4cedf693748d65545d2c,top_route_path in hash-verified formal results
PaRoutes120,n1_6714,localretro_retrostar,True,closed,3,0d89d22d389703f0d290d0f6bde78349c2797116d4285d2a86de0c3f2a5d7a57,top_route_path in hash-verified formal results
PaRoutes120,n1_6952,localretro_retrostar,True,closed,7,0209106bf7896034002678be5b8b57068cd0dd625de5c5f4b37289795eef984f,top_route_path in hash-verified formal results
PaRoutes120,n1_7007,localretro_retrostar,False,open,1,cce63b5e0999abbff0b4b0887a944f9749d71f8c937ff6c7a1f32673a039abdf,top_route_path in hash-verified formal results
PaRoutes120,n1_7287,localretro_retrostar,False,open,2,30825b93ec230114703ee151242f39edb0fb170197cab151583e4cacf31bc08d,top_route_path in hash-verified formal results
PaRoutes120,n1_7500,localretro_retrostar,False,open,2,444ed9a156b3063b5380634aa6e46b49cce44939695ab5c06cce6039bf2f86f5,top_route_path in hash-verified formal results
PaRoutes120,n1_7553,localretro_retrostar,False,no_route,0,,
PaRoutes120,n1_7678,localretro_retrostar,True,closed,2,ce759d7bd01c92d51f38195f87779550bdc2c07f23e863a4749408840dea79a9,top_route_path in hash-verified formal results
PaRoutes120,n1_7943,localretro_retrostar,False,open,3,dcfd28b2b587f31af377549ab7f9b90e8ca14dd47a66fe8f157610fddb7dc14b,top_route_path in hash-verified formal results
PaRoutes120,n1_8105,localretro_retrostar,True,closed,3,462472b2d8b12454bc7f57a73898ec9ee3b8bb9f836c3ab442f25f8022533e20,top_route_path in hash-verified formal results
PaRoutes120,n1_8382,localretro_retrostar,False,open,2,7eaf856eb23c35ec7a2a091145ef5a89f341859adfe2f0d09690f9e7be746b5b,top_route_path in hash-verified formal results
PaRoutes120,n1_8397,localretro_retrostar,True,closed,5,85b2bf730c7d1002a2a592b84ed477838e10b445d8c67555e202cff889620142,top_route_path in hash-verified formal results
PaRoutes120,n1_8498,localretro_retrostar,False,no_route,0,,
PaRoutes120,n1_8613,localretro_retrostar,False,open,4,958b07ee735761b97018ec002c7da7be4c2c12fa3aa3012639a9c91bc3864d1e,top_route_path in hash-verified formal results
PaRoutes120,n1_8633,localretro_retrostar,False,no_route,0,,
PaRoutes120,n1_8654,localretro_retrostar,True,closed,4,647f18152f48499e06ef0d92c228016e53d7b1f0d431c2e2dea2b7a2fb676c35,top_route_path in hash-verified formal results
PaRoutes120,n1_8725,localretro_retrostar,False,no_route,0,,
PaRoutes120,n1_9128,localretro_retrostar,True,closed,4,e91a94098669fc880fa4f158db155d02bee6c8cba24cd0a0499c02444e9f8818,top_route_path in hash-verified formal results
PaRoutes120,n1_9743,localretro_retrostar,False,no_route,0,,
PaRoutes120,n1_9822,localretro_retrostar,True,closed,4,3643e9902d2180211ab396c2913b90b0d8cc85509f99b5e57b07957ce08be993,top_route_path in hash-verified formal results
PaRoutes120,n1_9869,localretro_retrostar,True,closed,2,78d3d0cfb15e94f5bdbbb00f31ff8c9bdecd178a49b41e65c98d82144a8cfafc,top_route_path in hash-verified formal results
PaRoutes120,n5_129,localretro_retrostar,False,no_route,0,,
PaRoutes120,n5_234,localretro_retrostar,False,no_route,0,,
PaRoutes120,n5_431,localretro_retrostar,False,no_route,0,,
PaRoutes120,n5_441,localretro_retrostar,False,no_route,0,,
PaRoutes120,n5_633,localretro_retrostar,True,closed,7,830b7dd4a1de31a67b83576aca1a784a6ec8793e654c24e4360d1eebbf60f862,top_route_path in hash-verified formal results
PaRoutes120,n5_659,localretro_retrostar,False,no_route,0,,
PaRoutes120,n5_880,localretro_retrostar,True,closed,4,bb03c25ddb35f5a5ca81756ec4f569a905aa7f55eff5c172ccd97245709cb89c,top_route_path in hash-verified formal results
PaRoutes120,n5_1096,localretro_retrostar,True,closed,4,2ce273a07314bfb7e0c1fbcca44ed6aa291653f726e6beaa47639a83c9d8a30c,top_route_path in hash-verified formal results
PaRoutes120,n5_1115,localretro_retrostar,True,closed,5,a904b8d70ba4c3c6d46777fa42622e1f59ac3e5679abce7884b645bb1a3fb85a,top_route_path in hash-verified formal results
PaRoutes120,n5_1276,localretro_retrostar,True,closed,4,c50c59c7ca22d1d913ab38481c6fa22d6215a418b24a7d87152546dda31c9840,top_route_path in hash-verified formal results
PaRoutes120,n5_1298,localretro_retrostar,False,open,2,802b0ecefeec08778ed91083eefebe2e745496fcf108afd8c6e904d3d022011e,top_route_path in hash-verified formal results
PaRoutes120,n5_1391,localretro_retrostar,False,open,2,4dcb554f7d62e8803369c768626453901e692a527e8daad6679e5fb3ff79c6d6,top_route_path in hash-verified formal results
PaRoutes120,n5_1480,localretro_retrostar,False,no_route,0,,
PaRoutes120,n5_1811,localretro_retrostar,False,no_route,0,,
PaRoutes120,n5_2106,localretro_retrostar,False,no_route,0,,
PaRoutes120,n5_2120,localretro_retrostar,True,closed,3,5c54c8d203c25cbdd05270d64454387906fb6b7ba323b708044797075dd36bd6,top_route_path in hash-verified formal results
PaRoutes120,n5_2488,localretro_retrostar,False,no_route,0,,
PaRoutes120,n5_2779,localretro_retrostar,True,closed,3,1ecb540a80d6a4acc7cd520d45220ebbe99612ee8b1a7e5167328759e9154ab4,top_route_path in hash-verified formal results
PaRoutes120,n5_2816,localretro_retrostar,False,no_route,0,,
PaRoutes120,n5_2817,localretro_retrostar,False,no_route,0,,
PaRoutes120,n5_2847,localretro_retrostar,True,closed,5,67aca47d6ada06b233213f16147a2e0ec886769f723497710ac3217f2c2be833,top_route_path in hash-verified formal results
PaRoutes120,n5_2879,localretro_retrostar,True,closed,6,c8df774229a29850d35bed4388846f2dbee3d7a5b99e2fb2c6c327b18e85ef28,top_route_path in hash-verified formal results
PaRoutes120,n5_3042,localretro_retrostar,False,no_route,0,,
PaRoutes120,n5_3622,localretro_retrostar,False,open,3,0d68f9d322f060312f29e5c10758c1bff615cb00ab3db9da829021cbc516b610,top_route_path in hash-verified formal results
PaRoutes120,n5_3850,localretro_retrostar,False,no_route,0,,
PaRoutes120,n5_3961,localretro_retrostar,False,open,4,755d7f38b233d0bd0c92078f197e5a2defb31ce1c8683de76130c432d35a66f6,top_route_path in hash-verified formal results
PaRoutes120,n5_4003,localretro_retrostar,False,open,3,17b7f62155a165b2f7914a3bd2f0997d67ca8aa6bef174fd64a1f9116f3edd04,top_route_path in hash-verified formal results
PaRoutes120,n5_4017,localretro_retrostar,True,closed,5,1190d64730e7d8478773aa4b4e532cd9c77506c3534d247f996ef75947b56e57,top_route_path in hash-verified formal results
PaRoutes120,n5_4134,localretro_retrostar,False,no_route,0,,
PaRoutes120,n5_4328,localretro_retrostar,True,closed,6,e8057a29bfa10f021589fe73dbdd6bbc7e87351f7ab5ea389121000efecd7f41,top_route_path in hash-verified formal results
PaRoutes120,n5_4400,localretro_retrostar,False,open,5,a1c07effa14ce25c24eeabd7481e141a902f1809bc788dcbe4243d26b25d0e4a,top_route_path in hash-verified formal results
PaRoutes120,n5_5256,localretro_retrostar,False,open,3,dd559660d197abe946e41b503146d3c078e2f8b22189e989e82c6c5cc1f88a69,top_route_path in hash-verified formal results
PaRoutes120,n5_5306,localretro_retrostar,True,closed,3,332702823648269819b8e1d68ca866928a351482d8cfe14f9c9587d7d44ba53c,top_route_path in hash-verified formal results
PaRoutes120,n5_5313,localretro_retrostar,True,closed,5,b60999b61fbd011ab4500e28a1e9e41d54d6b13990df02af9054eca520052653,top_route_path in hash-verified formal results
PaRoutes120,n5_5455,localretro_retrostar,True,closed,3,1add02ebe99c8325e87a838d5dac559a8864d1d1f493a556c605089798449971,top_route_path in hash-verified formal results
PaRoutes120,n5_5531,localretro_retrostar,False,no_route,0,,
PaRoutes120,n5_5628,localretro_retrostar,True,closed,1,25fb4a68fa1627dbf5c8de157af715bff0b396a1ca1e1549ec5c1379cb1d9eac,top_route_path in hash-verified formal results
PaRoutes120,n5_5654,localretro_retrostar,False,no_route,0,,
PaRoutes120,n5_6004,localretro_retrostar,False,open,4,cc6c3c5a96dc803319959b1a64a1ad35bd838f1f6a291f9c307d333f086b46c7,top_route_path in hash-verified formal results
PaRoutes120,n5_6115,localretro_retrostar,True,closed,5,4a494c70c71c40690608d1a9d6492e4626f338f4dad02dda8c215fb6edbfa1da,top_route_path in hash-verified formal results
PaRoutes120,n5_6397,localretro_retrostar,True,closed,4,8ff7e04bec6b223be7c7e8f1a6ecb0f687d6244c7eade1ee81bf0f855f977fb2,top_route_path in hash-verified formal results
PaRoutes120,n5_6445,localretro_retrostar,False,open,3,73920add95e2f4595d0d56841d37ff48fea05f5a744976741fbcbc18ca4c1b53,top_route_path in hash-verified formal results
PaRoutes120,n5_6541,localretro_retrostar,True,closed,3,0636d9db2ded41d89390b8eb9ac86edae7e0c97f98fe775776f436e4d799b6ac,top_route_path in hash-verified formal results
PaRoutes120,n5_6568,localretro_retrostar,False,no_route,0,,
PaRoutes120,n5_6926,localretro_retrostar,False,open,5,bcf0c61f05a730614d91a28335bb01649438fbbe7feae332e31254c373a3735e,top_route_path in hash-verified formal results
PaRoutes120,n5_7157,localretro_retrostar,True,closed,5,b369e5a8fd34a56a833cb812d6e0545af701f53bac780f543d16c620d9fdfceb,top_route_path in hash-verified formal results
PaRoutes120,n5_7287,localretro_retrostar,False,no_route,0,,
PaRoutes120,n5_7593,localretro_retrostar,False,no_route,0,,
PaRoutes120,n5_7630,localretro_retrostar,True,closed,3,bf787aefe627f69fb1c724b823be85c24aa472d199d018dde705d14df8765e39,top_route_path in hash-verified formal results
PaRoutes120,n5_7685,localretro_retrostar,False,no_route,0,,
PaRoutes120,n5_7796,localretro_retrostar,False,no_route,0,,
PaRoutes120,n5_7805,localretro_retrostar,False,open,3,5f12cc57dd48adbb4caa40ad5d3949b430dfb739f24b1c11ec5acad4fc79f44c,top_route_path in hash-verified formal results
PaRoutes120,n5_7899,localretro_retrostar,True,closed,3,37159d4fd3bd5d866500f9cbc5722178fb9b2e0a108a718e9ce3478a8400d59f,top_route_path in hash-verified formal results
PaRoutes120,n5_7967,localretro_retrostar,False,no_route,0,,
PaRoutes120,n5_8105,localretro_retrostar,False,no_route,0,,
PaRoutes120,n5_8189,localretro_retrostar,True,closed,5,ba8908b4f6ac08844137b0a3e58ca19b815e9f05dbe921b84ba51b9d484df548,top_route_path in hash-verified formal results
PaRoutes120,n5_8613,localretro_retrostar,False,no_route,0,,
PaRoutes120,n5_8672,localretro_retrostar,False,open,3,746d3926f34c7bbe6e225e012b163652840c24b68b99de46c15b2314bc9a6c9f,top_route_path in hash-verified formal results
PaRoutes120,n5_8918,localretro_retrostar,False,open,4,bb6d764e76c9ff867c3f2f2348261054f10cbbe562ded4768d5773ffc6dc7965,top_route_path in hash-verified formal results
PaRoutes120,n5_9093,localretro_retrostar,False,open,3,9e10819d4a1d58bbd5a702c280418756781a71f9c8902d5c543f8c4fadb69657,top_route_path in hash-verified formal results
PaRoutes120,n5_9115,localretro_retrostar,False,open,3,e51ae4c45fd8aed5ac77687957f71ef1f17ad9b4dfc8cb4f41ba42f521efa104,top_route_path in hash-verified formal results
PaRoutes120,n5_9145,localretro_retrostar,False,open,2,4703297b0e0d86f623d656d58cc8306f5949c33656c3ba6135c9a90a861d4d76,top_route_path in hash-verified formal results
PaRoutes120,n5_9281,localretro_retrostar,False,open,2,f515e739ce1f66e16a4871c456d237c91ff4827d36c925d3c2f487760f217dfd,top_route_path in hash-verified formal results
PaRoutes120,n5_9293,localretro_retrostar,True,closed,2,1b5bf8d99992817b9b88464c26ca1a8e3d006b1b3eee4f577fd95a6568f62fe0,top_route_path in hash-verified formal results
PaRoutes120,n5_9501,localretro_retrostar,False,no_route,0,,
PaRoutes120,n5_9628,localretro_retrostar,True,closed,3,3be0c91109fdb2c374409fb618f3fd8ed03bab266f822e0d21e7d77f63101b02,top_route_path in hash-verified formal results
PaRoutes120,n5_9743,localretro_retrostar,True,closed,3,e7cdf59a04ed8fc1d4d7ba2f6a7cac81ae1835d67d05b9889aebdba7967d3f40,top_route_path in hash-verified formal results
PaRoutes120,n5_9869,localretro_retrostar,True,closed,2,bd015d52830f85b7f5f321b535747f314b6a6a6c5f9985a7643712eef6b232f4,top_route_path in hash-verified formal results
PaRoutes120,n5_9998,localretro_retrostar,False,no_route,0,,
PaRoutes120,n1_2261,reference,,reference,3,1b60fff9866cffedcc7af6e083c0733aa8adc485fa15b33b12fd3b093d9eb77e;d850754fb7ad69d9dede8eb099268f44fa71fcccfa9b1cfb0e047ab387c242b7,PaRoutes reference release; exact subset and manifest hashes from frozen reference evaluation
PaRoutes120,n1_849,reference,,reference,6,1b60fff9866cffedcc7af6e083c0733aa8adc485fa15b33b12fd3b093d9eb77e;d850754fb7ad69d9dede8eb099268f44fa71fcccfa9b1cfb0e047ab387c242b7,PaRoutes reference release; exact subset and manifest hashes from frozen reference evaluation
PaRoutes120,n1_2879,reference,,reference,4,1b60fff9866cffedcc7af6e083c0733aa8adc485fa15b33b12fd3b093d9eb77e;d850754fb7ad69d9dede8eb099268f44fa71fcccfa9b1cfb0e047ab387c242b7,PaRoutes reference release; exact subset and manifest hashes from frozen reference evaluation
PaRoutes120,n1_3447,reference,,reference,3,1b60fff9866cffedcc7af6e083c0733aa8adc485fa15b33b12fd3b093d9eb77e;d850754fb7ad69d9dede8eb099268f44fa71fcccfa9b1cfb0e047ab387c242b7,PaRoutes reference release; exact subset and manifest hashes from frozen reference evaluation
PaRoutes120,n1_8613,reference,,reference,2,1b60fff9866cffedcc7af6e083c0733aa8adc485fa15b33b12fd3b093d9eb77e;d850754fb7ad69d9dede8eb099268f44fa71fcccfa9b1cfb0e047ab387c242b7,PaRoutes reference release; exact subset and manifest hashes from frozen reference evaluation
PaRoutes120,n1_5245,reference,,reference,3,1b60fff9866cffedcc7af6e083c0733aa8adc485fa15b33b12fd3b093d9eb77e;d850754fb7ad69d9dede8eb099268f44fa71fcccfa9b1cfb0e047ab387c242b7,PaRoutes reference release; exact subset and manifest hashes from frozen reference evaluation
PaRoutes120,n1_9128,reference,,reference,2,1b60fff9866cffedcc7af6e083c0733aa8adc485fa15b33b12fd3b093d9eb77e;d850754fb7ad69d9dede8eb099268f44fa71fcccfa9b1cfb0e047ab387c242b7,PaRoutes reference release; exact subset and manifest hashes from frozen reference evaluation
PaRoutes120,n1_5654,reference,,reference,2,1b60fff9866cffedcc7af6e083c0733aa8adc485fa15b33b12fd3b093d9eb77e;d850754fb7ad69d9dede8eb099268f44fa71fcccfa9b1cfb0e047ab387c242b7,PaRoutes reference release; exact subset and manifest hashes from frozen reference evaluation
PaRoutes120,n1_8498,reference,,reference,2,1b60fff9866cffedcc7af6e083c0733aa8adc485fa15b33b12fd3b093d9eb77e;d850754fb7ad69d9dede8eb099268f44fa71fcccfa9b1cfb0e047ab387c242b7,PaRoutes reference release; exact subset and manifest hashes from frozen reference evaluation
PaRoutes120,n1_1391,reference,,reference,4,1b60fff9866cffedcc7af6e083c0733aa8adc485fa15b33b12fd3b093d9eb77e;d850754fb7ad69d9dede8eb099268f44fa71fcccfa9b1cfb0e047ab387c242b7,PaRoutes reference release; exact subset and manifest hashes from frozen reference evaluation
PaRoutes120,n1_2664,reference,,reference,3,1b60fff9866cffedcc7af6e083c0733aa8adc485fa15b33b12fd3b093d9eb77e;d850754fb7ad69d9dede8eb099268f44fa71fcccfa9b1cfb0e047ab387c242b7,PaRoutes reference release; exact subset and manifest hashes from frozen reference evaluation
PaRoutes120,n1_9869,reference,,reference,2,1b60fff9866cffedcc7af6e083c0733aa8adc485fa15b33b12fd3b093d9eb77e;d850754fb7ad69d9dede8eb099268f44fa71fcccfa9b1cfb0e047ab387c242b7,PaRoutes reference release; exact subset and manifest hashes from frozen reference evaluation
PaRoutes120,n1_7287,reference,,reference,3,1b60fff9866cffedcc7af6e083c0733aa8adc485fa15b33b12fd3b093d9eb77e;d850754fb7ad69d9dede8eb099268f44fa71fcccfa9b1cfb0e047ab387c242b7,PaRoutes reference release; exact subset and manifest hashes from frozen reference evaluation
PaRoutes120,n1_8382,reference,,reference,3,1b60fff9866cffedcc7af6e083c0733aa8adc485fa15b33b12fd3b093d9eb77e;d850754fb7ad69d9dede8eb099268f44fa71fcccfa9b1cfb0e047ab387c242b7,PaRoutes reference release; exact subset and manifest hashes from frozen reference evaluation
PaRoutes120,n1_4823,reference,,reference,3,1b60fff9866cffedcc7af6e083c0733aa8adc485fa15b33b12fd3b093d9eb77e;d850754fb7ad69d9dede8eb099268f44fa71fcccfa9b1cfb0e047ab387c242b7,PaRoutes reference release; exact subset and manifest hashes from frozen reference evaluation
PaRoutes120,n1_4003,reference,,reference,3,1b60fff9866cffedcc7af6e083c0733aa8adc485fa15b33b12fd3b093d9eb77e;d850754fb7ad69d9dede8eb099268f44fa71fcccfa9b1cfb0e047ab387c242b7,PaRoutes reference release; exact subset and manifest hashes from frozen reference evaluation
PaRoutes120,n1_3899,reference,,reference,4,1b60fff9866cffedcc7af6e083c0733aa8adc485fa15b33b12fd3b093d9eb77e;d850754fb7ad69d9dede8eb099268f44fa71fcccfa9b1cfb0e047ab387c242b7,PaRoutes reference release; exact subset and manifest hashes from frozen reference evaluation
PaRoutes120,n1_6381,reference,,reference,3,1b60fff9866cffedcc7af6e083c0733aa8adc485fa15b33b12fd3b093d9eb77e;d850754fb7ad69d9dede8eb099268f44fa71fcccfa9b1cfb0e047ab387c242b7,PaRoutes reference release; exact subset and manifest hashes from frozen reference evaluation
PaRoutes120,n1_6952,reference,,reference,2,1b60fff9866cffedcc7af6e083c0733aa8adc485fa15b33b12fd3b093d9eb77e;d850754fb7ad69d9dede8eb099268f44fa71fcccfa9b1cfb0e047ab387c242b7,PaRoutes reference release; exact subset and manifest hashes from frozen reference evaluation
PaRoutes120,n1_4208,reference,,reference,2,1b60fff9866cffedcc7af6e083c0733aa8adc485fa15b33b12fd3b093d9eb77e;d850754fb7ad69d9dede8eb099268f44fa71fcccfa9b1cfb0e047ab387c242b7,PaRoutes reference release; exact subset and manifest hashes from frozen reference evaluation
PaRoutes120,n1_6589,reference,,reference,2,1b60fff9866cffedcc7af6e083c0733aa8adc485fa15b33b12fd3b093d9eb77e;d850754fb7ad69d9dede8eb099268f44fa71fcccfa9b1cfb0e047ab387c242b7,PaRoutes reference release; exact subset and manifest hashes from frozen reference evaluation
PaRoutes120,n1_8725,reference,,reference,3,1b60fff9866cffedcc7af6e083c0733aa8adc485fa15b33b12fd3b093d9eb77e;d850754fb7ad69d9dede8eb099268f44fa71fcccfa9b1cfb0e047ab387c242b7,PaRoutes reference release; exact subset and manifest hashes from frozen reference evaluation
PaRoutes120,n1_7943,reference,,reference,3,1b60fff9866cffedcc7af6e083c0733aa8adc485fa15b33b12fd3b093d9eb77e;d850754fb7ad69d9dede8eb099268f44fa71fcccfa9b1cfb0e047ab387c242b7,PaRoutes reference release; exact subset and manifest hashes from frozen reference evaluation
PaRoutes120,n1_566,reference,,reference,4,1b60fff9866cffedcc7af6e083c0733aa8adc485fa15b33b12fd3b093d9eb77e;d850754fb7ad69d9dede8eb099268f44fa71fcccfa9b1cfb0e047ab387c242b7,PaRoutes reference release; exact subset and manifest hashes from frozen reference evaluation
PaRoutes120,n1_366,reference,,reference,5,1b60fff9866cffedcc7af6e083c0733aa8adc485fa15b33b12fd3b093d9eb77e;d850754fb7ad69d9dede8eb099268f44fa71fcccfa9b1cfb0e047ab387c242b7,PaRoutes reference release; exact subset and manifest hashes from frozen reference evaluation
PaRoutes120,n1_7500,reference,,reference,2,1b60fff9866cffedcc7af6e083c0733aa8adc485fa15b33b12fd3b093d9eb77e;d850754fb7ad69d9dede8eb099268f44fa71fcccfa9b1cfb0e047ab387c242b7,PaRoutes reference release; exact subset and manifest hashes from frozen reference evaluation
PaRoutes120,n1_8654,reference,,reference,2,1b60fff9866cffedcc7af6e083c0733aa8adc485fa15b33b12fd3b093d9eb77e;d850754fb7ad69d9dede8eb099268f44fa71fcccfa9b1cfb0e047ab387c242b7,PaRoutes reference release; exact subset and manifest hashes from frozen reference evaluation
PaRoutes120,n1_4140,reference,,reference,3,1b60fff9866cffedcc7af6e083c0733aa8adc485fa15b33b12fd3b093d9eb77e;d850754fb7ad69d9dede8eb099268f44fa71fcccfa9b1cfb0e047ab387c242b7,PaRoutes reference release; exact subset and manifest hashes from frozen reference evaluation
PaRoutes120,n1_6397,reference,,reference,3,1b60fff9866cffedcc7af6e083c0733aa8adc485fa15b33b12fd3b093d9eb77e;d850754fb7ad69d9dede8eb099268f44fa71fcccfa9b1cfb0e047ab387c242b7,PaRoutes reference release; exact subset and manifest hashes from frozen reference evaluation
PaRoutes120,n1_1307,reference,,reference,4,1b60fff9866cffedcc7af6e083c0733aa8adc485fa15b33b12fd3b093d9eb77e;d850754fb7ad69d9dede8eb099268f44fa71fcccfa9b1cfb0e047ab387c242b7,PaRoutes reference release; exact subset and manifest hashes from frozen reference evaluation
PaRoutes120,n1_1276,reference,,reference,4,1b60fff9866cffedcc7af6e083c0733aa8adc485fa15b33b12fd3b093d9eb77e;d850754fb7ad69d9dede8eb099268f44fa71fcccfa9b1cfb0e047ab387c242b7,PaRoutes reference release; exact subset and manifest hashes from frozen reference evaluation
PaRoutes120,n1_4328,reference,,reference,3,1b60fff9866cffedcc7af6e083c0733aa8adc485fa15b33b12fd3b093d9eb77e;d850754fb7ad69d9dede8eb099268f44fa71fcccfa9b1cfb0e047ab387c242b7,PaRoutes reference release; exact subset and manifest hashes from frozen reference evaluation
PaRoutes120,n1_7007,reference,,reference,2,1b60fff9866cffedcc7af6e083c0733aa8adc485fa15b33b12fd3b093d9eb77e;d850754fb7ad69d9dede8eb099268f44fa71fcccfa9b1cfb0e047ab387c242b7,PaRoutes reference release; exact subset and manifest hashes from frozen reference evaluation
PaRoutes120,n1_5948,reference,,reference,2,1b60fff9866cffedcc7af6e083c0733aa8adc485fa15b33b12fd3b093d9eb77e;d850754fb7ad69d9dede8eb099268f44fa71fcccfa9b1cfb0e047ab387c242b7,PaRoutes reference release; exact subset and manifest hashes from frozen reference evaluation
PaRoutes120,n1_9743,reference,,reference,3,1b60fff9866cffedcc7af6e083c0733aa8adc485fa15b33b12fd3b093d9eb77e;d850754fb7ad69d9dede8eb099268f44fa71fcccfa9b1cfb0e047ab387c242b7,PaRoutes reference release; exact subset and manifest hashes from frozen reference evaluation
PaRoutes120,n1_8633,reference,,reference,2,1b60fff9866cffedcc7af6e083c0733aa8adc485fa15b33b12fd3b093d9eb77e;d850754fb7ad69d9dede8eb099268f44fa71fcccfa9b1cfb0e047ab387c242b7,PaRoutes reference release; exact subset and manifest hashes from frozen reference evaluation
PaRoutes120,n1_2500,reference,,reference,4,1b60fff9866cffedcc7af6e083c0733aa8adc485fa15b33b12fd3b093d9eb77e;d850754fb7ad69d9dede8eb099268f44fa71fcccfa9b1cfb0e047ab387c242b7,PaRoutes reference release; exact subset and manifest hashes from frozen reference evaluation
PaRoutes120,n1_9822,reference,,reference,4,1b60fff9866cffedcc7af6e083c0733aa8adc485fa15b33b12fd3b093d9eb77e;d850754fb7ad69d9dede8eb099268f44fa71fcccfa9b1cfb0e047ab387c242b7,PaRoutes reference release; exact subset and manifest hashes from frozen reference evaluation
PaRoutes120,n1_5357,reference,,reference,3,1b60fff9866cffedcc7af6e083c0733aa8adc485fa15b33b12fd3b093d9eb77e;d850754fb7ad69d9dede8eb099268f44fa71fcccfa9b1cfb0e047ab387c242b7,PaRoutes reference release; exact subset and manifest hashes from frozen reference evaluation
PaRoutes120,n1_883,reference,,reference,5,1b60fff9866cffedcc7af6e083c0733aa8adc485fa15b33b12fd3b093d9eb77e;d850754fb7ad69d9dede8eb099268f44fa71fcccfa9b1cfb0e047ab387c242b7,PaRoutes reference release; exact subset and manifest hashes from frozen reference evaluation
PaRoutes120,n1_1096,reference,,reference,4,1b60fff9866cffedcc7af6e083c0733aa8adc485fa15b33b12fd3b093d9eb77e;d850754fb7ad69d9dede8eb099268f44fa71fcccfa9b1cfb0e047ab387c242b7,PaRoutes reference release; exact subset and manifest hashes from frozen reference evaluation
PaRoutes120,n1_6714,reference,,reference,3,1b60fff9866cffedcc7af6e083c0733aa8adc485fa15b33b12fd3b093d9eb77e;d850754fb7ad69d9dede8eb099268f44fa71fcccfa9b1cfb0e047ab387c242b7,PaRoutes reference release; exact subset and manifest hashes from frozen reference evaluation
PaRoutes120,n1_1115,reference,,reference,5,1b60fff9866cffedcc7af6e083c0733aa8adc485fa15b33b12fd3b093d9eb77e;d850754fb7ad69d9dede8eb099268f44fa71fcccfa9b1cfb0e047ab387c242b7,PaRoutes reference release; exact subset and manifest hashes from frozen reference evaluation
PaRoutes120,n1_7553,reference,,reference,2,1b60fff9866cffedcc7af6e083c0733aa8adc485fa15b33b12fd3b093d9eb77e;d850754fb7ad69d9dede8eb099268f44fa71fcccfa9b1cfb0e047ab387c242b7,PaRoutes reference release; exact subset and manifest hashes from frozen reference evaluation
PaRoutes120,n1_8105,reference,,reference,2,1b60fff9866cffedcc7af6e083c0733aa8adc485fa15b33b12fd3b093d9eb77e;d850754fb7ad69d9dede8eb099268f44fa71fcccfa9b1cfb0e047ab387c242b7,PaRoutes reference release; exact subset and manifest hashes from frozen reference evaluation
PaRoutes120,n1_659,reference,,reference,5,1b60fff9866cffedcc7af6e083c0733aa8adc485fa15b33b12fd3b093d9eb77e;d850754fb7ad69d9dede8eb099268f44fa71fcccfa9b1cfb0e047ab387c242b7,PaRoutes reference release; exact subset and manifest hashes from frozen reference evaluation
PaRoutes120,n1_2324,reference,,reference,4,1b60fff9866cffedcc7af6e083c0733aa8adc485fa15b33b12fd3b093d9eb77e;d850754fb7ad69d9dede8eb099268f44fa71fcccfa9b1cfb0e047ab387c242b7,PaRoutes reference release; exact subset and manifest hashes from frozen reference evaluation
PaRoutes120,n1_8397,reference,,reference,3,1b60fff9866cffedcc7af6e083c0733aa8adc485fa15b33b12fd3b093d9eb77e;d850754fb7ad69d9dede8eb099268f44fa71fcccfa9b1cfb0e047ab387c242b7,PaRoutes reference release; exact subset and manifest hashes from frozen reference evaluation
PaRoutes120,n1_6102,reference,,reference,3,1b60fff9866cffedcc7af6e083c0733aa8adc485fa15b33b12fd3b093d9eb77e;d850754fb7ad69d9dede8eb099268f44fa71fcccfa9b1cfb0e047ab387c242b7,PaRoutes reference release; exact subset and manifest hashes from frozen reference evaluation
PaRoutes120,n1_7678,reference,,reference,2,1b60fff9866cffedcc7af6e083c0733aa8adc485fa15b33b12fd3b093d9eb77e;d850754fb7ad69d9dede8eb099268f44fa71fcccfa9b1cfb0e047ab387c242b7,PaRoutes reference release; exact subset and manifest hashes from frozen reference evaluation
PaRoutes120,n1_1020,reference,,reference,5,1b60fff9866cffedcc7af6e083c0733aa8adc485fa15b33b12fd3b093d9eb77e;d850754fb7ad69d9dede8eb099268f44fa71fcccfa9b1cfb0e047ab387c242b7,PaRoutes reference release; exact subset and manifest hashes from frozen reference evaluation
PaRoutes120,n5_9501,reference,,reference,6,a06532f82578a1d27a5e467ea0a220ffa269315fd88cc252cb80959a4223ae91;206359b164266c58e764fa8fab4589d03cdcaccaa699a965fee6abb319832404,PaRoutes reference release; exact subset and manifest hashes from frozen reference evaluation
PaRoutes120,n5_5313,reference,,reference,3,a06532f82578a1d27a5e467ea0a220ffa269315fd88cc252cb80959a4223ae91;206359b164266c58e764fa8fab4589d03cdcaccaa699a965fee6abb319832404,PaRoutes reference release; exact subset and manifest hashes from frozen reference evaluation
PaRoutes120,n5_8918,reference,,reference,4,a06532f82578a1d27a5e467ea0a220ffa269315fd88cc252cb80959a4223ae91;206359b164266c58e764fa8fab4589d03cdcaccaa699a965fee6abb319832404,PaRoutes reference release; exact subset and manifest hashes from frozen reference evaluation
PaRoutes120,n5_8189,reference,,reference,3,a06532f82578a1d27a5e467ea0a220ffa269315fd88cc252cb80959a4223ae91;206359b164266c58e764fa8fab4589d03cdcaccaa699a965fee6abb319832404,PaRoutes reference release; exact subset and manifest hashes from frozen reference evaluation
PaRoutes120,n5_633,reference,,reference,5,a06532f82578a1d27a5e467ea0a220ffa269315fd88cc252cb80959a4223ae91;206359b164266c58e764fa8fab4589d03cdcaccaa699a965fee6abb319832404,PaRoutes reference release; exact subset and manifest hashes from frozen reference evaluation
PaRoutes120,n5_2879,reference,,reference,6,a06532f82578a1d27a5e467ea0a220ffa269315fd88cc252cb80959a4223ae91;206359b164266c58e764fa8fab4589d03cdcaccaa699a965fee6abb319832404,PaRoutes reference release; exact subset and manifest hashes from frozen reference evaluation
PaRoutes120,n5_8613,reference,,reference,3,a06532f82578a1d27a5e467ea0a220ffa269315fd88cc252cb80959a4223ae91;206359b164266c58e764fa8fab4589d03cdcaccaa699a965fee6abb319832404,PaRoutes reference release; exact subset and manifest hashes from frozen reference evaluation
PaRoutes120,n5_2847,reference,,reference,5,a06532f82578a1d27a5e467ea0a220ffa269315fd88cc252cb80959a4223ae91;206359b164266c58e764fa8fab4589d03cdcaccaa699a965fee6abb319832404,PaRoutes reference release; exact subset and manifest hashes from frozen reference evaluation
PaRoutes120,n5_5654,reference,,reference,4,a06532f82578a1d27a5e467ea0a220ffa269315fd88cc252cb80959a4223ae91;206359b164266c58e764fa8fab4589d03cdcaccaa699a965fee6abb319832404,PaRoutes reference release; exact subset and manifest hashes from frozen reference evaluation
PaRoutes120,n5_1391,reference,,reference,3,a06532f82578a1d27a5e467ea0a220ffa269315fd88cc252cb80959a4223ae91;206359b164266c58e764fa8fab4589d03cdcaccaa699a965fee6abb319832404,PaRoutes reference release; exact subset and manifest hashes from frozen reference evaluation
PaRoutes120,n5_3622,reference,,reference,3,a06532f82578a1d27a5e467ea0a220ffa269315fd88cc252cb80959a4223ae91;206359b164266c58e764fa8fab4589d03cdcaccaa699a965fee6abb319832404,PaRoutes reference release; exact subset and manifest hashes from frozen reference evaluation
PaRoutes120,n5_5455,reference,,reference,3,a06532f82578a1d27a5e467ea0a220ffa269315fd88cc252cb80959a4223ae91;206359b164266c58e764fa8fab4589d03cdcaccaa699a965fee6abb319832404,PaRoutes reference release; exact subset and manifest hashes from frozen reference evaluation
PaRoutes120,n5_6445,reference,,reference,3,a06532f82578a1d27a5e467ea0a220ffa269315fd88cc252cb80959a4223ae91;206359b164266c58e764fa8fab4589d03cdcaccaa699a965fee6abb319832404,PaRoutes reference release; exact subset and manifest hashes from frozen reference evaluation
PaRoutes120,n5_2120,reference,,reference,5,a06532f82578a1d27a5e467ea0a220ffa269315fd88cc252cb80959a4223ae91;206359b164266c58e764fa8fab4589d03cdcaccaa699a965fee6abb319832404,PaRoutes reference release; exact subset and manifest hashes from frozen reference evaluation
PaRoutes120,n5_9869,reference,,reference,2,a06532f82578a1d27a5e467ea0a220ffa269315fd88cc252cb80959a4223ae91;206359b164266c58e764fa8fab4589d03cdcaccaa699a965fee6abb319832404,PaRoutes reference release; exact subset and manifest hashes from frozen reference evaluation
PaRoutes120,n5_9293,reference,,reference,2,a06532f82578a1d27a5e467ea0a220ffa269315fd88cc252cb80959a4223ae91;206359b164266c58e764fa8fab4589d03cdcaccaa699a965fee6abb319832404,PaRoutes reference release; exact subset and manifest hashes from frozen reference evaluation
PaRoutes120,n5_7287,reference,,reference,3,a06532f82578a1d27a5e467ea0a220ffa269315fd88cc252cb80959a4223ae91;206359b164266c58e764fa8fab4589d03cdcaccaa699a965fee6abb319832404,PaRoutes reference release; exact subset and manifest hashes from frozen reference evaluation
PaRoutes120,n5_2817,reference,,reference,5,a06532f82578a1d27a5e467ea0a220ffa269315fd88cc252cb80959a4223ae91;206359b164266c58e764fa8fab4589d03cdcaccaa699a965fee6abb319832404,PaRoutes reference release; exact subset and manifest hashes from frozen reference evaluation
PaRoutes120,n5_1480,reference,,reference,5,a06532f82578a1d27a5e467ea0a220ffa269315fd88cc252cb80959a4223ae91;206359b164266c58e764fa8fab4589d03cdcaccaa699a965fee6abb319832404,PaRoutes reference release; exact subset and manifest hashes from frozen reference evaluation
PaRoutes120,n5_4003,reference,,reference,3,a06532f82578a1d27a5e467ea0a220ffa269315fd88cc252cb80959a4223ae91;206359b164266c58e764fa8fab4589d03cdcaccaa699a965fee6abb319832404,PaRoutes reference release; exact subset and manifest hashes from frozen reference evaluation
PaRoutes120,n5_129,reference,,reference,6,a06532f82578a1d27a5e467ea0a220ffa269315fd88cc252cb80959a4223ae91;206359b164266c58e764fa8fab4589d03cdcaccaa699a965fee6abb319832404,PaRoutes reference release; exact subset and manifest hashes from frozen reference evaluation
PaRoutes120,n5_7899,reference,,reference,3,a06532f82578a1d27a5e467ea0a220ffa269315fd88cc252cb80959a4223ae91;206359b164266c58e764fa8fab4589d03cdcaccaa699a965fee6abb319832404,PaRoutes reference release; exact subset and manifest hashes from frozen reference evaluation
PaRoutes120,n5_3850,reference,,reference,3,a06532f82578a1d27a5e467ea0a220ffa269315fd88cc252cb80959a4223ae91;206359b164266c58e764fa8fab4589d03cdcaccaa699a965fee6abb319832404,PaRoutes reference release; exact subset and manifest hashes from frozen reference evaluation
PaRoutes120,n5_5628,reference,,reference,2,a06532f82578a1d27a5e467ea0a220ffa269315fd88cc252cb80959a4223ae91;206359b164266c58e764fa8fab4589d03cdcaccaa699a965fee6abb319832404,PaRoutes reference release; exact subset and manifest hashes from frozen reference evaluation
PaRoutes120,n5_7967,reference,,reference,3,a06532f82578a1d27a5e467ea0a220ffa269315fd88cc252cb80959a4223ae91;206359b164266c58e764fa8fab4589d03cdcaccaa699a965fee6abb319832404,PaRoutes reference release; exact subset and manifest hashes from frozen reference evaluation
PaRoutes120,n5_5531,reference,,reference,3,a06532f82578a1d27a5e467ea0a220ffa269315fd88cc252cb80959a4223ae91;206359b164266c58e764fa8fab4589d03cdcaccaa699a965fee6abb319832404,PaRoutes reference release; exact subset and manifest hashes from frozen reference evaluation
PaRoutes120,n5_6004,reference,,reference,4,a06532f82578a1d27a5e467ea0a220ffa269315fd88cc252cb80959a4223ae91;206359b164266c58e764fa8fab4589d03cdcaccaa699a965fee6abb319832404,PaRoutes reference release; exact subset and manifest hashes from frozen reference evaluation
PaRoutes120,n5_7805,reference,,reference,4,a06532f82578a1d27a5e467ea0a220ffa269315fd88cc252cb80959a4223ae91;206359b164266c58e764fa8fab4589d03cdcaccaa699a965fee6abb319832404,PaRoutes reference release; exact subset and manifest hashes from frozen reference evaluation
PaRoutes120,n5_7796,reference,,reference,3,a06532f82578a1d27a5e467ea0a220ffa269315fd88cc252cb80959a4223ae91;206359b164266c58e764fa8fab4589d03cdcaccaa699a965fee6abb319832404,PaRoutes reference release; exact subset and manifest hashes from frozen reference evaluation
PaRoutes120,n5_7685,reference,,reference,3,a06532f82578a1d27a5e467ea0a220ffa269315fd88cc252cb80959a4223ae91;206359b164266c58e764fa8fab4589d03cdcaccaa699a965fee6abb319832404,PaRoutes reference release; exact subset and manifest hashes from frozen reference evaluation
PaRoutes120,n5_2106,reference,,reference,6,a06532f82578a1d27a5e467ea0a220ffa269315fd88cc252cb80959a4223ae91;206359b164266c58e764fa8fab4589d03cdcaccaa699a965fee6abb319832404,PaRoutes reference release; exact subset and manifest hashes from frozen reference evaluation
PaRoutes120,n5_5256,reference,,reference,3,a06532f82578a1d27a5e467ea0a220ffa269315fd88cc252cb80959a4223ae91;206359b164266c58e764fa8fab4589d03cdcaccaa699a965fee6abb319832404,PaRoutes reference release; exact subset and manifest hashes from frozen reference evaluation
PaRoutes120,n5_1811,reference,,reference,5,a06532f82578a1d27a5e467ea0a220ffa269315fd88cc252cb80959a4223ae91;206359b164266c58e764fa8fab4589d03cdcaccaa699a965fee6abb319832404,PaRoutes reference release; exact subset and manifest hashes from frozen reference evaluation
PaRoutes120,n5_8672,reference,,reference,4,a06532f82578a1d27a5e467ea0a220ffa269315fd88cc252cb80959a4223ae91;206359b164266c58e764fa8fab4589d03cdcaccaa699a965fee6abb319832404,PaRoutes reference release; exact subset and manifest hashes from frozen reference evaluation
PaRoutes120,n5_6568,reference,,reference,3,a06532f82578a1d27a5e467ea0a220ffa269315fd88cc252cb80959a4223ae91;206359b164266c58e764fa8fab4589d03cdcaccaa699a965fee6abb319832404,PaRoutes reference release; exact subset and manifest hashes from frozen reference evaluation
PaRoutes120,n5_431,reference,,reference,6,a06532f82578a1d27a5e467ea0a220ffa269315fd88cc252cb80959a4223ae91;206359b164266c58e764fa8fab4589d03cdcaccaa699a965fee6abb319832404,PaRoutes reference release; exact subset and manifest hashes from frozen reference evaluation
PaRoutes120,n5_4017,reference,,reference,5,a06532f82578a1d27a5e467ea0a220ffa269315fd88cc252cb80959a4223ae91;206359b164266c58e764fa8fab4589d03cdcaccaa699a965fee6abb319832404,PaRoutes reference release; exact subset and manifest hashes from frozen reference evaluation
PaRoutes120,n5_6397,reference,,reference,3,a06532f82578a1d27a5e467ea0a220ffa269315fd88cc252cb80959a4223ae91;206359b164266c58e764fa8fab4589d03cdcaccaa699a965fee6abb319832404,PaRoutes reference release; exact subset and manifest hashes from frozen reference evaluation
PaRoutes120,n5_7630,reference,,reference,3,a06532f82578a1d27a5e467ea0a220ffa269315fd88cc252cb80959a4223ae91;206359b164266c58e764fa8fab4589d03cdcaccaa699a965fee6abb319832404,PaRoutes reference release; exact subset and manifest hashes from frozen reference evaluation
PaRoutes120,n5_1276,reference,,reference,5,a06532f82578a1d27a5e467ea0a220ffa269315fd88cc252cb80959a4223ae91;206359b164266c58e764fa8fab4589d03cdcaccaa699a965fee6abb319832404,PaRoutes reference release; exact subset and manifest hashes from frozen reference evaluation
PaRoutes120,n5_4328,reference,,reference,3,a06532f82578a1d27a5e467ea0a220ffa269315fd88cc252cb80959a4223ae91;206359b164266c58e764fa8fab4589d03cdcaccaa699a965fee6abb319832404,PaRoutes reference release; exact subset and manifest hashes from frozen reference evaluation
PaRoutes120,n5_1298,reference,,reference,6,a06532f82578a1d27a5e467ea0a220ffa269315fd88cc252cb80959a4223ae91;206359b164266c58e764fa8fab4589d03cdcaccaa699a965fee6abb319832404,PaRoutes reference release; exact subset and manifest hashes from frozen reference evaluation
PaRoutes120,n5_4400,reference,,reference,3,a06532f82578a1d27a5e467ea0a220ffa269315fd88cc252cb80959a4223ae91;206359b164266c58e764fa8fab4589d03cdcaccaa699a965fee6abb319832404,PaRoutes reference release; exact subset and manifest hashes from frozen reference evaluation
PaRoutes120,n5_3961,reference,,reference,4,a06532f82578a1d27a5e467ea0a220ffa269315fd88cc252cb80959a4223ae91;206359b164266c58e764fa8fab4589d03cdcaccaa699a965fee6abb319832404,PaRoutes reference release; exact subset and manifest hashes from frozen reference evaluation
PaRoutes120,n5_3042,reference,,reference,4,a06532f82578a1d27a5e467ea0a220ffa269315fd88cc252cb80959a4223ae91;206359b164266c58e764fa8fab4589d03cdcaccaa699a965fee6abb319832404,PaRoutes reference release; exact subset and manifest hashes from frozen reference evaluation
PaRoutes120,n5_9145,reference,,reference,3,a06532f82578a1d27a5e467ea0a220ffa269315fd88cc252cb80959a4223ae91;206359b164266c58e764fa8fab4589d03cdcaccaa699a965fee6abb319832404,PaRoutes reference release; exact subset and manifest hashes from frozen reference evaluation
PaRoutes120,n5_880,reference,,reference,6,a06532f82578a1d27a5e467ea0a220ffa269315fd88cc252cb80959a4223ae91;206359b164266c58e764fa8fab4589d03cdcaccaa699a965fee6abb319832404,PaRoutes reference release; exact subset and manifest hashes from frozen reference evaluation
PaRoutes120,n5_6926,reference,,reference,3,a06532f82578a1d27a5e467ea0a220ffa269315fd88cc252cb80959a4223ae91;206359b164266c58e764fa8fab4589d03cdcaccaa699a965fee6abb319832404,PaRoutes reference release; exact subset and manifest hashes from frozen reference evaluation
PaRoutes120,n5_9998,reference,,reference,3,a06532f82578a1d27a5e467ea0a220ffa269315fd88cc252cb80959a4223ae91;206359b164266c58e764fa8fab4589d03cdcaccaa699a965fee6abb319832404,PaRoutes reference release; exact subset and manifest hashes from frozen reference evaluation
PaRoutes120,n5_9743,reference,,reference,2,a06532f82578a1d27a5e467ea0a220ffa269315fd88cc252cb80959a4223ae91;206359b164266c58e764fa8fab4589d03cdcaccaa699a965fee6abb319832404,PaRoutes reference release; exact subset and manifest hashes from frozen reference evaluation
PaRoutes120,n5_7157,reference,,reference,3,a06532f82578a1d27a5e467ea0a220ffa269315fd88cc252cb80959a4223ae91;206359b164266c58e764fa8fab4589d03cdcaccaa699a965fee6abb319832404,PaRoutes reference release; exact subset and manifest hashes from frozen reference evaluation
PaRoutes120,n5_7593,reference,,reference,2,a06532f82578a1d27a5e467ea0a220ffa269315fd88cc252cb80959a4223ae91;206359b164266c58e764fa8fab4589d03cdcaccaa699a965fee6abb319832404,PaRoutes reference release; exact subset and manifest hashes from frozen reference evaluation
PaRoutes120,n5_6541,reference,,reference,3,a06532f82578a1d27a5e467ea0a220ffa269315fd88cc252cb80959a4223ae91;206359b164266c58e764fa8fab4589d03cdcaccaa699a965fee6abb319832404,PaRoutes reference release; exact subset and manifest hashes from frozen reference evaluation
PaRoutes120,n5_9281,reference,,reference,2,a06532f82578a1d27a5e467ea0a220ffa269315fd88cc252cb80959a4223ae91;206359b164266c58e764fa8fab4589d03cdcaccaa699a965fee6abb319832404,PaRoutes reference release; exact subset and manifest hashes from frozen reference evaluation
PaRoutes120,n5_234,reference,,reference,7,a06532f82578a1d27a5e467ea0a220ffa269315fd88cc252cb80959a4223ae91;206359b164266c58e764fa8fab4589d03cdcaccaa699a965fee6abb319832404,PaRoutes reference release; exact subset and manifest hashes from frozen reference evaluation
PaRoutes120,n5_5306,reference,,reference,3,a06532f82578a1d27a5e467ea0a220ffa269315fd88cc252cb80959a4223ae91;206359b164266c58e764fa8fab4589d03cdcaccaa699a965fee6abb319832404,PaRoutes reference release; exact subset and manifest hashes from frozen reference evaluation
PaRoutes120,n5_1096,reference,,reference,4,a06532f82578a1d27a5e467ea0a220ffa269315fd88cc252cb80959a4223ae91;206359b164266c58e764fa8fab4589d03cdcaccaa699a965fee6abb319832404,PaRoutes reference release; exact subset and manifest hashes from frozen reference evaluation
PaRoutes120,n5_2816,reference,,reference,5,a06532f82578a1d27a5e467ea0a220ffa269315fd88cc252cb80959a4223ae91;206359b164266c58e764fa8fab4589d03cdcaccaa699a965fee6abb319832404,PaRoutes reference release; exact subset and manifest hashes from frozen reference evaluation
PaRoutes120,n5_1115,reference,,reference,6,a06532f82578a1d27a5e467ea0a220ffa269315fd88cc252cb80959a4223ae91;206359b164266c58e764fa8fab4589d03cdcaccaa699a965fee6abb319832404,PaRoutes reference release; exact subset and manifest hashes from frozen reference evaluation
PaRoutes120,n5_9115,reference,,reference,3,a06532f82578a1d27a5e467ea0a220ffa269315fd88cc252cb80959a4223ae91;206359b164266c58e764fa8fab4589d03cdcaccaa699a965fee6abb319832404,PaRoutes reference release; exact subset and manifest hashes from frozen reference evaluation
PaRoutes120,n5_2488,reference,,reference,4,a06532f82578a1d27a5e467ea0a220ffa269315fd88cc252cb80959a4223ae91;206359b164266c58e764fa8fab4589d03cdcaccaa699a965fee6abb319832404,PaRoutes reference release; exact subset and manifest hashes from frozen reference evaluation
PaRoutes120,n5_9093,reference,,reference,3,a06532f82578a1d27a5e467ea0a220ffa269315fd88cc252cb80959a4223ae91;206359b164266c58e764fa8fab4589d03cdcaccaa699a965fee6abb319832404,PaRoutes reference release; exact subset and manifest hashes from frozen reference evaluation
PaRoutes120,n5_2779,reference,,reference,3,a06532f82578a1d27a5e467ea0a220ffa269315fd88cc252cb80959a4223ae91;206359b164266c58e764fa8fab4589d03cdcaccaa699a965fee6abb319832404,PaRoutes reference release; exact subset and manifest hashes from frozen reference evaluation
PaRoutes120,n5_6115,reference,,reference,4,a06532f82578a1d27a5e467ea0a220ffa269315fd88cc252cb80959a4223ae91;206359b164266c58e764fa8fab4589d03cdcaccaa699a965fee6abb319832404,PaRoutes reference release; exact subset and manifest hashes from frozen reference evaluation
PaRoutes120,n5_4134,reference,,reference,4,a06532f82578a1d27a5e467ea0a220ffa269315fd88cc252cb80959a4223ae91;206359b164266c58e764fa8fab4589d03cdcaccaa699a965fee6abb319832404,PaRoutes reference release; exact subset and manifest hashes from frozen reference evaluation
PaRoutes120,n5_8105,reference,,reference,3,a06532f82578a1d27a5e467ea0a220ffa269315fd88cc252cb80959a4223ae91;206359b164266c58e764fa8fab4589d03cdcaccaa699a965fee6abb319832404,PaRoutes reference release; exact subset and manifest hashes from frozen reference evaluation
PaRoutes120,n5_441,reference,,reference,8,a06532f82578a1d27a5e467ea0a220ffa269315fd88cc252cb80959a4223ae91;206359b164266c58e764fa8fab4589d03cdcaccaa699a965fee6abb319832404,PaRoutes reference release; exact subset and manifest hashes from frozen reference evaluation
PaRoutes120,n5_659,reference,,reference,6,a06532f82578a1d27a5e467ea0a220ffa269315fd88cc252cb80959a4223ae91;206359b164266c58e764fa8fab4589d03cdcaccaa699a965fee6abb319832404,PaRoutes reference release; exact subset and manifest hashes from frozen reference evaluation
PaRoutes120,n5_9628,reference,,reference,3,a06532f82578a1d27a5e467ea0a220ffa269315fd88cc252cb80959a4223ae91;206359b164266c58e764fa8fab4589d03cdcaccaa699a965fee6abb319832404,PaRoutes reference release; exact subset and manifest hashes from frozen reference evaluation
RF25,rf25_001,pure_llm,False,open,9,7f2d30586e00f3ffaa8354152ddb6bb0d50f0a191773fd3442a50576d7896eb7,adopted RF25 strict-closure selection record
RF25,rf25_001,aotstar,False,open,6,c745d8ae0bc41d1380205c821f90488100a8f6f6df95fb90e37289241049dcd9,recorded partial tree in adopted RF25 batch; outside closed-route quality population
RF25,rf25_001,synthelite,False,no_route,0,,
RF25,rf25_001,rachel,True,closed,7,5871d1082d708d0eecfbfb0e03bedd343896b134f90d596f4afdbd3eb7ca96ea,adopted RF25 strict-closure selection record
RF25,rf25_002,pure_llm,True,closed,9,bfa82c4bd2c064a3b2df19add94b1ac69a88c7b2a0601bb90c8053552c5dde94,adopted RF25 strict-closure selection record
RF25,rf25_002,aotstar,True,closed,6,ca38abf65c0116b9948941c33461f799374cc051dfb79f50f085fbc26c5d90c7,adopted RF25 strict-closure selection record
RF25,rf25_002,synthelite,False,no_route,0,,
RF25,rf25_002,rachel,True,closed,15,af3886346143fcb773023476a86d40a01ee05aac8cee97aff51dfd249c55b553,adopted RF25 strict-closure selection record
RF25,rf25_003,pure_llm,False,no_route,0,,
RF25,rf25_003,aotstar,False,open,3,2542d87faee209c8ab77584a6f845da08118b7aae5669c3888962f258ef81fd6,recorded partial tree in adopted RF25 batch; outside closed-route quality population
RF25,rf25_003,synthelite,False,no_route,0,,
RF25,rf25_003,rachel,True,closed,30,17086834be6330a7d5cc371cb861380b208d6a8fbc9a8d3acbb3c4a7d4b3bbb1,adopted RF25 strict-closure selection record
RF25,rf25_004,pure_llm,True,closed,6,4ceac4f4dc8ece9a81b87f279d90fd1ff801b2858fbf33072e00a221aab22895,adopted RF25 strict-closure selection record
RF25,rf25_004,aotstar,False,open,3,489a86ef3d63a0d37c5d61527ba1e0485c20e43f0e3be8bf00f966fd8ce48990,recorded partial tree in adopted RF25 batch; outside closed-route quality population
RF25,rf25_004,synthelite,False,no_route,0,,
RF25,rf25_004,rachel,True,closed,5,02035bff36941786be3b2df1fd9dff64197480702f813788fba14d1e5fd8d3ea,adopted RF25 strict-closure selection record
RF25,rf25_005,pure_llm,False,open,11,8aaf2d76ea4fe70edf9f6ce4aa68b80a82a830c58d696f2faad88dabe9024c89,adopted RF25 strict-closure selection record
RF25,rf25_005,aotstar,True,closed,3,07cf899dfe32c30d54b6c56347a4ccd2e43cc169b9aef5be8bb79b409ab4d19e,adopted RF25 strict-closure selection record
RF25,rf25_005,synthelite,False,no_route,0,,
RF25,rf25_005,rachel,True,closed,11,3d24c352054827392d79134c7dd52156451c071133da248ad89075a0b6d56826,adopted RF25 strict-closure selection record
RF25,rf25_006,pure_llm,True,closed,6,e22563becd09c0191a4e57dec3e2dd8c354c4df400783d83a9dce91e4dcb32a6,adopted RF25 strict-closure selection record
RF25,rf25_006,aotstar,True,closed,3,43684d21d1c5ccc0d95bd340bb8fc7986bd511781e819c79fb345af61dd412bb,adopted RF25 strict-closure selection record
RF25,rf25_006,synthelite,False,no_route,0,,
RF25,rf25_006,rachel,True,closed,6,184a4113d37c561a92681fc3531e8d72e85f63bf12f385019adc9e75cc1c1a62,adopted RF25 strict-closure selection record
RF25,rf25_007,pure_llm,False,open,10,cb8400e42069f8407fe5cffdcea538fe8e98306ec7727624a3c8f5c34d15bb79,adopted RF25 strict-closure selection record
RF25,rf25_007,aotstar,True,closed,6,3aea8beddf30b8e41e204919f2815dcc400f11204c9af354be4253d65e409835,adopted RF25 strict-closure selection record
RF25,rf25_007,synthelite,True,closed,8,98f0da00c51877f3c70e82d64bb6715c102ac23ba91534cef5db437152c19e12,adopted RF25 strict-closure selection record
RF25,rf25_007,rachel,True,closed,9,dd3f0450170e8d4ca7d487b5367b2ba73848ca4d4e3b27b8d78d31037b3b67c8,adopted RF25 strict-closure selection record
RF25,rf25_008,pure_llm,False,no_route,0,,
RF25,rf25_008,aotstar,False,open,9,349dbdf2d8bdbb22484afec1433af1536b70b7447ee24baf862c3d73b713b88e,recorded partial tree in adopted RF25 batch; outside closed-route quality population
RF25,rf25_008,synthelite,False,no_route,0,,
RF25,rf25_008,rachel,True,closed,17,b5e3a447b459297b85993b881043d9444bc668294d3b284dafc46b300cf44399,adopted RF25 strict-closure selection record
RF25,rf25_009,pure_llm,True,closed,8,49b68f0a5a10ddb8150b870876cfb84489f994729f65cc9ceedb5b0b26e5280f,adopted RF25 strict-closure selection record
RF25,rf25_009,aotstar,True,closed,3,0eeef9a93cb994d76e750b8e9ba20b6937a297a439ae28506c22e02ae6579bdf,adopted RF25 strict-closure selection record
RF25,rf25_009,synthelite,False,no_route,0,,
RF25,rf25_009,rachel,True,closed,7,e382be381d65c4922f062cfa231f48ab813842d118f91368eefc7d766536e04c,adopted RF25 strict-closure selection record
RF25,rf25_010,pure_llm,True,closed,6,22570c805584e8b62a7a04ef5ae23b7e8eaca24a1c8c894cc25e571b2e107a74,adopted RF25 strict-closure selection record
RF25,rf25_010,aotstar,True,closed,6,cd6492896edfb24810bb0c4a9cfbb0fbc8a408d27929366e5e1a7b55521e88da,adopted RF25 strict-closure selection record
RF25,rf25_010,synthelite,False,no_route,0,,
RF25,rf25_010,rachel,True,closed,13,441f3ae5744cf31178cdbf3c40ad0f10d6661ac0f60f0d8b88d7bae6d96fa18f,adopted RF25 strict-closure selection record
RF25,rf25_011,pure_llm,False,no_route,0,,
RF25,rf25_011,aotstar,True,closed,3,f4111d216455be12b11a6c53faa3a87e9160c0096cc5ab85c15b3bd20eda75c1,adopted RF25 strict-closure selection record
RF25,rf25_011,synthelite,True,closed,4,588011703ebe514a66634a23519605028f7bd476f775c6f85fc37de45cee3f8e,adopted RF25 strict-closure selection record
RF25,rf25_011,rachel,True,closed,17,b5b7db9dae91cb84f30753e586c458c2b0191e0c8eb1cebdab476ac1bed448d1,adopted RF25 strict-closure selection record
RF25,rf25_012,pure_llm,True,closed,8,508c6d0c3298f3f21be556100a4f332482e5a9f1ba8772821799cc9fe1377311,adopted RF25 strict-closure selection record
RF25,rf25_012,aotstar,True,closed,7,951a1023fff48e3eed04dac3f458390e6c9e3687024bb37501fdf4a45dfa58b7,adopted RF25 strict-closure selection record
RF25,rf25_012,synthelite,False,no_route,0,,
RF25,rf25_012,rachel,True,closed,8,5f3503f35a515ff6dedfacc21976dcc4025694b0135839f30246d434ffbc4b63,adopted RF25 strict-closure selection record; frozen extracted route; original tree unavailable
RF25,rf25_013,pure_llm,True,closed,4,a0107e977e146245d2425e2bda6914360b5d5dad023d4c6f3ac05c5595a34e9d,adopted RF25 strict-closure selection record
RF25,rf25_013,aotstar,False,open,10,8d5c7f859661fa65beb939c6944e38aa6fb461a181d2a3d77ed5b102251f617a,recorded partial tree in adopted RF25 batch; outside closed-route quality population
RF25,rf25_013,synthelite,False,open,3,5ab369bb1722c292a0bb7167ed27ea45ec657d4dc66005e3e1538435fdf204d7,adopted RF25 strict-closure selection record
RF25,rf25_013,rachel,True,closed,6,5f873d27017ff4f9949f61a6ab0128cdb82c754bcf76e66f8ac00ad846e4df3e,adopted RF25 strict-closure selection record
RF25,rf25_014,pure_llm,True,closed,7,bf077816177a0b55849e34323c99fb941bf517a45b18c2f9c9c74c6e820f94fe,adopted RF25 strict-closure selection record
RF25,rf25_014,aotstar,False,open,12,134c4a83fffe4eb3a8d2b3f5f26ce184ab63cc65eb870f7abb4b5dcd16253884,recorded partial tree in adopted RF25 batch; outside closed-route quality population
RF25,rf25_014,synthelite,False,no_route,0,,
RF25,rf25_014,rachel,True,closed,8,f264efbadb8b6f51285ad78aca595db6221d95c5aae22999e8608d6b7de80583,adopted RF25 strict-closure selection record
RF25,rf25_015,pure_llm,True,closed,4,f6eaac9751675333c314e9dc7bcd2e0390dcb47f0a080dac0aa9814b9be55a47,adopted RF25 strict-closure selection record
RF25,rf25_015,aotstar,True,closed,2,6e76093574e933e1770c1d81f469f7642c6cbef668f9d862c5aab6f9f2541f98,adopted RF25 strict-closure selection record
RF25,rf25_015,synthelite,False,open,6,e9aed1c632f9919188870fffb87a9fb8f2e06bf95cdbe51ee56ddda4738521cb,adopted RF25 strict-closure selection record
RF25,rf25_015,rachel,True,closed,10,4f9c334259afc2a253eb3b834ff231d3bbb6fd8a23afe5f0c07de1aa90932f15,adopted RF25 strict-closure selection record
RF25,rf25_016,pure_llm,False,no_route,0,,
RF25,rf25_016,aotstar,True,closed,2,0518e1afdace7ce08a70afba22f6d04ac95ecaf36db556a57d8727f45a575e16,adopted RF25 strict-closure selection record
RF25,rf25_016,synthelite,True,closed,4,b05071381b44bcf17ecaab9a6bb009bca53d433f7c50df62fb417b0dc5c8c8e6,adopted RF25 strict-closure selection record
RF25,rf25_016,rachel,True,closed,15,65ab18821b94f4c9a39fcfaaa665d77df5b0e72a4634a6ca58375e4e78c2ce6e,adopted RF25 strict-closure selection record
RF25,rf25_017,pure_llm,True,closed,9,9804a696f0b4e719be7bd99b0b140f0a11f77a30d41753bb194b88b3e254945e,adopted RF25 strict-closure selection record
RF25,rf25_017,aotstar,False,open,3,df134ad7d231ec4f04388b365a0c82023b31fbfe80cda26f4630a40956b9477d,adopted RF25 strict-closure selection record
RF25,rf25_017,synthelite,False,no_route,0,,
RF25,rf25_017,rachel,True,closed,18,e2fbe5be7a21038eeecb33ebc762c58bc0abd9e2cdee67832a82a738904107b7,adopted RF25 strict-closure selection record
RF25,rf25_018,pure_llm,False,no_route,0,,
RF25,rf25_018,aotstar,True,closed,10,8b69880bd4c411b4d49a7d83ff03e06cfd5635582421c226b75fb697a405d260,adopted RF25 strict-closure selection record
RF25,rf25_018,synthelite,False,no_route,0,,
RF25,rf25_018,rachel,True,closed,26,53fd4aa473964d740c621eb5aca14358296a3d354fcb4b3b693ac0d955217f84,adopted RF25 strict-closure selection record
RF25,rf25_019,pure_llm,True,closed,7,81b8e4dbc3cc58e442d10165da2f1de44dad757a7ed9ed968b14d4a023f9ef64,adopted RF25 strict-closure selection record
RF25,rf25_019,aotstar,True,closed,7,22c53f10188526a6c699c9dcb55e0f4c3d17b7142a7ad7473f7e8fee98caa6bf,adopted RF25 strict-closure selection record
RF25,rf25_019,synthelite,True,closed,4,e25af47b452c44d5e90d2237d2dea2b8ec9848ddc4e705d943d23337344cb25a,adopted RF25 strict-closure selection record
RF25,rf25_019,rachel,True,closed,8,15f78861be4b1350dd2a9417b1303b1373c11cfe7b91d9b912458efeb6e21a82,adopted RF25 strict-closure selection record
RF25,rf25_020,pure_llm,True,closed,10,f60f7f136eba38f722a3810331a21a2f4807b58a622832cb253fc8c34aba3dbc,adopted RF25 strict-closure selection record
RF25,rf25_020,aotstar,False,open,1,d4fc7c34ae4c3fd2b94f40769efcdd6d1cf93d9a7afde3127590e9adaea02e0a,recorded partial tree in adopted RF25 batch; outside closed-route quality population
RF25,rf25_020,synthelite,False,no_route,0,,
RF25,rf25_020,rachel,True,closed,17,103ab914ccf40cf5fb13fbb45851499f48ea156d785cdb2722c922e28d9f35b2,adopted RF25 strict-closure selection record
RF25,rf25_021,pure_llm,True,closed,9,d70e737e3f39763cba0d97f4f4b1b21d60295533de9504d56b28c89236a897cf,adopted RF25 strict-closure selection record
RF25,rf25_021,aotstar,False,open,7,828942893f41e35b68ab2f94369daadc0aacf24e83fe20ebba38cc39cc18acab,recorded partial tree in adopted RF25 batch; outside closed-route quality population
RF25,rf25_021,synthelite,True,closed,6,f92809c29ddcf497416dc9c99bc6f71fc9b0d97cb8bc59249db4de2b5b245cac,adopted RF25 strict-closure selection record
RF25,rf25_021,rachel,True,closed,10,9e0efa765ba425cfeeab472a9d44c7fd2bb94bb353bfab806933b598cd89ba96,adopted RF25 strict-closure selection record
RF25,rf25_022,pure_llm,True,closed,6,ffa2e7d7bfb13eae110315ef05c9746a4ef37a517a473158024de659c72daa80,adopted RF25 strict-closure selection record
RF25,rf25_022,aotstar,True,closed,2,e1f5d43a4d97acab951019bd4c89f62a31ec1f6422b29592a7b24684a2985f07,adopted RF25 strict-closure selection record
RF25,rf25_022,synthelite,False,no_route,0,,
RF25,rf25_022,rachel,True,closed,14,177daa2327bc96451ef91334dcd8ea22de7623d6ceaeaa7bf46eca2305b0bd5f,adopted RF25 strict-closure selection record
RF25,rf25_023,pure_llm,False,open,9,ec6e42b01b86f4c6223b890eaa1465e6fdf27caa7c77e575b19d9e9fdba19fae,adopted RF25 strict-closure selection record
RF25,rf25_023,aotstar,False,open,12,8761f22f0df76df06ac052fc83a511364ad09dca8aabaf1751f12d16d6159e28,recorded partial tree in adopted RF25 batch; outside closed-route quality population
RF25,rf25_023,synthelite,False,no_route,0,,
RF25,rf25_023,rachel,False,open,17,bc0d5618b524601dad7ef759834330d9e652ad890c880e60867b87accdbc76cc,adopted RF25 strict-closure selection record
RF25,rf25_024,pure_llm,True,closed,5,a370aebef054541e14508608c6872f8b180da7744fe83458a461ec1f570769f7,adopted RF25 strict-closure selection record
RF25,rf25_024,aotstar,True,closed,5,67ec6342faf7ec3c3e106815a16aeb9dee2f0d00dafe4f49b74cc0691f1fef0b,adopted RF25 strict-closure selection record
RF25,rf25_024,synthelite,False,no_route,0,,
RF25,rf25_024,rachel,True,closed,8,0790ce82d4f97dbff2d094842ab58812b829fa6d5b73d1284f3382eecb45e40d,adopted RF25 strict-closure selection record
RF25,rf25_025,pure_llm,False,no_route,0,,
RF25,rf25_025,aotstar,False,open,5,25fb4e26233cde6f91602e293a45f129b4747cfcbcd4423ef6810a45fdf84294,adopted RF25 strict-closure selection record
RF25,rf25_025,synthelite,True,closed,7,b2167c0a40e3f46089893bdfddd5f9963993ef67e1974bd1c07b26cb66620f37,adopted RF25 strict-closure selection record
RF25,rf25_025,rachel,True,closed,23,f5a3d03c39b37ed6ea9b71a01434b4787afa6fc185b5e1c2c97dc10818423697,adopted RF25 strict-closure selection record
