sha256,name,bytes
0017681982dee95fc10b79fed27e37cb61e39a1652ad8c884d2d615c42c6cea0,routes.llm_query_explorer.json,48277
0025babd3cc9790defa97c3123a80ecb4607a9f6a53e46a3c928e06a24e97a49,solution_tree_raw.json,2153
002d3b4d483c7e1c888a029860868b36ca24f1e89555e2d0a1ebe86833c9eeeb,source_manifest.json,1092
007ae20ed3b524e1a378a59aba40f2701eacf51ec2617db3adcbecba1f1d3430,source_manifest.json,1092
00a00d2e7b9fcac14443be9f1f0685d5672c82057197a23a8cdd03ec0200b80b,solution_tree_raw.json,370
00ba2c9d3e090026142cdc992df45e647e32b0cf49f4121e673123a380110ff9,solution_tree_raw.json,1249
01106d109182281f05a0a040785159c006bd324a74d93e4bb84898baf620f45f,solution_tree_raw.json,872
014503041b83d3bbc7d46cb115c1f268c80605b74f619dc6f141e41ace3da51d,routes.llm_query_explorer.json,129418
01627696ca65006dad7495bd9da12c7471a3b7d6c4b38286858fecd076302fdc,result_raw.json,3619
01acbfc05df47e45a025d791c885e530e27b9f88523c62ce3750136eedbfc7fc,case_040.json,5946
01db2fa98b05a4ddaf73c137fbf6bb07e4c82c061d6e5a98f24d6996ecd70feb,result_raw.json,5650
01fefdbf7c285012b99455f70b25fdae2d6536b750c78aa1e66d5f2603dab57d,result_raw.json,4771
02035bff36941786be3b2df1fd9dff64197480702f813788fba14d1e5fd8d3ea,tree.json,245552
0209106bf7896034002678be5b8b57068cd0dd625de5c5f4b37289795eef984f,n1_6952_localretro_retrostar.json,5319
022f2ed49b632a76c081e257d3eaff4a0d79e540ee61c28588b0598f16fd404a,source_manifest.json,1030
02414f57fa834498907091e733b79374b05b655a02c59c85b4f24e449d3602b7,routes.llm_query_explorer.json,214853
02d0653f8a9b947cafcaacfcdb2bc184bdb72c61e6c1145e26b95cd25bd16a85,n1_4140_localretro_retrostar.json,582
0330d48fc50e220aa5bb03c29bbebc2db67331f095326e33dfcee00bf7f3e852,n1_4208.json,279
03bd6ca5d1954113c0057f13f5f42d48306fcdb2eed1daa95e69d74cbddab6b7,source_manifest.json,1092
03e91eb498c9a764c640eafbeb7368447e1d83a069c6b6c7dc9c9329e06951b6,result_raw.json,11794
03f8baff0f07d616695c84fde4d10151e1c32dc38390092536e33ede0ed9fc16,result_raw.json,3691
040d266574bbe78963bae34e1b5cfa1cd121acbb2b86e7c9cdeb78003d0d49fd,n1_2500_localretro_retrostar.json,3088
042132c36ebca45ee236c84e486db1d424d4e411f0ce19aabc7dd61f8b58699f,n5_5531.json,270
04677ab78324a5e13795d248235d1575e544fc553a1a785e170a319807d1effb,n5_7967_paroutes_retrostar.json,1875
0474da76afbf844b325d18e8777aef0831d25443742bceda54879b8c3bb1c923,n5_633_paroutes_retrostar.json,4728
048d5aff42ddd8bbde8198a6aad2c9fe3911029e34337ed76a3059989950242a,source_manifest.json,1092
04d723fbb2774a0e3a660b6e5feeda52930012740338455d23c1a222c42909c2,result_raw.json,3604
0518e1afdace7ce08a70afba22f6d04ac95ecaf36db556a57d8727f45a575e16,solution_tree_raw.json,915
05257e7c3e7716358d29fcdfc9716bd96fc93d15aa0df1a447cec4f65faee797,route_view.html,86305
053514f1ffd04187de5511b1b46bb6dc96ff6a653d3b6b3724350c616502394a,routes.llm_query_explorer.json,328118
05589bc52b2005805eed28d2c0d4ee585362cde75ab37fdea4c9d7fb8371e16d,tree.json,160648
055dcf5f83fb5bb6f5ee7b7d10984c8d2d24dd8467b6693c6d82230047aa9089,case_009.json,5173
055f259c4b0f1fe48a40b7e8060e8fd58c38bd70d75da9555e23aeacd28f4f83,solution_tree_raw.json,429
0583971f5446e4c00790053e0e1856a003b1591d8b04368b46448948fdde10ca,tree.json,140819
05eb8c5836da5e3e32b6676eb077e79803385cf4c86746b5c96757b04c8ddf3f,route_view.html,43180
05efdffd5e1597c82b819675a718acbcf8bec2900a50cf1db79179e30873de4c,reaction_steps.html,114429
0616ad3c9ddebb24dc7378575f1017aeecca442086aacf582cc8fb88e14a94aa,case_058.json,6417
0622e3f33fb90b41ddd7cdb1ce3b66d2b46af53353b72a23cc0f4e07a6dd752a,n1_2879_rootaligned_retrostar.json,2749
0636d9db2ded41d89390b8eb9ac86edae7e0c97f98fe775776f436e4d799b6ac,n5_6541_localretro_retrostar.json,2200
0646edbe839a367c19bdedbe4dbb9df6211ed096d3e4542b87896f318f62fa35,n1_8633.json,555
06f8c1b326f176222bd82b3b6da527b2855a324402f4b238f54a85bcabb20fe9,solution_tree_raw.json,1007
071f0bdc63963f3898adb808ff7be17cc77450fe563b6e36217f0bbc8d5da818,result_raw.json,4812
075ad81cb2ce4748c060f05d77d888192d8d097084593c59236a32967ed53cd4,solution_tree_raw.json,506
07811f37aa731dc34791b1401f92c2adb7891f86aacf50c06cf4d4d64269a253,solution_tree_raw.json,1890
0790ce82d4f97dbff2d094842ab58812b829fa6d5b73d1284f3382eecb45e40d,tree.json,412510
07cf899dfe32c30d54b6c56347a4ccd2e43cc169b9aef5be8bb79b409ab4d19e,solution_tree_raw.json,1171
08440f61da005043ab057654a1a6591666783b47632c6fffb1d000ea6771bedf,source_manifest.json,1092
088ad603c66cf5d03d0feb9a4a5bf077f09b66c10c410f9d1f75fe7eda7a038a,case_018.json,5390
08a106c9ce529f25eace17367c4d0368e70dbd3171a4830b641670f6729c58ba,tree.json,204590
08d124e6a509009d2eb0b9849dfce97d80ca449101f596b4ce8338801edd53fc,tree.json,89462
08ea0aa756af556123ffb76dc102900661fed839f6173ea3303dca33aa948e56,routes.llm_query_explorer.json,269418
0918272c926b54d745f910fc4456ac672efc9c114972918e2e082e4609a4f5bb,result_raw.json,5697
09661465eb2df4f1e152eafa90810e8bde3b65e54c151554fb8f27527815bd6b,result_raw.json,4832
0985d242a84d62ca7bb5d7ccba34b28757001fa02398111e1abfe93199af70da,n5_2816.json,862
09bc14fa57ef26ecb59d7b1256d0e6138e49be68dfced35c9e0b9e7d93ca1b0e,result_raw.json,4732
0a3d0d309c0cac92e4b3d5fca8278e71a0fc0b7967adbca908fbbfabc887a50b,n1_7943_rootaligned_mcts.json,1284
0a613c4a44d224b272e496e8c617996fc2d3b4b3df3c3df4a5ef930c7b5e77eb,tree.json,153744
0a9108fe58a43cb0e2722f1ac0094354b772470cda4fe01c3db43851fbf3c366,case_057.json,6018
0a94674256019cdcd212cbd6bdfbbf975dc9dddd4a6fd2c6d2dd22c38ef0fc23,routes.llm_query_explorer.json,139346
0aaf78c4ae04a16d7ca7efed40448332273812bd8185fce77fff29dba6e4dd3d,n1_8613_rootaligned_retrostar.json,2528
0ae17df4657dcb15e00aa1d67fe111bd600ba19762c734d4abe2548db14dd729,n5_659_rootaligned_mcts.json,1959
0ae2edc6d974a3737e0668a27761edfe5ba601a53d66336818676fe66f1c53f8,n1_2324_rootaligned_mcts.json,1937
0b12b17670fb6471f8a568c398632f4fe9392f7da8a4059082a1787794ed79ce,solution_tree_raw.json,794
0bbbc78428f1f0362a703f1402a9d18c15910a05d2a5a22c80a4a32364b8cfde,n1_1391.json,731
0c2011254be6a38fd7abe84a0cde467e742dba8aaae7a418173a8486361971d1,n1_883.json,864
0c22ca90498e76af0a34c5d9616fcadb9f0eb9da1cf14c493e7c9a33819ae046,routes.llm_query_explorer.json,149509
0c94307fb105eded5547bf625b992dc5350decd72a2b6f1270680e6206aed4f7,route_view.html,185200
0cbbc6d115748816f6f287dded62a005db23d745413be999654c4d33057bfc50,tree.json,112650
0cc52b3903572d8d4897838c6664f484beecebc870e0c9f75bd80f586dd0fd0a,n1_6381_rootaligned_retrostar.json,3055
0ce69a583a0969c871db2657a2781c8b111ad2bc8dde8a2a72806fc4b2243c6e,result_raw.json,3666
0d33f09ad5b117c5bc451c09ee8c91a220aa4ff8f00d8ac84a6423ae19ad4524,n5_6004_rootaligned_mcts.json,1845
0d68f9d322f060312f29e5c10758c1bff615cb00ab3db9da829021cbc516b610,n5_3622_localretro_retrostar.json,2363
0d89d22d389703f0d290d0f6bde78349c2797116d4285d2a86de0c3f2a5d7a57,n1_6714_localretro_retrostar.json,1687
0d90273ead0f3e23c9a4b6588b04984816cfba9b19ed5e2cd992244fbde8c630,tree.json,109439
0dab15badee134615f31070a6560736d4579fdad868e364319c1549bfccb637a,n1_4823_paroutes_retrostar.json,3321
0dc71a3153e9661558667242b43c02e3e9bed56d2c6a44aae50807591c74c949,results.csv,33563
0dfda2c96a27feb33e427817b466b4bdf8d345326935d6931c8bbeca80bd2a67,routes.llm_query_explorer.json,610252
0e6d7caa3643345c68a857ee62a4dcaec24d7c0b2d76eab0de4c1837e1e3ac83,reaction_steps.html,221206
0e7335237633bee364741e102a4fb0859a27aab7c2d07d292fce04fd61d9c41a,routes.llm_query_explorer.json,172421
0ea22fd58a913fe2a48759ff22f5bf02cc44201739b06d611f1eed3c3c4ad8b3,n1_2664_paroutes_retrostar.json,2017
0ed41c016938bd429024caad0e63cf81759442a3889ad1d3414ff254bbdc144c,results.csv,26017
0eeef9a93cb994d76e750b8e9ba20b6937a297a439ae28506c22e02ae6579bdf,solution_tree_raw.json,1202
0f3fbf956da80c9a27bc32043260a1f025f115302e894513b2e202bdbcd2a890,case_044.json,5375
0fda02e024d8c800ae50b3df8397751802f06f77906e57ed7c9c7e39b75ecf01,routes.llm_query_explorer.json,111150
0fe2a6fa79bbb8397829e1059904177776beae4bcf15c2e1f7cf36a6239bc3c5,routes.llm_query_explorer.json,292847
103ab914ccf40cf5fb13fbb45851499f48ea156d785cdb2722c922e28d9f35b2,tree.json,806420
1054a5b919f1fce55ba5a58874bc22eb96d880c1194f18f06a36f13d786e5380,n5_5313.json,621
107e6714d60b6bde15f219ea7181b3d52ebba5b0f65e7dfe2cfa42bfa4973ba0,solution_tree_raw.json,1197
108742ced7e3e1457b8db2b649f1503882b4595d204f200780adaa47d03c06ed,source_manifest.json,1092
10a6ca8e245c5643a475ebfdbf881e1c30e71524f0fead8cf08ec3994a1b29d2,result_raw.json,3653
10d274c314fd7edd6315ae077898ced1c9ac99960203a5235e45ba813bc67ab3,result_raw.json,85283
110c4133c03feb8de65c1cc5c13268a730c00c19ddf8424459d84b9c9955e23f,solution_tree_raw.json,2267
11584bf7df72ae35b1cd79f7b007d52029cf697393b7fe7fc35e39cf83fcb137,source_manifest.json,1092
11869ee7ac702f99307cc04a39e5f12f681764553f1b6c1e324ea09f7e387b0c,result_raw.json,6992
1190d64730e7d8478773aa4b4e532cd9c77506c3534d247f996ef75947b56e57,n5_4017_localretro_retrostar.json,3383
12383855fc5fcd5612713f484037f7a82848b780d213cb99588d75d78d0679bc,tree.json,92810
12581fe71abd5537e4ac0d3ffdffd749b297825abb58d51eea1afd504815be0b,result_raw.json,5767
12c58bb6bbc8fe600668920d7c4c6e499e69ba0777c6d208d54f59ceeb832150,source_manifest.json,1092
1318c71ecc4efb385ef29fefe7d1062e71537b3484aff522ec13f1db65d9cd4f,tree.json,106335
131906562c0f8c330fdccaea7aeb93bcdb1136c9695608e118dec5223a90d63a,n1_2879.json,686
132e52add00bcf2133acf972163283c020f13cc66298ccc8d4e1acc545277cb6,terminals.csv,113348
134c4a83fffe4eb3a8d2b3f5f26ce184ab63cc65eb870f7abb4b5dcd16253884,solution_tree_raw.json,11863
1385fc7fd9fac09bd2318b7c6e05dbb76983ee49017a8df355a6b4f7094011b2,n5_8918_paroutes_retrostar.json,3932
13b3aae5d39e83773f1e8f5aa630c0420e030e1e27b0c84a8f66c5b304d48d61,tree.json,66219
13c13e20eedc91178ad19db79266dabe3707e859dc72dc33076d253de0796e30,tree.json,57317
13c946f529b7a2a40da69496205af0ff328a8a9976404f32f47610f25e90c550,routes.llm_query_explorer.json,102300
13faf3ecb5a308fbf5e70e55eba69bafef7792b2da754522a9bf2bbcff2f531c,solution_tree_raw.json,504
14035c99102a14f842caa6791f0a247a50cf0516cddd4fb32c512d013b52da39,tree.json,117522
14155565f98b7a9da92eb15dd71c7edcf62816987fb0da8c8083ab44cd30964b,n5_5313_rootaligned_retrostar.json,3836
1432c74a7ade35b63e5b135ee8fe737aaca89d3bddd70176f38d38d5b36845de,solution_tree_raw.json,1182
144810f6272c906d142fabdd22ded4491c434ff3633718578f971eb69c1cf68c,tree.json,112088
144d8869e01dd000ff27db0d4a1f436d7ae2275b63486ce49237892f937396da,result_raw.json,4536
1464f0f987aeabeb3cc3df85181232e62d5d05c4d4b6807ae4d8bb8567cb16a3,n5_880_rootaligned_retrostar.json,2794
147ac35eb28bb527d24b49b635b6b0fad9f14c1174f5d117630d09429ea18450,result_raw.json,7386
14da27136c341f8367d7aecdbbf12c1dd75ca16b14a0718decbfbda7a9d0fd78,routes.llm_query_explorer.json,231306
14db2d94ce1274e625d6eb1fd5c2017d7dc76bd36ee6c514070173ec16086aa9,tree.json,38862
152c1317fa5c51708fb69b8858f1a80e01fe61001fd940a4800337204f058480,n5_6115_paroutes_retrostar.json,3025
155a9440e1512f377e35ffe5fcfb782b0a2dbb78b4b2e1a127232bb2f24b087a,result_raw.json,4117
1572cad07f748d4586704a7280a2785b43ca75f2059b37749247886c2ac9591c,n1_2879_localretro_retrostar.json,2920
1585ef606667040b23fafa1aac147637b5beb7fe083a19c54bc4e787c89d1e3c,n5_2879.json,456
15f78861be4b1350dd2a9417b1303b1373c11cfe7b91d9b912458efeb6e21a82,tree.json,322817
16194ff039daf018d22b763e7e64384e6a11a235bd06f426eefce7d3a70c1a25,n1_3447_rootaligned_retrostar.json,2827
1637d267bf26bc7de77c98f6201365c78fe4cedff2c2ba84674c1de90462e7c6,n5_2816_rootaligned_retrostar.json,3635
1677b136f0207a89365bcb171ad456a6422b7814a283df8ec4839a57f4d2ce60,n5_5531_rootaligned_retrostar.json,1734
17086834be6330a7d5cc371cb861380b208d6a8fbc9a8d3acbb3c4a7d4b3bbb1,tree.json,1395482
17761d183f725738e13605636fd344cab335d8011b5195742c6b20d102d6478a,n1_6952_rootaligned_retrostar.json,2795
177daa2327bc96451ef91334dcd8ea22de7623d6ceaeaa7bf46eca2305b0bd5f,tree.json,727090
17b7f62155a165b2f7914a3bd2f0997d67ca8aa6bef174fd64a1f9116f3edd04,n5_4003_localretro_retrostar.json,1992
17e6eab444f7999e03906042046f3db3b6d3e3cb77cfe9d8d43d414124c95bc3,result_raw.json,4308
17fc518000b99b80d8364e6f25fa6c2df800b52a369944280db5c6fbceda0939,n1_9128_rootaligned_mcts.json,1354
183712da642652cd19a7b16a8a0ec6573615da10d8075a9a9fe4bfa18f668f64,solution_tree_raw.json,822
184a4113d37c561a92681fc3531e8d72e85f63bf12f385019adc9e75cc1c1a62,tree.json,302712
187a822632737f63ec0bc55a68790317d3a5ffd4d9e5c9217e9cfbfa30072514,n5_8613_rootaligned_retrostar.json,2178
18b312c8aae5d789ee123f470ed41717ca6825eb08edae99bdf6e468167f1823,n5_8613_paroutes_retrostar.json,2307
18ea0c7577b690022842a4fcbf92222b7f4d0ce75150c7cab9c61881d9b8eedf,result_raw.json,4143
18f13b04f989a93ba80611f955aa61763dbfd86a55940e3c2c4f49d22a78d6dc,tree.json,41992
18f8aabd8dd0f70962d15bc8b66e0fc05e8fea600e0e8fc5f310ac22306c5670,routes.llm_query_explorer.json,280142
19b35defdcd4595370a6b968df97cfafc1c651ea7a089a5bd4a1af6ffb26b13f,tree.json,48646
1a042e1e401225d0c6910da4978ff02a34f3f715c0ac48fd1d2e03ef5cb00e31,aotstar_gpt55_paroutes120_strict_closure_20260719_step_evaluations.jsonl,583174
1a0f14379ae14798394f3edd7f854e2eb7d38621395ae3e9deb30d91be34fff7,n1_5357.json,930
1a112ae72cf606b805e728ed5ba6858c04d9fd6e16bd8e72f2a8c4e1e4b2ab43,result_raw.json,3872
1abb592e5f62067be6326b434d95dc7926e4af1be25830fdfe5600b781047007,source_manifest.json,1122
1add02ebe99c8325e87a838d5dac559a8864d1d1f493a556c605089798449971,n5_5455_localretro_retrostar.json,1760
1b3f243dca78c47f58f7f26918a3affb813d6826ba60fa693a34ee58fee57880,n1_6397_rootaligned_retrostar.json,2700
1b447beab8aa5f0132d21bd7401c7d3d01d7247e806d093550783eb83d074ad3,case_006.json,5270
1b5bf8d99992817b9b88464c26ca1a8e3d006b1b3eee4f577fd95a6568f62fe0,n5_9293_localretro_retrostar.json,1220
1b60fff9866cffedcc7af6e083c0733aa8adc485fa15b33b12fd3b093d9eb77e,reference_subset_n1.json,260168
1b8d6266b0153ef80cb3773eb13e48166e08eaa4d9c0c24b190fb671a77696d8,routes.llm_query_explorer.json,70301
1c1f38920e358a833e167a5382e33560c97fec96f2ae65d68689a1d804e02e50,source_manifest.json,1092
1c24ab4dbab085fa58dd1e3057ca0bdf5ac1b0c8244f5b1ecc48a81da1befeb6,source_manifest.json,1092
1c5c84853178fc3f1df10389401340b0cbe0a817e374ee79df3c00d2fdc03f81,reaction_steps.html,44788
1c8ad641ad93fdb0b08fa82b597befd4c41815bdb02614274d7855a093a7e792,n5_6445.json,850
1d2065f9e0ebbcf751c9c46e15c66ce965f48026bfa974bc3dc69155a6099c8c,n1_4208_rootaligned_retrostar.json,2585
1d30290829b5be83c5752f514e12e1a7d3c9baf6598f73c4f042c4952b9eb68a,routes.llm_query_explorer.json,320578
1d81ddb2d2ba87f4a74d136dc3c20d9699a84f775ad5dd2f6f7b9b94fcec3012,tree.json,75648
1e18987bf6eda31a64822fd20cc5ec1fe39692c005c8c1f1c8c451d8320021e6,n1_566_localretro_retrostar.json,2785
1e689cfd5e0519fba296def7899c1d5051b1816be94d1d7916319ae1306bdfdf,n5_1096_paroutes_retrostar.json,2518
1e82cbcdebc987fcd3e1dc1d7dd8e87513115c59a256347ff235cbee2a943283,source_manifest.json,1092
1ebd81d6a36a90a9e66e63b83a68e27b70be3cdd3c6a7fbe61e55afbdbc2c7fd,n1_6397_paroutes_retrostar.json,1814
1ecb540a80d6a4acc7cd520d45220ebbe99612ee8b1a7e5167328759e9154ab4,n5_2779_localretro_retrostar.json,1657
1f106d55d9821f29487ae9f2ab86e574fed081780a532e98d5958ef6c77830b0,route_view.html,60623
1fc2fa30308b016398a89eb8b892403c20911e6c275656838204861a167b3505,tree.json,83800
1ff9d847247e714e7dd6dba2b3d2c87a9b32e9df10c53ea87cd8d96cdf89664c,n1_6397_localretro_retrostar.json,1806
201df9c0ca8b2a56db0d821d4249e9fd029b24821f203f0b62fc0113107f546e,routes.llm_query_explorer.json,314330
204b240da625d1e46cb43d34c3d931bf566ea0358ead1afe9d6bd4efd7bf3409,solution_tree_raw.json,765
2060ff53356bfecdf383943ed24e9a230f6f26cdfe13a2d5d1b3023f80aa6975,tree.json,113398
206359b164266c58e764fa8fab4589d03cdcaccaa699a965fee6abb319832404,reference_manifest_n5.json,9333
20b9a3a76c1d2cfe18fcb7a425dd4fda04562b5d22c425d44733060b11f81e2a,source_manifest.json,1092
20e101c95709ebc32e76b43f7e4c313413ccd5a8650280a52b09e7e6f2820ed7,n5_4400_rootaligned_retrostar.json,4111
21296cfba73cbfa188da003f418386418709fb9ce8bf27a1a90b5241f9da8632,result_raw.json,3890
213b95d51c62595b11c06bdb6590e1c2e70e1f3e95801535d7f17600ea219d99,solution_tree_raw.json,1116
2142f164403dd65ded566b1952c6387512fa22ceba62f6da9a75e0fd62cd12ed,route_view.html,42521
214475f3fa840194900eb6ec498482d90e7ff983f7e80fa42f9139e2fe9fe0fa,result_raw.json,8570
21cf98d7dd9e27a0a4a83453481b020e51670fe03ed432ba74b299b1100286fc,n5_8105_paroutes_retrostar.json,2045
21ddd3edba55d485f9cf0676862dc6c7a86cf22d4e456006967f924ba416d16d,n5_8105_rootaligned_retrostar.json,2797
22570c805584e8b62a7a04ef5ae23b7e8eaca24a1c8c894cc25e571b2e107a74,rf25_010.json,654
22598039a7c0b0e96cbfdde7ca8c24564e2cbb3d43fb9e4453cab2e8d8889bb4,solution_tree_raw.json,429
2266468d70d4259aaed2b0f92389baa396a9ce6af2765f250aeb4cf7fce30061,case_054.json,5839
22c53f10188526a6c699c9dcb55e0f4c3d17b7142a7ad7473f7e8fee98caa6bf,solution_tree_raw.json,3177
230f391c43fd53cc6869d1f4af2e5111306ab4ac8a4c6d66f9b972df0dfbd5a0,case_005.json,5214
23131dd92bd150c199c09683199c70476a07b4a856fef80bc9afead4371bf51c,n5_2779.json,349
231b536de5ccbbc695fc960f79f3bd84d102eca20e47f30049a4d7fbbc99e424,results.csv,27420
231f02cb1a02e9a29c8a52ce94c449f66e88b71e2406440ab01e8053ae287b82,solution_tree_raw.json,410
23384cda54d29a639f272107fb380fb61c36f29f612309b7ed785f1e933070ce,solution_tree_raw.json,848
2394cdbf81d1b0bb12eb5bea85d09d93939c0f4468bdd87f6a40d9aafdf7e218,n1_4208_paroutes_retrostar.json,1176
2436672c3c4163a268fb0905829430a8c8173b20d0d4f9b57475294b481dcce8,n1_8498_paroutes_retrostar.json,1318
24ad24f5319dcf6c20e7094955edb02ecf16233fdda7f6ffe36d3eb36f328d86,n5_7796_paroutes_retrostar.json,3684
24c22757365767c369a34d568e19e21ffb5eacc51cefab511c127030ab39211f,case_026.json,5508
24fecba8f0a9acff931271f66a424aa5d971e999732526a3f6e5ae1bec889a23,tree.json,47966
2542d87faee209c8ab77584a6f845da08118b7aae5669c3888962f258ef81fd6,solution_tree_raw.json,3794
255512b70721fc7b2d52ced5a59f9c8dcb37789a9b1681edfcd63ac8524dccc3,n5_6568_rootaligned_retrostar.json,1777
2587b8f164e2f6fc4158cd7cbfbf755d6c4d89fb81b5f207b4eac7dae457b90c,n5_1298.json,658
25c6e85ce0d50ef41a40a4c2de66d017e7d89144850c14088d613ec3abd62f4e,tree.json,67745
25e9d90c97addea5bbc9d86a68417833f3d2e45955e1b0f3a27c220be232ed4c,solution_tree_raw.json,380
25f01a07fb13814c5218bb9d59f061667e106e6cc7653b693622393065abb5dd,routes.llm_query_explorer.json,529939
25fb4a68fa1627dbf5c8de157af715bff0b396a1ca1e1549ec5c1379cb1d9eac,n5_5628_localretro_retrostar.json,524
25fb4e26233cde6f91602e293a45f129b4747cfcbcd4423ef6810a45fdf84294,solution_tree_raw.json,2196
2605d483625b10e155c0e5dbf3075f669d9a8c0873a8477c940bba198c8b28b6,result_raw.json,6399
260b987fe4a42782c0d659ba40a86920de2fe39a1e185578542582ba7e72c4bf,n5_5531_paroutes_retrostar.json,1868
2657b08efe4f1dd95f80d0a3c442ba873bfacb98d7418ba101a45f43bab5c32a,source_manifest.json,1092
269c574e5b73e78855f9d6b327fbd46d55dcfe9ed9ba63fb3840a4f204f2815f,n1_9822.json,776
26aa06877809fcb9933dda2a6f5dc1b93a9eb6cedde8b064c0730bbcbe1f2641,reaction_steps.html,118966
276667ae0f85b9cea83a87678dec8eb4fd7d060c59e5b7ce8f4ae0d32b9e4291,n1_2324_localretro_retrostar.json,2533
277819b9eb35d721b0715a9606777a533a4983a44f765301f9eab56fa7e7f147,result_raw.json,4011
2814f5294071dc4688e46f2bb5f91e6a6f421ccc13b8f42d2c20c06c91fc94a4,routes.llm_query_explorer.json,225165
281c99ebc1f51c2cc5c9a1cd1716101f19a34de0e2b924a0164472191c6bfdc6,routes.llm_query_explorer.json,151329
285820ca07467dc2a3653201fe8906d6b9948adbb12e761c002a8d5d694cb94e,route_view.html,169773
28733adf62c48d0942cf211f3ce3fe70a8129b9f1ca918377f06ed4e81a4c8c1,solution_tree_raw.json,379
28753875176c1fbe0557fe0a0dd4d5178767a1a3e301e31a2fd4c1a95f3c5376,routes.llm_query_explorer.json,52666
28ece4b0ea31e8a84a3fb9d38323683c900b40dcaa02329a475ffb0ac289ae10,n5_6115_rootaligned_retrostar.json,4182
28f08d3d46c49f8d357265efc181cb17b76299c882fd008193e2de5188c7313a,solution_tree_raw.json,1076
292f464df554a4e758a489c7bef6e46cf39ab9561bc94e7fc4f105b4f229328d,routes.llm_query_explorer.json,26315
2a2b255c41970fb2ddcce9d4222a4992d3d555a4df1e56a94a446cf67bd5eaf6,solution_tree_raw.json,904
2a48ddf50c42a1ad5091173eab6a574096060772a933437bec01f964f723b63e,source_manifest.json,1092
2a5f9f6bfd99b7d4ac57c72d7fcac9a8b8dfdf4756a0c0c31f330ee13bbb1fe1,routes.llm_query_explorer.json,10258
2ae9ebc73e7e03f2bf9f1b14899a3a5b997b4356943dcfaf9e64a83419194f59,route_view.html,90602
2af3f601d09c9c8e5522195cb841ae47ee56336a4a037704939245488cd6c101,n5_1391_rootaligned_mcts.json,1151
2b1e8ade7871df36ae44075e1075ba7707914715616c57a27f30e704c97022b4,n5_2847_paroutes_retrostar.json,3527
2bdf0056eabb660ded53515b3ab6afbbddf219009050959717318e7e4603460d,tree.json,100566
2c17733bcdb49fa60ad23f1d86af107b78c53f5ea8947e0ac03255c658d79d2d,tree.json,201824
2c1e0479168345904c0fd770fdb69c252cd1be2d8a390eacb126d9eb2711d175,solution_tree_raw.json,1095
2ce273a07314bfb7e0c1fbcca44ed6aa291653f726e6beaa47639a83c9d8a30c,n5_1096_localretro_retrostar.json,2465
2cf61bfcf84814a4eca8b2eea45f5a691b24830e999eb32f8fd6cb851cf57174,routes.llm_query_explorer.json,101606
2d08a3656072bd07c03946e89cb78eb4625026a68e63b5c0c58bcf178b9887d5,tree.json,55183
2db03dd58b69686b13d5578c606ff15f6de02fcf9fc3ec23331aa1a89980668b,solution_tree_raw.json,841
2db9ba48c5d94a4ea5c3683273ee05529c65f52ff751a72315e9086e0db18d0d,n5_3850_paroutes_retrostar.json,2290
2deb7f48e64ad02cbcf9b7ee0a8b2b946244773b3a2dde37d36974d7d3bc87e6,routes.llm_query_explorer.json,206057
2dec4a422d43badcdd0a2c1b60bdccbcb5dc5138b93e82034a671e6b2af3de9e,n5_4400_paroutes_retrostar.json,4136
2e3e493aeebb61217cdf12057a72835fca52c3ffeb0b0bdabfc527ad44ff15a0,route_view.html,99765
2e4844ca5af4108ba98f530aa4e8d53afdb85da850a73690e9cb6d8cb9d27044,solution_tree_raw.json,393
2ea8dc867fac7383951f7ee73b2879093c13fa0fd2568fcfc435bb4ce3cc051a,tree.json,136354
2ec4bd8f036d1e574e46581810b711bffc8aacfcc15058286d3043fb81e6582d,result_raw.json,3753
2ef67230788f11bcf2f9e88dc655af3f27e84633b2708a43042a68e20d056b77,routes.llm_query_explorer.json,303549
2f1c1ba27f9e552ae02227eaf3bf1a72eb776b159bd8e5fa636d3de56aeb68d9,routes.llm_query_explorer.json,140854
2f39c4319cc7600464f1f1e4e2269c10f88ff2cd4ae7b9a78513faf7baf5c216,solution_tree_raw.json,739
2f4636f939f0069fc0937e0d3527c6aee3002d5f89274f37b27197cfd743ecc1,n1_1307_rootaligned_mcts.json,1936
2f9f69984da8313b3406a32a144ee339b8f46dc0975944bbb7c4e34bad86ebcb,n5_4017_paroutes_retrostar.json,3309
2fa01e5aac0971432bf28ab57528bd7e3754f6a276b8001de66c0c6b6d608f28,routes.llm_query_explorer.json,233906
2fea7ccc61b896a52e229f2dce4b1ceb038d7e29f75d6c8de02dc23493f26da6,routes.llm_query_explorer.json,478852
2fef32b49a89d4e2a8609244997d9848a1c3fdfd0b004b5f60ed1f22425400ac,tree.json,60968
305abec1549a70ec61d71bb1b20bad89080fe6c4d42e57762c9c2b9606d5874b,case_055.json,6008
306751e218bc459c7becf4c7c7bba1181a4b96533e7814ce150708ef52251caf,routes.llm_query_explorer.json,65130
307f7acf3f287dc15626793ae9fb16668bb80d873c0ae6c7ab179d5409942dad,routes.llm_query_explorer.json,308210
30825b93ec230114703ee151242f39edb0fb170197cab151583e4cacf31bc08d,n1_7287_localretro_retrostar.json,1244
308ef82fe5ddfde1c2ea37d762bf14bcb12761027af4a7f84bda5dd8031f3f8b,solution_tree_raw.json,834
30df4af53306d6489a7a6dc8560c96c92440a5296114d81e0fcfcdda8519e8b4,n5_8189.json,385
30e897ffca749301f743e284bab561d10f3e93fe3c20832f10af78cf2b59c5be,n5_9293.json,455
316acff1242cd5578a7b8295328db955bc4e48ef15a84e23b95f00c2f2b9422c,tree.json,147378
318bd5e0d94e6bb2480d034b30395d99b9f81f0ab13c8baf4f59b201a556647d,solution_tree_raw.json,1300
319245d4011eb23dff3222716ab13ac07cd1573a374562923b9fcd388c81dff1,routes.llm_query_explorer.json,440799
325b1d6592ad5a918127ebfffd1ef22f82eadfca3caf4568c862468e0a425b45,source_manifest.json,1030
328850920717534bf93a694b87eced972ed2e5d80334abab85675008a9f160fa,source_manifest.json,1092
32bc30fc4ee89693f860b325efe7e449792e6a8bf5349290abd2eeab3cfa3926,tree.json,49240
32e277f338a082f6b8cdf47ee8aa009199ea1fbd1202a7ed405e10f51bace5d5,source_manifest.json,1092
332702823648269819b8e1d68ca866928a351482d8cfe14f9c9587d7d44ba53c,n5_5306_localretro_retrostar.json,1711
3369d479f5b4e821467afcb9d3ac655caf01ca842f491f13f2270f137a44ac24,reaction_steps.html,303088
339cd30f719a9bee612f34bec03b51fb2c4dd855a7ee1d03b93cf3c263375f4c,tree.json,91726
3431f4538ca1727c3f3a56e93b825454553a571b66e1b8ee29cdbd68ff7bf1cd,n5_9501_rootaligned_retrostar.json,3783
3474ab6c942acdd310eebfedfeb754d9fa68d20f01cd4db51ecc8af8504a884f,n5_7157_paroutes_retrostar.json,2048
349dbdf2d8bdbb22484afec1433af1536b70b7447ee24baf862c3d73b713b88e,solution_tree_raw.json,6684
34e4bbb69c1f961a00ebbe4167d5d28a099b91476f2afde6c4a3a1f2146d82ab,n5_3961.json,505
34f64a2d2f97e4ada4cbe89ebd8c2f0b1a6523e111315a6c09d1b8787c730078,case_008.json,5110
350e788a8d3768835c40614550dc86a397711822492f19d7f6b54a6c05e12fd1,solution_tree_raw.json,393
3596b26940e045dd7ce7746ce947a4c7598ff98137c7377b018abfd83c9abb07,case_012.json,5181
3598c440eb97abf0db6e0d28a812c126c1f037a6c4a4d1eb2512fc29abdd78ec,n1_5357_localretro_retrostar.json,1993
35a43bbdd87d6e9b66ac7c0ec1c73c24e51700400eee7e79cd58c8ecb07ef217,tree.json,48561
35f2d685f1bf7b1415de2e8a8ce665ae7dd5f1718457ace9c0f01a842f26cd17,tree.json,131612
3643e9902d2180211ab396c2913b90b0d8cc85509f99b5e57b07957ce08be993,n1_9822_localretro_retrostar.json,2312
36869af270d4bbf81f36e84fee5b962be8382ec9803a68df53b24b168e3bfeed,n1_849.json,654
36b0894643e4f499928bd5f69b78a1ceee65cc34c0eaf2205b27ac3b2979ce8c,source_manifest.json,1092
3702de315e36b3cd56089ff857a14d46220312804ea966ce6a1b2ebf5c10ba5e,n1_1020_rootaligned_retrostar.json,3845
37159d4fd3bd5d866500f9cbc5722178fb9b2e0a108a718e9ce3478a8400d59f,n5_7899_localretro_retrostar.json,1753
3721dc85c8444b29b0e5562a611331f46b0f970e4afbf90a60ca766f5a8e9576,tree.json,90678
3729f32caa0f296c956db9836bff2a638c6c92ba1579d24dcf0c280d9e26d3e2,n5_1480_paroutes_retrostar.json,3306
378b6c325892b7767e1ceecc843bd9423f1dda253559e0b0063f80518c0af176,n5_1115_paroutes_retrostar.json,4156
37a6dd159da5f9f99e54f8eb543058320298e05b328f381b60c60c5e75749fa2,routes.llm_query_explorer.json,246037
37e4f941f119255a5c5fa12a4e3df00095b09553724ef047230418affdd3823b,reaction_steps.html,204482
38021bb15497ca430a22e10b8e0b7d1b3e50b1df4205085a7c0c9cbd7b99f663,source_manifest.json,1092
38244f9188e2eb855f64c57a3b97423644ed2e77a18f25f6efc9fa54f6b9e838,n1_2324_rootaligned_retrostar.json,2563
3861554cbf7d649a8cbbf69733b14401b8953e47c6e7c808c27dbb46883728ff,routes.llm_query_explorer.json,234531
3945e68126b5d7e91485ecde05b40c0e9d5dbbf3342f7a3aeeb33dd249b6ad82,source_manifest.json,1092
39f726aa641de157f7c801f5ef600e0786c94acbb4f6e52d8b9976eaef4ef355,tree.json,52451
3a0d16a5c9d511f3d0b73853d6afd79294d9d61d2e2e5ba6c064800894abd877,routes.llm_query_explorer.json,369860
3a6f671a326656998eebb0d378eeb68d19abda5b5558d8a5b14b65f309a5940a,n1_6381_rootaligned_mcts.json,2831
3a733b3f874f81f84728fefae37013996b279403292392783b6dd25feb5c744e,n5_431.json,1098
3a74bf639ecda2986ceac803451b4db4be5da52b9adc5ec097318b9e9af33e9d,source_manifest.json,1092
3ac246061faa78fd4b2b064c74863eb17683e045ded1ada9198b28353132ac8f,result_raw.json,10756
3aea8beddf30b8e41e204919f2815dcc400f11204c9af354be4253d65e409835,solution_tree_raw.json,2760
3b0f7cc58efa93e1aeaaef85277a7770fc28b31f6e5b33e67a23077abea4809e,n5_5654_paroutes_retrostar.json,2920
3b4cf2f35450b13e55e5a06b6fab760ba2b52b1428ca9d1acf6b47f71361ec2f,n1_5654.json,646
3b69f1e01cf68884142f21f80fda0f5b5247a8b30e5a0289390cfe303401c667,solution_tree_raw.json,940
3bb492330bc86b2e859504597bdf224faef63e9cb7f9b1dd82cbcc627a19823c,n1_2261.json,1191
3bb961890d0359b0b33fb93def9fb6dd615e40e2681bac19c891df80beac008b,n5_7630_paroutes_retrostar.json,2059
3bbb71928a94f2d1cd13bd8340a14ab30b2878a527eeb20c12b8c247f07ebd0b,case_037.json,6044
3be0c91109fdb2c374409fb618f3fd8ed03bab266f822e0d21e7d77f63101b02,n5_9628_localretro_retrostar.json,1873
3bec9c8b40395bed9ab492b36272c09ca02ad940cf1ce8edaa2cd5133f6c9127,result_raw.json,303287
3c23c32b104bf1ed24acb533d714e8ee6248a6ea596ef907790f18caf8a7c62e,synthelite_steps.jsonl,138430
3c7843583cb16734bd383198c4a0e95a2d8f700799384d04ea26ada12c594463,tree.json,41384
3c9eb698f13ef95dc2cc834118cedf57c79fb9fd1df13df53bea1acd5f0bb5b4,solution_tree_raw.json,380
3caaf26864b0964f132d8bc92200b0dcdc6e6b530c6f6fb35a84f9870eeee9f3,terminals.csv,111730
3ce0e56904f54a155e49973fda2ed1eda10060a26c9fb5cc96cac80494bfbe5e,n1_8654_rootaligned_mcts.json,1742
3cf0c154e7f69738c006a4fc049e537f56477f96857acff5fddefd0fddc01e56,solution_tree_raw.json,2834
3d24c352054827392d79134c7dd52156451c071133da248ad89075a0b6d56826,tree.json,512999
3d286c7ed3bde4c29bdfbe948befbd62bddb57200864b37eae66beeebc5ce1a3,n5_4003_rootaligned_retrostar.json,5517
3e36133f27d40d55025d720b044c12d4d9afa55470beed27896a8fb5bb68bc48,routes.llm_query_explorer.json,414767
3e59df7098bbb31a37f23995d9955a3b44d3acdee69f4937e6d25c30a2e1cb38,n1_8725_paroutes_retrostar.json,1087
3edec1a408337e0fb051fade0e03389b1adf1bd1e9ac4b7bf7e78ee6e8a42a2a,n1_8105.json,265
3f029f7c8f7ee27bf70884a5ab8723bdbd6f91daf844f520ec1ffaa959290888,tree.json,89401
3f048585db1589c2e18d5aaf5d7ed4152844a2d824836d3ab416f41874aaa422,n5_5256_paroutes_retrostar.json,2135
3f08653df68100fa689c6efdaa6c93ca21e363abe407577505689692fefc685c,case_023.json,5277
3f39f2bcbf833001289a365be4f84e1b640243345d0c346673ff3f587d991ae5,result_raw.json,3620
3f3fdb3fab3daf1748ab15a5d5e745b7bce3ccea3f3f145d35a07e6fc4cd8f9b,source_manifest.json,1092
3f789ad9c5c6acbbfa608f7673b75d4fbded50c85c3533c82c9f2f2d1e608cd9,n5_5455.json,442
40027ca8ade71120b5b44a2e48dd3d463e1788a36aa3aae0ae12aa79431cd484,solution_tree_raw.json,809
401711a2fd38a480478cae03d3585b15d1fff7251f3624834fc7b089847ba6cf,tree.json,93831
401b18ee2a20797396fd05a66d0d9af43f6c4426bc4ac9b4ef117fff1beba422,tree.json,132314
402313f44cd2683848ea1475e5a39ff971bddf30a4c9a48eceef1149b4350724,n5_6541_rootaligned_mcts.json,1178
402eabf74038a9e3570727ca1f31e722bf6670508c48492c61f90bafd4d9794b,source_manifest.json,1092
4102413681bd3b78fece69eabe81aa7009759bc1773d24a4bfd7e63311e8ad51,n1_3447.json,316
411530d83428ea6f108b88dd1a39ff755282266d171dccd4b6e3c598e5c36a01,case_046.json,5386
413b5da262ecb60e422d93df86aec708fe6e135fc6a164d42a45cb15dcaf9840,routes.llm_query_explorer.json,60581
41601b1604b9a3fc150c1c61d69f95efbc32df61e13498815a0fa4c09495e09e,result_raw.json,303180
416dab39f12db49391b627268fbd322355687323e34c330cb8e9fbb0a8112cc9,n5_441_rootaligned_retrostar.json,6394
426abf28b3f1631f1e5b1669d9395273b8905485803c08fd17d8a9d9b2631316,n5_9628.json,389
4276555652d8b38fda2af8577fac2a941e75caf5880146bb8c4d835ac3a2f8e7,tree.json,54273
42cddb9712f1069e12dd9334d6e7af6ba946e12b03e1fb6dda95cd3c11a284ac,source_manifest.json,1092
42ef8fa24a6f0fd7b2239cbd9ba1be3709e2f54219f39e0602c1712994453fc8,source_manifest.json,1092
43098ed812cd297fae1364d7fe2e0071bb6356a9347d031f6dabefe3a129e6fa,tree.json,49740
4309d21bb55fd3f4aecb48e16fc9aa7515ae83f4f2e88b3898bd37cd68a28232,case_025.json,5282
432b9f24409466e3e7db96eacd7f8c303fd1450adbad340012b0e3049b80d05d,result_raw.json,79682
434d80eb8f3500198e036fae7eb5501dd54193c4b0680d978dbd0012b20c0dee,n5_7899_rootaligned_retrostar.json,2668
43684d21d1c5ccc0d95bd340bb8fc7986bd511781e819c79fb345af61dd412bb,solution_tree_raw.json,1178
4394cd5e2f99a4b43e9a75f37c10bcb75a1dcb2eba3135a567294bd43eeb20ae,n5_7967_rootaligned_mcts.json,1958
43983367f0bd373cc256f8a4e41220913834b51e454934da612c2e3f3da37cb3,result_raw.json,14593
43a90bdd5545e863caf32f34717cb8eba245f885bfe644c3f54f0e5472c14169,solution_tree_raw.json,414
43ed93aedc24d592a4fda4cc8824b07a3bd4bde64e14ecc66560f924351f6ed5,n5_129_paroutes_retrostar.json,4379
441f3ae5744cf31178cdbf3c40ad0f10d6661ac0f60f0d8b88d7bae6d96fa18f,tree.json,560938
442a4509f2cfaf68df1f5d8214d9334fadfec44b51f2e3eed3a704d449e192fa,routes.llm_query_explorer.json,76356
4444bcb6a7a5babe4983002c86cdfed9aaa491f0fc27374b1702b0617fcfc9a7,solution_tree_raw.json,410
444ed9a156b3063b5380634aa6e46b49cce44939695ab5c06cce6039bf2f86f5,n1_7500_localretro_retrostar.json,1146
448cee6f6e31c24fd14bea5a3437e95dc3dfbc31390fefd565f6ca49a9557208,case_028.json,5169
44ee941abdfa758a035c3a9e102d2a97017e0968b5fe924e3f5df75be8bc33e2,solution_tree_raw.json,395
452e79699d50533b09ec1322d8151250df43d883d9135a727b066f0ac1c8905d,source_manifest.json,1092
45863983ec4992e274608ec673228c7ec48575c41da273bcf9a6a69b3fee5631,n5_7157.json,479
45b26f832b18fe52d9157ed87e484cdcc3de960cf805afdc3b96ebcdbf6aed0e,source_manifest.json,1092
462472b2d8b12454bc7f57a73898ec9ee3b8bb9f836c3ab442f25f8022533e20,n1_8105_localretro_retrostar.json,1902
469a1e38c00a602dcebdbb4469c9f4e9d47c594fa07162eb2720cb28cc84ea09,case_020.json,5271
46b24ca3889e7266bf09935b9a89c52726f941ddb843a7759accfbf57ec6b284,result_raw.json,3817
46bf9fc7d36552d31319b8d5ba427d33e9673fa55c775228f0039482bbc392b4,source_manifest.json,1092
4703297b0e0d86f623d656d58cc8306f5949c33656c3ba6135c9a90a861d4d76,n5_9145_localretro_retrostar.json,1061
472b93a5b5954520f9fee61aa34f9faf8a68ba8bd806cb8750fad3330003c08d,result_raw.json,3930
472cc47b3912c1c8573eb9d5f5582a841637d12278d0d7fcbdb846d68075f00b,solution_tree_raw.json,1169
4793c90ab4970a294f857de8175e818b0c5b0691662b46785810c93a619c45c4,tree.json,108870
47afa5efed4beb3c62e5fe8108801580017ce9bc45a4a14644251fb6c6cfb5ba,tree.json,90112
4828614ea67bca48d4d7f0ebc861089268b3fbef37991539ac8994a9d87dbadc,solution_tree_raw.json,805
48943936bb45832172aa03eb8a078c93c9e524d4af68f4c6992bf9e4ae11c633,n5_2106.json,875
489a86ef3d63a0d37c5d61527ba1e0485c20e43f0e3be8bf00f966fd8ce48990,solution_tree_raw.json,3235
4916e7772ef5db35d602bf57c476b89f46829158ad3fb7c3c048a1674f6afb33,case_003.json,5193
4936a679faf9e8d460ba9b4271b7d508197a42b459a3a810da51f1d80d6b5532,n1_6381_paroutes_retrostar.json,3880
49b68f0a5a10ddb8150b870876cfb84489f994729f65cc9ceedb5b0b26e5280f,rf25_009.json,810
49db16c76bb3ab34176b0c5874c1ebd2b9ecc15209d71a9231f38638d531d37a,routes.llm_query_explorer.json,248009
49ecfb665947700f99d5aef26852eb2b34073a2c962b872e5e0f8c62ad3d9f3d,routes.llm_query_explorer.json,310577
4a44406a87e68dc3eb7c84a9868640ebfbc8bd4972cbc6eaacbba2260580f444,reaction_steps.html,122282
4a494c70c71c40690608d1a9d6492e4626f338f4dad02dda8c215fb6edbfa1da,n5_6115_localretro_retrostar.json,3251
4a6d42c2aa8fcf921fa69e6d522366af121a1a3f358d21184c5bd4f1ef61ec3d,n1_6381_localretro_retrostar.json,3122
4acfd9a801f16394c007c3852a05e96293a4dfeb14bbd6360486c81588a61115,solution_tree_raw.json,356
4b0bb8c5edcfd95d079a7f359bba0fbc4a2ef9affa3cbe232f9809d0f21d3fad,n5_9743_paroutes_retrostar.json,1126
4b337ba8f9bf73b378e48be4c17a04cd1bfb414c69db37d2154fec242d1eba99,source_manifest.json,1092
4b60531fc98c926b6c9b2292434255c08935ae933a09e391c542eead99679e0e,n5_5654_rootaligned_retrostar.json,2637
4c43007879b50a2e12422427debd5e4863416517d8b092f99aa8ba80c7e2f927,routes.llm_query_explorer.json,349043
4c4d5d5b61b0a71f7a89754dbbffb91733e175842adb3c0a4e439126a4e6a2b7,case_045.json,5796
4c7bb118a34da439ca2b9f6b4340958e3d15655447585fc5d04b2ba2154c9d91,terminals.csv,166430
4c8c296fccb46fcc763c698a6a9ec2ea42345f5a3d26167fef9525c483a33d3f,source_manifest.json,1092
4cbc79a1175bcbd8dc80e66392ff579d95eeedb4e30aee51a7e94eea57958638,source_manifest.json,1092
4cc6b2fa72dd1beec7e6176a1a943f15bd2a28c265ad5de14df384c327072a93,solution_tree_raw.json,383
4ccbf9bf0b547b71a32b45c32b52b1747d8845771d8f7d317e8de30f590e7e61,tree.json,131752
4ceac4f4dc8ece9a81b87f279d90fd1ff801b2858fbf33072e00a221aab22895,rf25_004.json,698
4d63a57cd364b687a5536a8516754a70798f2ab01200edfa507e94d63df7bd51,routes.llm_query_explorer.json,348928
4db2439013825ca4bb413f83276b170a0d6ac34748c49f4b96ac80cc73364ee7,source_manifest.json,1092
4dc98a32f7d514dd66e2214638cc93ecfdcf8a394ff73818bbca61607ae9da39,tree.json,142192
4dcb554f7d62e8803369c768626453901e692a527e8daad6679e5fb3ff79c6d6,n5_1391_localretro_retrostar.json,1377
4e374cad2cae0fee3adc36c6e0909bce3a67f4076597d13467d6c125e47b31a1,full_cases_with_natural_result.jsonl,802401
4e46aa2b9418b3a31549b868ff090878a0634c11022b8067c30875c317ff121e,n1_7287_rootaligned_mcts.json,1873
4efaffd44c025b73ce685d8d50de2b89e8c1bf001a6f8c68c76e27d5697bd97e,result_raw.json,5287
4f19a0effd27575d482230a80b9f683188f4b92f44245c6e723910b7859c406d,source_manifest.json,1092
4f97d44ef54c01a789937d53e61883a224f1f1c68573506edeb0a8c0a16f257e,n5_6541.json,1815
4f9c334259afc2a253eb3b834ff231d3bbb6fd8a23afe5f0c07de1aa90932f15,tree.json,498285
4fe0a35d45e1192757375b60b2061ea416df35a849c491e9d9cd57e01ee81e27,n1_5245_paroutes_retrostar.json,4413
504e00573759f25dba5eb6d80a15991bf08018438ecacef3f1f99408e1b1587a,source_manifest.json,1092
5065e565d8bc1a587e56611e7b0f7c0ce55678d83fcc3807976d82aa8eda1e69,n5_1276_rootaligned_mcts.json,1135
507a05fdd92fc9526773b37b30ff4009b448a431d790dd5fd061dd8f6af26e34,result_raw.json,3856
508c6d0c3298f3f21be556100a4f332482e5a9f1ba8772821799cc9fe1377311,rf25_012.json,1099
509ee4f054616d6889e77dbc2fdd336d4ca750c905f23a0c168d1bb13ae8e30d,source_manifest.json,1092
50be4f98f4ee9153849406e0f59e193afabc58683c89b11e6d97ef27dd215311,solution_tree_raw.json,1142
50df31b10d3f8f54984bc75bd92e5c6fb4949afe5fa27412c38eff79bb422e45,n5_9145_rootaligned_retrostar.json,2338
51027e588ef2bc406a3a2dc435f97dd9354a4fc127343d0104097f310a1416ea,tree.json,112491
5115262ef2e8dbef39c58624b9d62b0ffa2503ba56d56a370faff28e93044040,n5_6397_rootaligned_mcts.json,566
516907fb99054a5c5f0da7c0bfd5f3f0828cfa73f9090db213e09f7cabf9f109,source_manifest.json,1092
519a7994f32391543204a7684bf936f63fdd703a481d9fe71fba98f4b526b287,n1_3899.json,1141
51ee40c01171d0ad82c4ae5a6d1c26d81b304df8e2ae699e30c4916c61668168,routes.llm_query_explorer.json,249807
51fd1e72cd549708514094b52c39e962de21bdaec622b4008317ad66733aa713,solution_tree_raw.json,890
52c1b927e35024f1412671be39aeb40bb56d42c50b875582eeb8e412425e7ac9,reaction_steps.html,21694
530f9fd0cc207936e35d30ef41abe6d3018a9c347695b03a4dec4409ffe790eb,source_manifest.json,1092
537f96de921a0c96b7bc033c2248158d8d4c07180093bac70919d273a49be9b6,result_raw.json,37541
53874b7a101a510a06924aa348cc90e912f95d640351f45f39c95debf929ebdd,n1_3899_rootaligned_retrostar.json,1754
53d4137bbe59fc2a8c305822182ce8a6ae60d33a12509b45a9bf80da21fc68b8,n1_366_localretro_retrostar.json,3954
53fd4aa473964d740c621eb5aca14358296a3d354fcb4b3b693ac0d955217f84,tree.json,1080588
546edc47bb03a2c783e6bb054d4007ee861a9352371f38b19d04703c925e5416,n5_5306_paroutes_retrostar.json,1929
5470111e2df69f6d3d2fd82a1e3e13020f5eda75259f311700ce98daf788c0db,source_manifest.json,1092
547143ba356bca0723839901173108145c4c2cf62046bfd44e8778941401a8fa,source_manifest.json,1092
54c9bb6c8072c0baa89454fdf37d81dabc4d81c689f4c6f5bd62a69042d71e07,source_manifest.json,1092
54dab423db73eb283ad287138169831c8715ae8ca8e3889d1cdedce66d85e560,n1_849_paroutes_retrostar.json,3587
5576eb71eaf57947b9aaf2cc010b911d963c61652ce0f85c134711faaee67ce9,n5_1115.json,1074
5592083de90c71ece55692266199f33ec2a7ea707e12b2451466e4b38c55d869,case_017.json,4890
55c2233e0d648413e41abcc47c983c7326738e799ecc4d63b6fd288a3c37d7e6,routes.llm_query_explorer.json,474143
55d0a38ed5c81c4f9260952cb5873e83d310a15369a3710b45e03129a242639d,source_manifest.json,1092
5627680836dd361d9cd89eb2e0fff1e299ed82ed88428820d145db28868b42aa,n1_3899_paroutes_retrostar.json,3135
5633971ce0990724199f56940bdb59344990ec7eb8ff9a91f02c9282b30c26c6,route_view.html,214881
5637ce113cfc37ceb227cc8bcbecf0b596f2532e8c7f572ba5ef829714fe16c8,tree.json,74227
566b0e59e7ee033c018bcf5b037ad5068357ccbcca9d09380205cb6587be9b4a,tree.json,502559
5683bb490d7f6cbd729381bce16aba37c3be50754bc6debfc9a82a14057f1cb3,source_manifest.json,1092
56ba5d7786b0725ca97b53ffe72d5b46b902da691ce2982340608041410423e5,routes.llm_query_explorer.json,217947
57365ef102759ab5f66193e1accf7a3559e2fd877df6cf82959838bda1742496,result_raw.json,14910
57a9f7b7b5737a537cdfb0a012882c975095dfcfb852b2bdb492933f9db2f21d,routes.llm_query_explorer.json,339484
57b1c2526fcba971d3ae042cb75e652685cfe8ba7835df7ef02ac92a9e640ad8,source_manifest.json,1092
57c7323a2b6be3584b9fed532b4abf9e7f03074a893389018489f3fa93cc9e58,result_raw.json,4772
5871d1082d708d0eecfbfb0e03bedd343896b134f90d596f4afdbd3eb7ca96ea,tree.json,417209
588011703ebe514a66634a23519605028f7bd476f775c6f85fc37de45cee3f8e,route_000.json,12802
5986fdc2218ebdb75752183a5cc5e2b10cde444e3a5f09b650bb16751eb48eef,solution_tree_raw.json,468
59b112c1d3658c9dc8953ec10086ef05cdba6f8f06111c9144c001ff746c820c,solution_tree_raw.json,837
59b39ce326bd37ee2396adcd4bc63790843ef063cb7d221da487ed266945f10c,source_manifest.json,1092
5a3c1e6384b5dda1e5ac337c6906725684a5439b04e110dd98aff34f4bce976b,route_view.html,101675
5a7735580d5bfacb28c7f19e0b225818a55864bab75f80ee65809858f920bd6d,n5_659_paroutes_retrostar.json,4000
5ab369bb1722c292a0bb7167ed27ea45ec657d4dc66005e3e1538435fdf204d7,route_000.json,6570
5b20b5e45b07e21d6044e15200fffc7d4d16a30261e6988b6ec8469528a3ba36,n5_6926_rootaligned_retrostar.json,4053
5b2d41326460653ea5f0857997e6cb6d9e319258e764adccee7d57f07c019c1f,result_raw.json,3670
5b43fb5dfc25711bf2d6918a48d7a15edcd92b689b41c22d1c4a9c437fefd153,n1_6714_paroutes_retrostar.json,986
5b482c046d7110fbed474d3a3cba7b0c04b364cb9c2fa727867752216c91f647,result_raw.json,7070
5c13c0db2d533df3cce1ecf70c606b8f652fae6ec2628a9c3e9f0958b728452e,route_view.html,102809
5c1c62081449016f54d707048f6514d39d926fca497d1358b332da2aa678889e,result_raw.json,11576
5c292848894eeb42732bc5af523e30379891d403691fb59e06c5a22e0b29db3c,n1_8397_paroutes_retrostar.json,1880
5c45d8640d9fb9730250401b355fe59ba08dbbb95caddd9baf1eed129b604053,solution_tree_raw.json,922
5c54c8d203c25cbdd05270d64454387906fb6b7ba323b708044797075dd36bd6,n5_2120_localretro_retrostar.json,1611
5c7acae304d3d48dc325e5398193d2257fed3e8c6faef65f8fea16788ffa3495,source_manifest.json,1092
5c9c48f1949d48fd20bbbc09bdf47659a9f8cb025891bb400a87190b34cd2fc3,n5_4400.json,683
5cf2dbaad2d08cfa491f8e18158c4972ed067abea382cc0091eba8dcbe75a007,routes.llm_query_explorer.json,71331
5d0f6696f92bdcf35582d241234b2a00f0ad1f01ae963236c02fba4dd3010733,tree.json,24413
5d5d069839b6b681df897256362aab52ceabf14a5104eba9485835e42f013c9c,source_manifest.json,1092
5dace9cd3a41fa16fd60d7a44a619e407cd6574b12397ac34b48612a2f56c07d,source_manifest.json,1092
5dd1e332c09de7426b5c75d83382b6e9573ffda6032ff44cb9c39c85e4daa5e8,solution_tree_raw.json,389
5e5324c47fca05133cc477d3348f6c69f946167e191a598826d33bbda48e50bd,solution_tree_raw.json,468
5f0abe37f36fd6f5953808ede66fe43cad3d7ca77b969c569e45781fc46a5c40,source_manifest.json,1092
5f12cc57dd48adbb4caa40ad5d3949b430dfb739f24b1c11ec5acad4fc79f44c,n5_7805_localretro_retrostar.json,1796
5f180779d0a7d416374ea20aa95305c6b03a24c47a30c5985cd5bfe1c86ccecb,routes.llm_query_explorer.json,76938
5f60a02cd603fbd0d9c59fed0eb69f0f32bfeee62e546c458bdb0b8acb93453b,result_raw.json,4343
5f873d27017ff4f9949f61a6ab0128cdb82c754bcf76e66f8ac00ad846e4df3e,tree.json,239925
5f87bc3c01e0d3942eb3f01fa52ec3439b5fbe48a74a65a4656ccb1bd98a95f1,source_manifest.json,1092
5ff528e92e5ea7e61ba1d490bd7cc007fa31ca46b1e79c3a8554b35cfb2aa966,source_manifest.json,1092
5ff93a9b6915ef6651487d19fcc91b1b32d9e26add0ed6806a9b3b2391c975e7,n5_1480.json,967
6005373fafcae98666a7272ff1877578578cfd72104c4aded6f3d218ac0720ed,source_manifest.json,1092
6014239098dc19b063567850b0f6b227e6213b4427859eea143712b8cd615f99,result_raw.json,6794
6024c388d77e20dff0b59588d336fb77121f29ea8338ac1d6e1672a03cd9cc03,result_raw.json,7176
6042d13e1f8ad7bac400fa726b7eab6d36817b7637344a68da4a72667a264573,source_manifest.json,1092
6066a2baf6bc53f58493e6a727ae76a0b3885446863bca2caef4811216500b5f,route_view.html,144707
60b3af8c99cdc4bdf57a6d656af3a64ac1eb59cf348db34c456e16ec430dc63d,n5_4017.json,953
60bec00b9173c874ead436f6544b982fc900fca50dbc41ca490c83319f699ebf,routes.llm_query_explorer.json,268451
60f294a3e415a55f4f78a5ed352ad342d58846cee2072e585d148f35889b234d,solution_tree_raw.json,284
611974edc8de7ce17077310509523a790d31b95fc53c2fe35f9373363bf55d9c,n1_2879_paroutes_retrostar.json,2849
614e1a51d5fe50d195d4f9b0e5743f52c7b554ea73d6a3105cbfca9ff49ef67a,routes.llm_query_explorer.json,244242
61542cd4665cae3cd6454b71fbff095b3310003453543369ac50ee406f4d30d2,source_manifest.json,1092
61716d6310790596eafd036882de5789c2691678edd88768fd5035d768d801ce,n5_6568_paroutes_retrostar.json,1958
618c28a5f9fde39502be265ac074a89ebd21badc7e5685aac7d6090f07d0904f,tree.json,144266
61c352a11f6573fbee329248f1e76b1b9f2368f420de1c9c3483a51c312c922f,result_raw.json,4743
61cb85522ac54f74e80286f2119deea32c40e7501061f758265a8d79efc38218,routes.llm_query_explorer.json,114551
61fec1c1971a17fc7916e08fd277988915da6078cf96ef13b1740fde1381348b,n5_6397_rootaligned_retrostar.json,2705
6251c220e5f36b6d3d053e8c3c433d81a3fa99304597df7650953a81a4cf7566,routes.llm_query_explorer.json,225533
6264ac6cad80ab1d7b774fbffd8d7cc87e8c68156652a9a009719f6e1f973e2b,result_raw.json,3845
62f0fa5dce152d80ad5f53cdd83f2b61f1ca4f18be3ababb2950576cb92f36c6,n1_7553.json,306
63265d50c512629259e6be367d9e57b11a55ba93c2b1afd81e135387b15e98dd,n5_8105.json,796
632b22878fecaae1db347d1bde27377aba3439cc2369a4960946be9805516aec,source_manifest.json,1092
63bae65040dff563aa9432076ceb648a1b6be83e5786213e58cbb1c9b1aff111,n5_633_rootaligned_retrostar.json,5264
63bdfcb7703e990215b0f8036101ab84f80c8c971c3305a2692a7dc4a9b42594,reaction_steps.html,244105
642cc0a1830eae94bf723e3891bab6dfc3ad599863455fb9946cad97e325135c,tree.json,95544
6454b1d13a4ee237d0e9c4f12e4b8f6082f25412feb96fad3dd3dd3a363422ae,solution_tree_raw.json,395
646f4b9a24743c1f63b06d80cd7cab4d5f19fd7e7fdbf5dfa3e4dc9116dcdcb3,n1_883_localretro_retrostar.json,3523
647f18152f48499e06ef0d92c228016e53d7b1f0d431c2e2dea2b7a2fb676c35,n1_8654_localretro_retrostar.json,2521
647f684b418d4763b11ff0214dc19e3a168aa4e4734a8321538e9828a38cd423,case_048.json,5413
64a0cd90e67a67542639dab3542bb4af5e83c984fe9bbf14df642592a0bb6472,source_manifest.json,1092
64b46aae523f2463bdfb7bf2db042a4b54cca14d30e15d53353c8ad36bc1dae5,tree.json,64716
65180b0551404054abcaf4fe44169d91ce00afd0d5fc3292ce19773f5405aa32,n5_3961_rootaligned_retrostar.json,2854
65369dc580faf430a4c1aabaaad06544c575479412ecc1939f079147ad86c46b,route_view.html,123339
65ab18821b94f4c9a39fcfaaa665d77df5b0e72a4634a6ca58375e4e78c2ce6e,tree.json,578679
65b98c5d68710274234009e499ccc6081f1e9a4109e286025af2868f19aa4b19,case_043.json,5358
661241af352a0a54ac2452ac2ac7c637110cb9f04f14f00dcca635d2ebfc7b8e,solution_tree_raw.json,373
666326a2725aba222f75b5578cf4831afec94db839f83efb0e0710833a6f07c2,solution_tree_raw.json,5283
6668477910499df6c99371db13d085452a0fae62896c18d061afe9ba67324d89,routes.llm_query_explorer.json,211550
66fa7f13aed5d95133e1602551ad34745218429ea60b00cfc79e2fd4f845f968,source_manifest.json,1092
678c9ef62d16815c8faa05c0d8983aa4e2b7a624064a3f5cfa658dd7a704bb61,route_view.html,129700
67aca47d6ada06b233213f16147a2e0ec886769f723497710ac3217f2c2be833,n5_2847_localretro_retrostar.json,3521
67bf303413c3b6f476ee9058bfd1942be26c66a20339253b9a2af5abe626112d,tree.json,93422
67c7fa706c036768ef07c4f58e33cfdb48bb62bc38eb3b51ca2c6e0fe18da9eb,source_manifest.json,1092
67e5b774e6ce6fc077b9f72ffc85b52c9eac08efe62a2329d47fcc5a34b725fb,solution_tree_raw.json,811
67ec6342faf7ec3c3e106815a16aeb9dee2f0d00dafe4f49b74cc0691f1fef0b,solution_tree_raw.json,2050
68138fb6d0f99645ff8ab89989e22046277cde353fc50435cff4216684d1b78d,source_manifest.json,1092
68a6587b0fa6faa54eaf8f09bddfebd4880cdc51cef58de187a338fad75d2060,result_raw.json,3661
68bce556bcb706ace9d9393742fdbff3de0af1805443390036f79f6a4ae4ad80,tree.json,93180
68fecdeadf4d2a7aa410e2be018569bc44626697f7ee29548665755956d1f8c5,result_raw.json,22015
691d0a287061cc93f18445c051de37787c436ad8d46327a8c9b64601b7ee093f,case_033.json,6628
6922dd935ad08bac202e4a401268dea6f099d418d07424a42532713931fdc8ef,n1_366_rootaligned_retrostar.json,4505
6931287b87476bb5e6346fd326ab5aa4cbc749752a043a556622429229b69a4f,result_raw.json,3775
69448302f1047b1defb434f30444ece7c9db064d6d4243097fe37a60d0d86260,routes.llm_query_explorer.json,211817
6976d654419d59b1ccb0380afad2b2be2f6b1f58251e36c5a01869abf2ec474f,source_manifest.json,1092
6981b263054f3b2e9fb0c5ddd8ae49aad1a491bd644a648f2862e67c749fe5be,result_raw.json,4295
69dd95e9793cb7d66712b0d91955fab7a9e2b8c6f399e1252d35a65a97924b0c,tree.json,50548
6aacb78d57e417bcd2fc60eada103f1a1b601a52f284b79feec1e070af569fa4,routes.llm_query_explorer.json,286258
6b02aee8cf3a99bb9aa6584084cf846326bc3f395b9b3e0edf98f4453f61cc01,n5_7685_paroutes_retrostar.json,1296
6b1e80c1d3bfdc78fc62bcda2b2ffa5e66b05b607b612195e8d704ece2702418,solution_tree_raw.json,406
6bf3779bf13049507cbbde6d3cfa0b53d443762ebc95712938fe0b33b9b50cec,n1_7007.json,527
6bfe3278873422c86bed67b915fe8605f3a9881887c06d1553bdcf3e5ccec0da,n5_2120.json,565
6c090fefd5f31e2ef7a9eefdcf26443539e852975afdcc02413a0915f22688e0,n1_659.json,542
6c42d127c2a3d55d224f0e59f002f4ef7521d06af592913f18d688862042787e,n1_883_paroutes_retrostar.json,3570
6c9f728a4db93733c03457021e595dd4ae6e8c7d025d84287919fabd774c5a90,solution_tree_raw.json,1976
6cafc6cf744c553ac0fd3c79a98b57e0407f31ffa7400b34357dc344765fa5b1,tree.json,194739
6d0b2233856497676961411f6bd9fc3c9d1224206e3d2c802b635a21c84cfd08,reaction_steps.html,21708
6d1392d1190d4b63d21824750b301f7bdde4e756cc9793ab7b14a466a1a5a360,tree.json,95382
6d54b15c1d946361cf8c661ca550bed45320c0902b965cd1d491ae0319e23ee1,routes.llm_query_explorer.json,365563
6d60ee5c041f78ff5a7e36dbb9a96ec1599f98769a296358d4820eafb08d4d5f,n5_7630.json,883
6d7808a6b949e78bfe5083d9d3cb23c190ee5210394c69cb0b4b8802739de05e,n5_3961_rootaligned_mcts.json,1949
6de1ffca341419369fe64d9264f922daf6aabef9796a74ceab0fe50ee57df2c0,solution_tree_raw.json,1050
6e76093574e933e1770c1d81f469f7642c6cbef668f9d862c5aab6f9f2541f98,solution_tree_raw.json,827
6e9c629d7ae5547fd87d6cfff0d11b30c8a5e847d0d03997a9b4279d83582c1e,routes.llm_query_explorer.json,400111
6ea87289d6dd4a5c3fc91c1863c52f06b85204bfc5d3f7b27f28d490c6159a5d,n5_7593_paroutes_retrostar.json,2188
6f30ba8e10fb1faab335df0580a0b9c3b44a391f78aceafed7c0eda3c5af525a,n5_5531_rootaligned_mcts.json,2035
6f467ac3b6c071050b6f94e2e24e267f1873cc5b6aac114e47280c58e299e78a,n1_9743_rootaligned_mcts.json,1153
6f4a8c6040814e92bfa828d29251a177169b40f5b6d1709a1bca4239b2bdc254,n5_8918.json,726
70219c581e70e6ba86e4ffdbd47a94407a486f4d64b654ccac197ac64ca6f7a1,tree.json,144777
709cb7b209cf771c3dce5e4ef1914769322dd9a7e621c99ccd77d60960b3c5cd,result_raw.json,6537
70bac258612c6e8aa34fb5f837526c31cfddf56a7669e7e5e65b85ae04d91ed4,result_raw.json,6029
7117decfe7cc54dfe9359a2af61326857381ca55239774108e364b5138447d97,results.csv,28639
7133aa09523670ca0be9511864412c2f83a1e7955fbd1d4b65c7171d23018401,solution_tree_raw.json,493
71364f8ccdf176d3861a8f3ffd5642bf44070c5922f1c9e6f18502f128625512,n1_7287.json,648
7153546c5818abeb2eb007d46972eb41c1a98e06ce7b7ad447fb57701766cec0,case_047.json,5537
71788f313eace557249377e95a1c581eaa08a92ed6c1586fba56a5e0865c5061,n1_3447_paroutes_retrostar.json,1930
71a5a328f87ac145ec13249608457c9e06dd32381239d2f5d975e00006347358,n5_8613_rootaligned_mcts.json,1095
72167649d288ba632fff5f2bfbf88c95f5ec0bed91c6103bd25656e3b3b52347,source_manifest.json,1092
72a72724ab7e217ab99ebf963f9254aaace7d770a875f66ac4e975278c19de68,source_manifest.json,1092
72b69a601268739c23bc8e759cfe4aa8cceb3cfe4630ba554fbe5eaa90d7289f,n1_9128.json,409
72c0bf9766b2a16698b0c9d1f043a55d0aa820fa8ef0334e632fef5ce30c1337,pure_llm_steps.jsonl,323253
737789d086b7dc00d54563592cd81fad4f8a18c9cda23791ab2bcadfa8eb96c9,case_036.json,5951
73920add95e2f4595d0d56841d37ff48fea05f5a744976741fbcbc18ca4c1b53,n5_6445_localretro_retrostar.json,2024
73e67f2492d05c24e87709f2ef44a56efcda7c768ade7d81860c3e6ed0cdec7c,solution_tree_raw.json,902
7452d0b01132ff825b511f0a2079dc6c3dfe5addc2e35d9479786b6c1e8e40e1,tree.json,128231
746d3926f34c7bbe6e225e012b163652840c24b68b99de46c15b2314bc9a6c9f,n5_8672_localretro_retrostar.json,1916
74960a5ce6873cc1748f004e1f0c4122b37ab28f267cfdb3a219cfe56dda623f,tree.json,109665
74a2442e2c9fa48131b004dbbb7d19d036659de3b2d646fd052e378b6903c9bb,n1_8105_paroutes_retrostar.json,2625
74bf06a188158315915d428f6d0a4e36553b0f38e8b5f245910ade438970f94b,result_raw.json,4792
751645c69b815ecb2c92996595359f00b0b89a2cbb52f6caf5b42d3c5fe5bd2b,tree.json,99470
7536d01c4d23e70565f586778e1acc9333e2f9f0f32e130ecff2552f281a88b8,route_view.html,165340
7553663a69394d6b63854164c6553732b88e3ac1c9129d9afcdfcbd51f6ff284,result_raw.json,6763
755d7f38b233d0bd0c92078f197e5a2defb31ce1c8683de76130c432d35a66f6,n5_3961_localretro_retrostar.json,2894
75a6d58a813f0d50a74087aac6a2d639d14944cacf46b7e6da1df4ad6f615898,source_manifest.json,1092
75de9fdbe39df4f7eb0401f1c7cfdf3916c865492702068d867871b9da8b8b24,aotstar_steps.jsonl,194780
75df7d1a2cd44133a321455642b73b3d341a4c7beaec9f71bd120ca214b768bc,tree.json,79136
763ec5793eb4dd0be44705a938dc348ab69e2150652d134df12d37d237e62b42,routes.llm_query_explorer.json,304405
763f6c5d00530de6b6e089ebdf51e08263db50f059765274b8eebf742d987cfd,result_raw.json,72471
772e718c6e3a41f1d95e7b5cce8b519825fd67c7d3aaebdfb5cc44a83e2ab437,n5_1811.json,1050
7744a6f456559c421d04416e6ca96b1e96888465c927da25ddafe71153ed7a7e,source_manifest.json,1092
774a56e515d47410dd0abf2fad011cd268daee2d59f898baad5cbb0c5028e8a3,n1_5245_rootaligned_mcts.json,2013
77582ac1feb995e0dad6bb2d702b4cd6c069be969d40b9d88657a16b5fdf42a0,tree.json,42032
776d31d8b10ce90751182fdd0162a02319a8845c071aca03685a1e990af2513c,n1_9128_paroutes_retrostar.json,1360
778fdb6de60b65dbfbabae60aac308a445ee8347fb53ff589f90ddb9bc9f3441,routes.llm_query_explorer.json,412142
77a97f9887346983f5e40c9d1810b541542c33dc1578651314069a907d375b16,source_manifest.json,1092
77d5d63de8ce7befd346e7def5ac023519dffa4dfaecc2aaa5ffee3ffee8c04d,result_raw.json,3804
77e7bd3257707e182e14a9c007deaf2eeb40b57e71f96b6ffeb7c5570267e169,routes.llm_query_explorer.json,703269
782084648ec14939a2087be4e8a9a29a83ca9c1560809bcbe2a9180c30e79d7b,result_raw.json,4449
785062a42b6a839612b7b99f38d87c39d01635a83069b47ca5f8f64040fd0e99,solution_tree_raw.json,394
785301ae4e791ed6b8169ba58221948de9d3e5ac12cd6da1b610ae0d17f295a0,n1_2664_rootaligned_retrostar.json,5240
78644be74908df45b4d67262e3f7d30dcd9ef0de738b6fc238d04e6de7c00f01,result_raw.json,4288
78bfbfe33e7ce4522a37dfa4cfa7db24afc9460c873f6b26e520b1219674a6d7,pure_llm_gpt55_free_text_paroutes120_20260723_strict_closure_clean_one_shot_20260723_step_evaluations.jsonl,1642967
78d3d0cfb15e94f5bdbbb00f31ff8c9bdecd178a49b41e65c98d82144a8cfafc,n1_9869_localretro_retrostar.json,1206
79079ed14ca1080a6fe0cf9299d8f18657a3542414d813ca13a75018afaaf18a,n1_4823_rootaligned_mcts.json,1251
79152e2150377c042f41a937ea93f36ff84c8ec7cb7c201a9d8b123a6efbbcb4,solution_tree_raw.json,2328
79286a907a312ad6546ea942de9f63ac2140ff3b441192ddf934f3e0b57219b7,n1_6397.json,550
79b0342e24d75f1c12ad23759551c1e1caf24d4661f643d567a4c199eca77a3a,source_manifest.json,1092
79ccecf46c52b4b0f2ad7ef5dd89343228b8e0634d5f456c355b69443ee49a3b,routes.llm_query_explorer.json,251219
7a1bb335a92bfe2ef6193243581525c136cbc4eb6187e2ac739bc98497fad7df,n5_7630_rootaligned_mcts.json,2128
7b0e836838382aa271ee5a4212ab91f99d7c3be4197f3adf56d960854e6a3cce,n1_6589.json,652
7b6678e306fc8c95b73ea6607fffea582d4bc45073651e9538bdbd0e7053501c,route_view.html,313260
7b7003dd26d425c39353ebc481f61f788821f74be110f2bf981a7945201aad96,solution_tree_raw.json,521
7c19060605fe05ed7bb9dafa55a31187aabf8258530f509ecbf746d9ce96685e,n1_5948_paroutes_retrostar.json,1179
7c487ad3351e79b31eba3fdc2ef1ccbe84a91d7e6cf8b569e1b4abdfcf05c4c0,results.csv,32803
7c4fc772f8a8b5dcd654553d7aba77076555dda66a05376ad9291940af308f4e,terminals.csv,524176
7c9a7576b2536ed6349914c66d4e0a6da739737c96a0b9311ea378f62e8b170c,solution_tree_raw.json,462
7cebfdd28753889a744ec0253d2441c6e801f8b896cccb0ade615c682e3662c3,n1_5948_rootaligned_mcts.json,1203
7cee7769090de2b6ef46a66cb7113d4c87b1556176cb5767fe9dcd5c201e8072,n5_4134_rootaligned_retrostar.json,5022
7d7b45527c9ab6ee5c47c33f208dec5b3368c52bb776709731fb10ebe49662da,result_raw.json,3648
7e133aca80de39f8b799454cdd9048398af84b6cecb51885b766d1f2d2f53276,n1_2500_rootaligned_mcts.json,1680
7e29863666fd14817dbba42ffc0608314d04546e4baebc3f865231e27db7a447,source_manifest.json,1092
7e3ed20d31784ea67613f9637aec444cb3a8a799ee86c92487b6d7200323f9da,routes.llm_query_explorer.json,151910
7eaf856eb23c35ec7a2a091145ef5a89f341859adfe2f0d09690f9e7be746b5b,n1_8382_localretro_retrostar.json,1315
7f2d30586e00f3ffaa8354152ddb6bb0d50f0a191773fd3442a50576d7896eb7,rf25_001.json,1541
7f50c19e3c311e14abc0a144c2acc8ea4e9bb97f9d8724f54e717527e11c0757,solution_tree_raw.json,2161
7f8cb621a1ae11b986b0673e7fb47d9f1c951f6b1772130416b0776e3e2280ba,routes.llm_query_explorer.json,228237
801aecc4b90d0a7cc0658e6c0c5dce3d81a00adc13950382e15b1d3b4b980c97,n1_1307_rootaligned_retrostar.json,3733
801d687f7df142ae180f8cf5a809544e0df3be48ec2cb713c64dbbd088b3ca06,n1_9822_paroutes_retrostar.json,2706
802765ab348600854762c80b8151885f47650f03815cafbf61b0c5fdc78b15f4,tree.json,30299
802b0ecefeec08778ed91083eefebe2e745496fcf108afd8c6e904d3d022011e,n5_1298_localretro_retrostar.json,1053
80ae88271a71945fb4d009537193edb30848943158b36490715ea09d349699d5,n5_9501_rootaligned_mcts.json,1123
80cbbf372ac9731202f970633c31646651cdc5d5ce45fd380b525cac7b650790,solution_tree_raw.json,1897
811566f6a09444b9ba5f09eecd19373356443c01632f26f0d406ee5cc3434841,result_raw.json,303174
8130868c357a4b758ca6c8912a26f3b445584c66d899ffe6399d6bd7257a0aec,n5_1115_rootaligned_mcts.json,1850
81569f6a9bd1721b475ed2c5aaa468a81a3f56f61f9597c1e016d39497d0e74a,route_view.html,97710
81b8e4dbc3cc58e442d10165da2f1de44dad757a7ed9ed968b14d4a023f9ef64,rf25_019.json,1142
81e36bdb1287688d153e5b1207bbefb1c9730c1884d599bd10b360cfe74fe14b,n1_4328_paroutes_retrostar.json,2174
81efce30be14cc146d8b702fd3e27c7a52934c90ca2597465ba64832eef10bc8,solution_tree_raw.json,788
822c319f9efb7dac727c185624167a9fdfade80af77173cc65aeb2d151fb3d61,result_raw.json,3857
826f29f931110d9f05c95146e5f9edea5ec75ac150fa1beda6e869a856e591a2,n5_7796_rootaligned_mcts.json,1833
828942893f41e35b68ab2f94369daadc0aacf24e83fe20ebba38cc39cc18acab,solution_tree_raw.json,5955
830b7dd4a1de31a67b83576aca1a784a6ec8793e654c24e4360d1eebbf60f862,n5_633_localretro_retrostar.json,6192
8341adf869c4aa37f955d311563475a4d7486ba687525e94f8e5b97e21cb1f8e,source_manifest.json,1092
835a04e44868ea66b9d3dc97d4560466c6e0a3aaf847d8ca36410688b18f08a0,n1_1020.json,628
83861afd9a25e3d424735372c901634eaaf265cd766d0d73c4c1f295f7ea1e8e,routes.llm_query_explorer.json,376377
8397548addb0e28e527b19589a78e9b1e2c60fa342cb5244d357c399c2ca26e5,n1_7500.json,180
83c0d47053d6b44835a86ac1621294be89c10cf8b13fb8f183867ae7b4cb0ecd,n5_9998.json,781
83dc8520d365e3438a07c95a808bd06676ae2c548a1cabd48cd159832692a9b8,routes.llm_query_explorer.json,259270
84779a7ad465109d3ebeaa8069f69d18d7d878ed831182808afeb06ac6367d5f,n1_9869.json,324
84bec2f9519ea51b6fd87a28d4a6c610f40d7251834d1eea81a1e22c255a0545,result_raw.json,957
84dbc202df1bcd867ac1d6cdbdca6921ba80d636b22218a435ac1e4fdf2a0f5a,result_raw.json,3749
8518b243215147381387cc3b1cb7a5c627fb9ccc64a9ef74ca42a13226631f70,routes.llm_query_explorer.json,243066
85acc821db878bf9b8d30f82aebc17c1547a536faff7cfa1729dc3fe45b5a61d,solution_tree_raw.json,1242
85b2bf730c7d1002a2a592b84ed477838e10b445d8c67555e202cff889620142,n1_8397_localretro_retrostar.json,3664
85cffbcf1760dae585cac1929d0d6f1952b20162ef4f5bcc9f8b534dd0958123,source_manifest.json,1092
85faac965d88e0ff6f4cccb8cd4e5fc12b9b53b0ea3f3751dc24624e76243f09,routes.llm_query_explorer.json,124275
862c4f33822a04ffa30704b90ad048fd09a86ee4a2b10c0010613d83b05b474a,solution_tree_raw.json,739
8641ef119786d528f08a525b51bc6ab0906ed3068f927b75312a2d4ebb38d232,reaction_steps.html,319806
86560d2cc88ec031924280db89b9732f9bd81ee76fec6da8eb949cfe713d374d,tree.json,84230
868ce713931d9d3c1f3a2175e5dd24aa04c7c36e1effc77f8346644b91a09f04,solution_tree_raw.json,1259
86deab4bd48863c8b8aa4195f1ff33018236f087b9e9deadce205f00479f097d,source_manifest.json,1092
86fc55966fc1ef906b3303bbd28026472c842c3b27ad665181e9c3ce753ffa44,n5_9093.json,1240
8706354eca11bd17c91de240bf9852cae8f443f862acdfb1eb33b4a1caf3a853,n5_7967_rootaligned_retrostar.json,1778
870a59c06e4c99ba4f33014d08a984219ef91d7377e60e478b9c13863ba250bd,solution_tree_raw.json,734
873f84f0c645de5933fe1c72864e5582c67633b15ddd4b344e4607d59136539f,result_raw.json,3693
8761f22f0df76df06ac052fc83a511364ad09dca8aabaf1751f12d16d6159e28,solution_tree_raw.json,15412
886d377ded2f1c6118e3afe6554bbfc5b17249bee64c04abfef53500d766ab0d,tree.json,153754
88790887f1d8836423cbff025bd416d10cd521949949915d40f66f665a1b6b4d,solution_tree_raw.json,928
88901aaf4f1d8d9b305666efdf73f4c39333de1f8613b0db1ee98af60e4dd491,result_raw.json,10829
88a9c1f0a0b8b620a6223319ea9b7f042ebbbfa7d3ff701a027f60c45347bdeb,n1_2261_localretro_retrostar.json,2115
88ae4ef1e1ad85fc96e9b82083b697f0613efabbc2ace19508149889528faf91,source_manifest.json,1092
88ed11449cb658e77a898d024e7ee1989254035769f5ba23c20bc8036ffa9fb0,n1_659_rootaligned_retrostar.json,2745
893b389a59959bb2e88655d461e14631dc920a7aee181d941a219bc8b2d00645,tree.json,50626
897417e7109a2aa13cdced734422b2c1dcb8484c73a0ea2d9f0897b2edcb52c5,n5_4134_paroutes_retrostar.json,5278
899aa84863ec1e0dcbf5a063727b72d29427b1f05ad1f305e2f6873cc4656a5b,n1_6589_rootaligned_retrostar.json,1750
8a0920daacc25ce07a0abe5c42b1d11680770da0e54c27171f12dc77cd2670bd,solution_tree_raw.json,350
8a8db8cfef167430bcfb0d5313fc7267f9257af04be9ec17767b25ecd4bcac0a,case_004.json,5175
8aaa950ba74c7c1c2ed11b47b2802432c67eaf1fb6f2be4e408222d82cd34d55,n5_880_rootaligned_mcts.json,2043
8aaaca948ee6f841407814be656e4c876fa6c48d81a3f4e37e503c9f2bfaeaaa,tree.json,139845
8aaf2d76ea4fe70edf9f6ce4aa68b80a82a830c58d696f2faad88dabe9024c89,rf25_005.json,1305
8af052a275632e0fde44111cbd66115afcff655a7006d76037a4a0d12d5af123,n5_9293_paroutes_retrostar.json,828
8b2117921a36d47b249660562303a9a26edea62ea108d5eec59d202234075c8b,source_manifest.json,1092
8b324c387025f52bc2f5d2e8fc8363285acfe916f85bb831b3131ebbed01abf0,tree.json,99179
8b69880bd4c411b4d49a7d83ff03e06cfd5635582421c226b75fb697a405d260,solution_tree_raw.json,5475
8b787a4b031ef22a5cc37865bcfd422c815ec23c27d2663a7b0622b50369eee8,tree.json,82655
8b79c87e857206b04871d857d193367902746e9248f3c19903a50f8d481a44d7,result_raw.json,3886
8bf4bbb0b7178ac3b180e5e4db37dd52316b61eb55b98541ad6ff9fc45065c7a,tree.json,85144
8c1d3a4ab6d6258bdc293bb1360b23a0b06f610a87fd1032d628c9a1dd3f0e92,terminals.csv,235595
8c4b642c22b7980378fa28c1051bab07cfebb83bad569501b925e46c6a542f5f,tree.json,110949
8cbdd83fa945265c3a590564a1957e44636dd166e913348fee668593389ce597,routes.llm_query_explorer.json,339026
8ce96783fe9896cc00ea0e5aa861f89aeb36c443f1e0c71775701e742cb2a8dd,n1_1307.json,371
8d2aaa0105967d0bd3971f940830a181cfae7454b67a83fac309b229469a30ed,case_049.json,6047
8d5c7f859661fa65beb939c6944e38aa6fb461a181d2a3d77ed5b102251f617a,solution_tree_raw.json,7179
8d8d35637b48a8a284b576f49433091f313b1b734dfd059b27bce263effd44d9,source_manifest.json,1092
8d99d0beb093f61df536c142d82037c88ee13fbf63e2f34c7bf15a3c357b497e,n5_7967.json,694
8da0c4b03b595f254815b9666aa492dec26370e04fcc2dc46cac59c70158c0af,result_raw.json,13975
8da6f86c8c2c09411b57ccf4f43ee167c8782c6ca8c8d16846317eef67407a7d,case_015.json,5342
8db6d2837a5f95da4dad45955ea150f8b56710a19ef6e95cad4ea7fe2caffb70,tree.json,150272
8e5cd262e8c0adb2575deaf9d79efb8c90047495affeaaf7fe3222983651258e,n1_6714.json,412
8f0db863b3a51c104cd7878c0cb73c3871df706ed534650c727fcd1810c52689,routes.llm_query_explorer.json,390033
8f13c067c961ced3e5bbc5cf37fdba770afbb4bdcbf67d215955a9a26b851b96,reaction_steps.html,74932
8f25df586edec7ad07d3b8b10e6ad0a6081b958d2717dc1a85b76d1df9d7385f,n1_8397_rootaligned_mcts.json,1849
8f409e78b754d354e9bb67bb4f57f4f6f05864c3ab465a8845c53a680e48c49d,n1_566.json,1033
8f4cfad7539dd15940b6f09e204588c382ca3a54d426197efc9d8a70d03e7789,n1_9128_rootaligned_retrostar.json,2520
8f7cc5026a1ca38aafbe5d0c65cb2c3266a773de6199691d5e4aa305c4380d9c,n5_9145.json,604
8ff7e04bec6b223be7c7e8f1a6ecb0f687d6244c7eade1ee81bf0f855f977fb2,n5_6397_localretro_retrostar.json,2725
900cc6f4f1d5eb44734d7dcdf4c49b2b98f8fe7a9d166ffc94ee830b59bbdedb,case_052.json,6132
90987a53c889f15326372c7142ff17f65b6b5a51bfc0560cb29087d8a50e7fff,result_raw.json,5106
911a98c009734bf9f86d8b23e7b2a5b7ca195bc08e944a8e8956876277ae5b0e,reaction_steps.html,19258
9123e17a12352eba079be0c5bed7ec2a166efd0d6aa58607d344a5bd7b9f458f,n1_1096_paroutes_retrostar.json,2920
9156d835e912e55bfe6e06f12802f99f7c710fff1a2a602c3047d9ec118a4fdf,n1_8654.json,445
916a6c08996e7e6a844fee426f72248373b27a970b2ee016a1289e31af48ff60,case_034.json,5963
91cffa2e7afcabdafdc2b744aa228520b9b760b6a8b9dab69e755802fed97b16,n5_2488_rootaligned_retrostar.json,2453
922a05c008e35e4f454002bb6cab7a540bd6d7c58a7fb23b77aa7aababdd60e0,source_manifest.json,1092
922caa6792638b4f79baffab590732b80c054f039b110d5d2ad5681f8f802fcf,solution_tree_raw.json,768
9251f2bab07dd2464cef2575cbf773a87de9b3ddb4552ae2eefb6ac4e1a81d10,solution_tree_raw.json,394
928862e07d0dd9fc155a416a091c8574d84eb595eb133fda073e6bbdd2a75455,n1_5245.json,508
92d7f49224f3cec1a279c4fac9d93e159c281ee252ce4cedf693748d65545d2c,n1_6589_localretro_retrostar.json,1145
92f123076fc0cead922ef0ec9960b04c616e85f787a6035d66cac427b5fd150c,n5_1391_rootaligned_retrostar.json,1070
937088246237c70efc3d18fc5a8935b31eb67927bfb50861f3f6fe63d6c7abea,n5_4328_rootaligned_retrostar.json,4679
939bddae7e25b7cf0efc9545b92956dbf5743be73ad8b4276b2203462ee59a55,n5_4134.json,1006
9429fbd3278e7792ab12e17556cd476347391d488c678d11be0686accf69d69b,n5_1276.json,1107
943e9d7f041fb9aa7d36bbfc098f4333fda0c51ada8582393b927d31ddfe9e57,result_raw.json,12895
94e49e7b11caf71949c571822fe211bd1a3bedb6c06636d0d74ebd4eb3cd8899,result_raw.json,953
95032fdfa24862ea4d1b5c4eb2778011db87c82a546b200a03a5b6b6597e44b7,n1_7678.json,444
951a1023fff48e3eed04dac3f458390e6c9e3687024bb37501fdf4a45dfa58b7,solution_tree_raw.json,3292
953e27a470fd583f7769df233bc4979dd0946a1f8168956f683648c97278171e,tree.json,58218
9549272116637e95d18e50ee01f01b8d74a58983b05f4ef323bca3202618db1e,tree.json,110124
955e0960543a2e92abcf10d58293a176eb9a246521ad2160673a1e4ef867c29e,case_050.json,5902
958b07ee735761b97018ec002c7da7be4c2c12fa3aa3012639a9c91bc3864d1e,n1_8613_localretro_retrostar.json,2958
95a5e6bc79019012af0fc1cf170413a1c3a442238e1d3f9b7229e1a7bedc5baf,result_raw.json,8930
95b87691c5215e6693424a13a5bad0d460a57eb64328d723c2f7c068093552c0,solution_tree_raw.json,2473
966e4cc923719fbab63eb26582c17f88ad423e920cd40830cb4b7d077bafecf9,n1_5948_rootaligned_retrostar.json,3698
96738d34876618c85dc5220005072a0b2291f7231e4e0cc57768c676e75e96b7,solution_tree_raw.json,539
96ae2058444e9344c32c17d8160724f12fb35dd1bc5bb99b91846f3d4ddaf564,routes.llm_query_explorer.json,308376
96f11f9b07bbc14710ef5f29268ada4f70e287e5071e50eda850bff311f59bef,solution_tree_raw.json,886
96fd3c9ca758598b4644340cdb215e3903093ef53d2090c008b423e3b3f4763a,n5_7157_rootaligned_mcts.json,2732
97119d88e1972754ac9acde5deb4f4b24a93b42b5152bc4eac97c2ff2af1fc36,n5_3042.json,797
971c3a8794ba86c991ba23fe6751e7a293e9e095524c38c2399609db73459fb2,n5_659.json,922
9765d8ced2a8acc0611c40f8b678ddd51419fd400b24c1734ac125317ebc941d,n5_9869.json,501
978b16843a301f52fa838587ae1bd83633c5a389c1c851c2cd98dbe3d7bd4aa4,tree.json,82504
9796581a2de67aec691f5110a1df6030f941b76c77fce36726b228e3a85e86a9,n5_2488.json,622
9804a696f0b4e719be7bd99b0b140f0a11f77a30d41753bb194b88b3e254945e,rf25_017.json,1361
980f1f98e058d4afbd3fe8f23a8cdfe22b14f615aaa197e17a9b40f902fab074,result_raw.json,3866
981c656d26c968094b1bae685881a76bb82f3d4f0d9f88f598914b2133e4fd8d,source_manifest.json,1092
981f92caadc97d5d9977e9744f9fb790bb987e5c74f88641982c98d89093cb8f,n5_8189_paroutes_retrostar.json,3844
985379e982b171ade45a58032a13162169e405588c02de5e07d9e5f5df7c1459,n5_6568_rootaligned_mcts.json,1777
98d72ac7caad83f41b0c8c993cb6b79ce1cfe520e7838416e14f668a6a8f43f6,source_manifest.json,1092
98f0da00c51877f3c70e82d64bb6715c102ac23ba91534cef5db437152c19e12,route_000.json,27885
995e92fc45ecaa507312da42dcc54be78f8734d239cfced7dbac7e9af0a8a72b,source_manifest.json,1092
9a389b1bf11b1a2f23a625f888cdc43dde5a36337bd28ec0f8cd3816bb71ff82,result_raw.json,3867
9a749bb764146663b2bd8b0f4438b9b629d09139b9e7d694f036d1d48b282f7b,source_manifest.json,1092
9ab2426c299d644f81023bbf42ed88405c48740598d3673114e1e1f1836b2b7c,n5_3042_paroutes_retrostar.json,2958
9acd05a21e9080b72a498e0e93f7fb8c5b2890f7b16d0bcc4b611e59294111b8,n1_8613.json,538
9aec09711561309395fab8be4f3c069bf2d7096a118e22f7daccb705d7003b09,result_raw.json,3683
9af08623d9b3297ccf42a0ab5d9e082f486a1a942b2ede8c11e8dbf9c6e60918,n5_4134_rootaligned_mcts.json,2697
9b2df53fa1c469900a3fc00149731f28043bff541bee6c90f77d19200f931edd,routes.llm_query_explorer.json,2537
9b38e63dc35fb2a9d15bc3f557f459bcd7c104f60af1090248efc99274ef2b1b,tree.json,65955
9b6be87ec10b5eb9b1c6fdec66dcffafc829af3723d008eb43c5a9ae14f6cfbb,n5_6926_rootaligned_mcts.json,1912
9b702509bb61be8ac85781802832930e72cc8498850e3702e68f43d15a3fcc4c,tree.json,277362
9b84b2b74570e486116fe0636b232f0a2337cb6254fed91422368adb2cc740fe,tree.json,98183
9c61ef99279781bc03347f96b78dc20ab28e05381a59f9dd2ccaf225852e9cde,source_manifest.json,1092
9c875d704e373d7c87f6e32f79b06145d667a5c69c26c91624ccc05520b815c4,solution_tree_raw.json,402
9cb4939c45ee965f6d60bba3e35f6cfdd70557f2f0f13db450719c6c899895cb,n5_7805.json,391
9ce7101ac14b003b6db2ffca9fac31ad1a4a0d611d4301ba4364de0c5a581ecf,case_051.json,6299
9d51d9f350955aa4f1431f4703a5041b56b4db6eb06e4d033f10a3c9df73adaa,n5_1096.json,487
9d556f013924a371aa6707fed5d762254cd195fc90deb2650cd2c7a342756784,n5_431_paroutes_retrostar.json,4393
9d794f829915f0a5ef5286696a489897516429a4927b0f75293c59f00da1df86,route_view.html,68160
9dd0ac2d4d753ee3253bb2f90e10221d18a62042335b054f00a098fadbfbca24,result_raw.json,4897
9de5807be40098acf482c0af74cac54955a501351fa974bd221cc163f4b02c8a,source_manifest.json,1092
9e0efa765ba425cfeeab472a9d44c7fd2bb94bb353bfab806933b598cd89ba96,tree.json,400590
9e10819d4a1d58bbd5a702c280418756781a71f9c8902d5c543f8c4fadb69657,n5_9093_localretro_retrostar.json,2257
9e396e5196429fc0cc7e9ab553abc897397e48a78649ce0bc9c539556c641a5e,source_manifest.json,1092
9e8a0bb2e2f0afc78bb3ae7ef81b588033aaa7fb4f84197b3b9849fe2f8da87e,routes.llm_query_explorer.json,26273
9eabd9c7c9218962ec388b554cee3cb03d559e25818e706af7d2b5d73c1254e3,source_manifest.json,1092
9ee4f6a25f0d89c0bf2813d4da8e6ec1fe7b045c891c666e3f6d1750179c2338,result_raw.json,6031
9f80cd46061a54bb8937dfaa612ed0268d4e41b4cfb0b466db6969f230562420,n1_2324_paroutes_retrostar.json,3522
9f9c378ba853180cd1b35d7b3fe93a5c05eb8ab90d9c999abfe416caae360037,routes.llm_query_explorer.json,475353
9fd240d175f31e0aa6cf5f3123f8a2f54b9b956135b94cf2e239796d3417e8c6,routes.llm_query_explorer.json,91542
a00567f3c211df25339ef9d17ba6022858de21f4459e893257a5f6684c21776e,route_view.html,108965
a0107e977e146245d2425e2bda6914360b5d5dad023d4c6f3ac05c5595a34e9d,rf25_013.json,394
a06532f82578a1d27a5e467ea0a220ffa269315fd88cc252cb80959a4223ae91,reference_subset_n5.json,460321
a07e3e7ec025d457be47d2695d6906001a4ab282ae5f198da4f20eab7a933f66,tree.json,40100
a0eba031fdb14cb3d88641ea8ca19dbe4f39e4940ecced0ddbb22af160644cea,n5_2847.json,832
a10c905e4f6a9ed95da9c6b834e4b4cde84c8169bd50b9657e24d5fbf190619f,n1_4328_localretro_retrostar.json,1368
a15e87c7dcb40d6b181d5fcfcbe02d90c10f60b408538d103d675b4edceeb93e,terminals.csv,26045
a1715c05ddbc840375d53c10ded3e1d77368fd52aff27717d5957774abd8dc8e,tree.json,76087
a1c07effa14ce25c24eeabd7481e141a902f1809bc788dcbe4243d26b25d0e4a,n5_4400_localretro_retrostar.json,3924
a2c0abda664a852e2eb6b7ba652c90f6e5c1b6e8b75ad3037eb32459829c4897,n5_9145_rootaligned_mcts.json,1729
a332e32a27f33297815971df24b27b6faa717e6f5e3010af6fd8ecfba4f33c86,n5_4003_paroutes_retrostar.json,1315
a34e5734b4e27c456cbcfe4bf0ea5ba823fc5667633adf44965f98e2b640e02c,n5_4003.json,730
a370aebef054541e14508608c6872f8b180da7744fe83458a461ec1f570769f7,rf25_024.json,764
a3ce4b9a7cbbc6ab6f14e703f06de6b3ef662211451c19f18aa1934d075a992d,case_002.json,4932
a3ea0ace868d0959be8a1a1cf8c539a13b0f0b99df0f6700ee4d92761aa61ed6,n1_5245_localretro_retrostar.json,2004
a43eedc4bcb2f723f5d9158e6bfc70b68d5fac44a820dd5273df5093dcf477ad,route_view.html,180887
a4569068610d5e83884511d3dfa6b39077604841711ad7c3dd0195b1b52a29a8,source_manifest.json,1122
a46dd37575a2d593b47b667c4a35e42cba0e7882973e46196efe89501c61d9df,routes.llm_query_explorer.json,65247
a4cc30d59da7693933e0bf5deab436d2feef2f2391549d6871c0ba1f9b1eb978,n5_6115_rootaligned_mcts.json,2092
a5436d33faba2e979436f75ab78a35d296e333877f666d62518a55047c7d624e,case_019.json,5264
a5e4ceac049a2e782d6147964dec329617a2c3c8c582edac8cc40fad4981dc77,n5_9501.json,897
a610fb3876cd75c782e2a3fe97177564dcea783dd951ed342e159c8859f48342,routes.llm_query_explorer.json,137753
a656c1da07ad6426ca5a4acf146ad3146bf7dd161f2e136579c5f0f9a8f9b7ff,n1_883_rootaligned_retrostar.json,3995
a6a9fe9449ee42b8c44c26939ad5728f28aaee9995237d34c7056f38fcbb500f,case_013.json,5139
a75f1e7f8656a4ff9a381642d27657168c305097c566db676c096c505f777414,routes.llm_query_explorer.json,125808
a7950126891b9ee50753a8572e8c835a1611c661f3e7c2c9c8551d389e5d69de,routes.llm_query_explorer.json,106713
a7e81d8237c6a4a0ac6c4d8740dcb0ebbfcef91364e8bfdb73ce65d2a7cd2192,result_raw.json,3730
a7f8bcbfc1b6c7a2784b2017e8c0ce3984ef6349cd2007588d4b73b4155cb754,source_manifest.json,1092
a80724ac94052b0f46648b79a84b5fa9a3267b8a6607e0948246ddd299baa143,n5_2488_paroutes_retrostar.json,2980
a8227fa9e87c7e32363872db9ee02c602380cdf6715eedd1cb4a747338fbcb5c,n1_1115.json,813
a866890cd67647cb1f0d6aedfc7c2e20c274b4195bc35d82b3faeddc3c5d435d,n5_5313_rootaligned_mcts.json,2117
a896c88dc867a04e5caf834bfc96fda8ac2180baed2927fc13460d2a5d2b4e3a,source_manifest.json,1092
a8e1a5b0ec61a45d9f7f3cae44a2f53fb2458c54107bf4ad652899f58671f74c,n1_366_paroutes_retrostar.json,4165
a904b8d70ba4c3c6d46777fa42622e1f59ac3e5679abce7884b645bb1a3fb85a,n5_1115_localretro_retrostar.json,4198
a9afe898cddd71c1d7b9552aa1bbc522a84e91d6bb7322a3bb5e04cf33ca4f3c,source_manifest.json,1092
aa014db4e1253d95b5d5f65e4c3b1e1a2aff39c7c4afc26cf62a6cde3c5c59b4,route_view.html,200065
aac9700267c9b690c8b8f164e92d9650112bd5cc08ac67279cbf46b7f833f78a,result_raw.json,3874
aacb50833ac137e4f42abe5a5f68321c137ea5dc9b48ceab48aa3dbbf5b3b1fe,source_manifest.json,1092
aaebcce94460a1223990035b9568270eac204483cc01534c7e1c766b1ba5f83f,target_inventory.jsonl,128619
ab18fea9f12027226a3fa1e22b37e5c52541cc5e306ad045f41fd0619db61071,case_038.json,6103
ab1b39c808af202c1df5f02e239c71e498046e307ea56397200ca76f7dcdc45d,n5_1276_paroutes_retrostar.json,3087
ab513e8c72684c54d8a77bca502f2cb808446f79c8bdd5e310d3dad44b28ab3c,source_manifest.json,1092
abef87eda85c8f2b57317c300ca3f04698909d3fc719883a2330f7088318eeb7,tree.json,101583
ac1d1c5a3ef6f5829bfe40f376c1d0e002025666f384c6ae0d229e9846ae132c,tree.json,88039
ac44eb65c6372a507d657f4c8fd44d169e854fcc5fea7e65baa2497e932ff815,n5_2106_rootaligned_retrostar.json,2774
aca4d5ae169f836b48d9a93259838063d825496d0281cbd5c269e59b3f2bfa05,routes.llm_query_explorer.json,212979
aceadd7edcb5e90842e418aa62f4f845c6203cb353df20cdc79ab00ce8dc1faa,n1_659_localretro_retrostar.json,1882
acf3b521105e3c391fd56df5f96ef6f6742abb15a32c0aae2365acebd12c4c33,n1_2879_rootaligned_mcts.json,1968
ad4e715161f9f1d2d6be6fc83b45ee6e0bc305f0d7f78701f80fbc447a8e19a5,n5_8672_rootaligned_mcts.json,1245
ad58fdf0b85275ba3ffbe1e822e0b13b60d26686352d9c1e7f8bbb84491de8c4,tree.json,55445
ad6bf395b41dc99ca99f921b2652bbad44fbbf13a9de5ee73f9c3413f791c467,n1_1307_localretro_retrostar.json,2660
ad80111b28cbd7fe5e7a72cc67b6446c3d54abd23c8efe6a4a644a316a1d7d82,n1_4208_rootaligned_mcts.json,1174
adb98c09649f9d45e97fa5c56594626c760601a56b7cb3cbf6b3a580ea6d3bbf,result_raw.json,7444
adef2973c6035b32b5f5ba257ecf0ef1b9fad00e7a58989dbc6f48a68a872c8b,result_raw.json,6610
ae8c1441b901d093352e3e4f5847b6ea4fec23483090b840e21a953a88597d3c,tree.json,88988
aebc6ba68efd0da5026e1cb960ee42a4fdd91ed48929a683eb3bd60c519885b8,terminals.csv,25346
af303b2532abaacec07984ae237c06c71eb76f47dfd1fba8e7969c3a958a92fe,solution_tree_raw.json,1170
af3886346143fcb773023476a86d40a01ee05aac8cee97aff51dfd249c55b553,tree.json,711270
af6e450548c83f3709a3e91229444dbdbead8b09a9d3d488e087142643a80989,terminals.csv,13353
afb4522bb90fbfaf7f2b70dd208643019ec8d0fe6095e7b302b9be3ea0f0b0a1,source_manifest.json,1092
aff07ed02b31a01b730e0319696a4fe54b0d70e99c9d6a641a69171f32e57179,n5_659_rootaligned_retrostar.json,2538
aff4525d1b676a80ea10f13cc501427d320b992a7e706465c9a2333b5a8ef60c,case_032.json,5105
b025b048a7713824b2fa2aa5f2868fdd35e2145eab04ac6f438df0f6f46822b3,reaction_steps.html,51539
b05071381b44bcf17ecaab9a6bb009bca53d433f7c50df62fb417b0dc5c8c8e6,route_000.json,10121
b0555a66eee3359bfe995bf04038a41cf909573430f73080493b288c44aac3e0,n5_6397_paroutes_retrostar.json,2058
b0560058e428ec988b65f139409def836ce02e59b385bbcf13205539129204bb,n5_2120_paroutes_retrostar.json,3705
b0939ca7726d3af25fa29be4c5a35500971c8412979f64f0905539741eb6d459,n5_8189_rootaligned_mcts.json,1178
b09f18a78893c5e43c39ffa43ab350026fa3d313b9d095956c168c9e78d8cd92,solution_tree_raw.json,740
b0e8ae8725c7eb6307d9ce3fc8074351adbf3af499b43fc969fe07199ae358d8,source_manifest.json,1092
b100d7e8c307ef18ce38e98a8c5ced5f4cd276ebbf0ea37e7c647cd09d137fa5,case_007.json,5132
b127adda85e7529754a2bba01580d3ded224938893e94dcf54df5fe4cf8ef292,source_manifest.json,1092
b145858d97ccd9edc22f3fe24bbe15132e03868b76f82220b107261374541aa1,solution_tree_raw.json,368
b17759fc9f09cd4e290ec8f7aab205d8ab0784c2a1afc455ec894448d7f9b907,n5_1096_rootaligned_mcts.json,1719
b17de641f067b67e6047ee882011632a0130ad95079c4eda6284c39e3c0eebe9,n5_1096_rootaligned_retrostar.json,3179
b1813d8dfd681ae91eaf268bdb88faa47c1998e560c5282031222ff5079cce8f,n1_8613_paroutes_retrostar.json,1233
b1c6101fa34c863b09e869b79aa4917b6af9c04b69d0c174e8e2279a045cac98,routes.llm_query_explorer.json,392344
b2167c0a40e3f46089893bdfddd5f9963993ef67e1974bd1c07b26cb66620f37,route_000.json,19087
b23a743b026eaef300b9d1140bfe6b29608896a33a18aa6e18069748d184acd8,routes.llm_query_explorer.json,229636
b2799f499117bdba99501e779901e32f90beecc9667f404efe9830304be80428,routes.llm_query_explorer.json,78801
b2b55fd765505adf4b5160fbd8efeb492de7226ae04efedddebc1290b0ef487f,terminals.csv,81001
b32904b254db03dd92a618ae0a20ea038cb4d312b59a9af107210b2bfbaeec99,source_manifest.json,1030
b369e5a8fd34a56a833cb812d6e0545af701f53bac780f543d16c620d9fdfceb,n5_7157_localretro_retrostar.json,3045
b38f2ec2a42feceadcaead6a65aa2a768fde9c2a3bc51c133d51a7f35a1d3cc1,n5_6397.json,383
b3a9eb958479c8522f1ed2d3e041319b1faf8fd4817b32e136ded25dd23a1bc8,solution_tree_raw.json,429
b3d361196cece201d6f08e99cc180878e1783ed002817cbd1fb39f96d5dec8f3,solution_tree_raw.json,1724
b3e30fe4fd293b53594bd20d094f59ad2cecc987e4e74db70e8e06447df641ad,n1_4208_localretro_retrostar.json,2578
b3e5625fe43e7ce4d25c5fd08cd1184ec19ada3d45c65bac1d02e161e9abb45a,tree.json,56675
b41a0fb86157c29da8f420385d8704580ff06eb6e40fb3880ffd0de124b4001c,n5_7593_rootaligned_mcts.json,1263
b42499f06520f528a832bd205d53225dafb3e49056b39042221789cb14593dff,n1_1115_paroutes_retrostar.json,3024
b4b4923cd4ad56df07e54981a5ac313f82e1e2720196c72f98450941e58e7937,n5_5654.json,1017
b4c3724b80cc48250d1ce8d2748c73cdfc8a370f5ec4b94c168243b48fa42731,reaction_steps.html,42703
b4e48012f1f4ba576ef1058ece0d5c67bc0091958c6329dc36e76d44a900955b,case_042.json,5629
b502bc15e27c3f29b3d7650d7d8e48da1cb0e78d7a8a6be0b535d4b34292e1ec,n1_8633_rootaligned_mcts.json,1927
b59623b7e5a27aebe4b4f64861b0ff3138ca2edc6fbe8200360105ab2ed522f4,source_manifest.json,1092
b5b7db9dae91cb84f30753e586c458c2b0191e0c8eb1cebdab476ac1bed448d1,tree.json,793099
b5c16ad4bf620161b8099c3e7399a9ce902c64eda48b306e7661715616a33739,reaction_steps.html,129797
b5e3a447b459297b85993b881043d9444bc668294d3b284dafc46b300cf44399,tree.json,852520
b6022857f415bcb9c62de80c498321e7fa0a44e50b4fc2f2a7a0eff1447b2c51,result_raw.json,14097
b60999b61fbd011ab4500e28a1e9e41d54d6b13990df02af9054eca520052653,n5_5313_localretro_retrostar.json,4031
b616350a9661515d540c6180879f27a084a25857705c4bd5ada928fe3020c041,tree.json,63562
b641c01e9c18d1af99b2f0808023b18f1b39f75812f8560eccef6ba3a9ead7c7,result_raw.json,3861
b6429d2edde34b9cdac8d6f1109f0a1cd58589ee5d40a5dc6882d598d5dc3fc6,solution_tree_raw.json,536
b6636d9b16d3f904c9394f6540b8374fd13f15084bc16c1c7919f5829b03222f,n5_3961_paroutes_retrostar.json,3966
b66e725054d8c2e7c72c9eca1c342849c11d89c03e9c2e61606f1b30fbb91ea9,routes.llm_query_explorer.json,183547
b68c9792e416d182600ed3e30abf9f2a31d0eea83e0725ae01e78a338bcd7ba9,result_raw.json,8666
b721ca2b2423e8913ef46458d78f5b6b32e158944f697dcafc4a40c453e117f9,case_030.json,5212
b759d269eb9b0958891370c1c0d60452884e621478785eec95636002283ffc97,routes.llm_query_explorer.json,73176
b7759255c1fb52950d359ce47c2d467e6f875efb1a836083fba10106b6d7439d,result_raw.json,947
b789ec253a5efd37f226026a31c7f83726808d3b1ee3c8706bb72f37e5d98cdf,solution_tree_raw.json,468
b797bd075aa80d7b980c34353ca1b17417221dc8ecb738aca43cb1486876627b,n1_1096_rootaligned_retrostar.json,3700
b81ab9e17e448f6218fb8283448492223dc5498e725bd47de30043ec05ee9cc3,tree.json,60544
b86a2bad51b6950f16d664c0108587e5c8118286001c98f9c9f9362731680f1d,routes.llm_query_explorer.json,446301
b8d996b72ccaecd7aa67649ea966cff9d9f726195d59e3a03f0b0e2ceda55d4d,tree.json,131911
b8f2b48666c27b8db22de45c65353423b4ed0682f93c6bb8575f8bbd41a80291,result_raw.json,1039
b92c753f3cbb08887b63697fb890ee56c9529d433793bec65b0786886f348ebb,solution_tree_raw.json,809
b92dd9c1c1a901568fcc882ca031a9ffe828c52c6e9e9a68d5ba6b625b223e6c,route_view.html,67724
b99e08ef92eb36973d00e283571e350fd01766729ed1c19b1a35d315862b5226,n5_129.json,902
b9babf3242daae8768dfb85ece6f6a46c90dbe095270f5bef251bcfb40fe4fe9,n1_8105_rootaligned_retrostar.json,2686
b9cad299fb4754f48d6c7cdcbbf1e70a1aae946bd3ccd116600c434a7eaa2f20,result_raw.json,3759
ba57b163e04259d1b79c7542a9543bfd585077d74c55f7e6427c25b8695ec91a,case_011.json,5385
ba8908b4f6ac08844137b0a3e58ca19b815e9f05dbe921b84ba51b9d484df548,n5_8189_localretro_retrostar.json,3368
babd7a9e59e1318da43cb4d6e189225e6bfa1713c4daaf0f795c4226442c9228,routes.llm_query_explorer.json,414325
bb03c25ddb35f5a5ca81756ec4f569a905aa7f55eff5c172ccd97245709cb89c,n5_880_localretro_retrostar.json,3020
bb21b33227f2646fc80de89f4a54511d99b33f940c3f60cdcde55180d111445a,routes.llm_query_explorer.json,116426
bb5328f87b104017a429be22ab020798b99aa5cb661c5068c60720489f733349,source_manifest.json,1092
bb6be5fabd3698a0c8d79adc612084991ffadf8a0102750904e775e55771d7d3,routes.llm_query_explorer.json,141944
bb6d764e76c9ff867c3f2f2348261054f10cbbe562ded4768d5773ffc6dc7965,n5_8918_localretro_retrostar.json,2864
bbcb102a38fd4fbc359d2bae23554d3a0051d50bfd7ea7fc7e202bb44f04cb43,routes.llm_query_explorer.json,335030
bc0d5618b524601dad7ef759834330d9e652ad890c880e60867b87accdbc76cc,tree.json,747307
bc60164ecd96d72dcf5c40fe36d16c00f1e0eaa4c6a598c24699b1e0c3bc4079,source_manifest.json,1092
bca028ffbe7faf82b24606d1bc1a38005ed101712ff5a5a477a5e1e78dbe395a,n5_5256_rootaligned_mcts.json,2058
bca8f54dd92515886c09eddd2f8f450a950c6fa01bfa21176027a80102657ac4,solution_tree_raw.json,342
bcb41d5f077e24970280958100dc50ed10c5203ea68c63e19659bf9fb54f4985,solution_tree_raw.json,936
bcf0c61f05a730614d91a28335bb01649438fbbe7feae332e31254c373a3735e,n5_6926_localretro_retrostar.json,4030
bd015d52830f85b7f5f321b535747f314b6a6a6c5f9985a7643712eef6b232f4,n5_9869_localretro_retrostar.json,1146
bd6c907321f8efa129b7903193ead79c7089afc98591d0bd045820701ec1bb86,tree.json,85161
bd8b4e5f6f7f10b2665b1c1b62cd8904b22f5237afa4add5212e13c86f95130f,tree.json,56257
be1a1658af0792665163cdc0b0c9deb4ac94fd2d64a5036e22960116e063d316,n1_4003_rootaligned_mcts.json,1738
be9e6af876f3715e686f5f3ce5c2812be5d6accdf4919cf24ec635b27687c655,n5_5628.json,246
beb7b82cde7540840c0531bd2189fbbbc7fadbda9ee20b2329ed5cad6459a7ae,tree.json,189592
bef4251d2ff6a15c5f36104777b566c6b3227152d37727f32663d0ff24b4bf0e,source_manifest.json,1092
bf03e3dbcb388fa11eb561b202cf97fab1a2bce7ef9a9e84903daa2583bd6012,tree.json,108843
bf077816177a0b55849e34323c99fb941bf517a45b18c2f9c9c74c6e820f94fe,rf25_014.json,717
bf68d6bf1f25e57e1ee981a7de0d0409bfa500f3d737f1c98406e72de314e551,source_manifest.json,1092
bf787aefe627f69fb1c724b823be85c24aa472d199d018dde705d14df8765e39,n5_7630_localretro_retrostar.json,2128
bfa82c4bd2c064a3b2df19add94b1ac69a88c7b2a0601bb90c8053552c5dde94,rf25_002.json,1103
c00a826ceefccfea9565fa407cdc30d22bf91874fff10f3715287a8fc35e635d,n1_4823_localretro_retrostar.json,1207
c05691863fb4ad975f889e1dd8b890139507fa73a7945b5d2eade4fbf53bc212,n5_9743.json,263
c07251d45c205104df1c56eadc3bd5fd70a86e441eb7c070842321672d5e0888,n1_2664.json,744
c0e6bf2b340d5e83f27a05d99e8c220c557166a99e0848a080e9fa9e0ce7c6e7,result_raw.json,3674
c1c0c0eb8a92f9904ac8794cd1a6ef89af12b2123be8811de271215c4152e971,result_raw.json,6325
c20cecb3eca8df89488af5aead825d689de9d219c0a7e65c99df4595cb04a7a0,n5_6004.json,869
c2606781bfb1411ec92b4dc05aef6237ce87b24e8b3d3b6f11215eecb012a10e,n5_3850.json,633
c297af0eefa2a08eb61adc9a54beccf949925f8382158ef5081362b5729a0271,case_035.json,5758
c2b488a167ec764d99b43f640f55ebe60af419a2cc9a30ecb9981b03756b3925,result_raw.json,6381
c2eca5822a8127e9ab050a8c8c699c09f9a5a84e979216df35d2073f0980e350,n1_7678_paroutes_retrostar.json,2464
c2ef84ce27df78c35802a19a7cf0c6b22327ec80fd989702026786382ef7b33c,tree.json,66424
c2fc13f41373e92a647bef33c963b7f02a8ee1bae33d52d1da97a833a8dcad9b,source_manifest.json,1122
c35372d9ab900dd5fbd320a5dc24472d83cbe4bfa65297aad219d493f6e9aaef,n5_7685.json,569
c3c6a416e7050353691a50855f96d5cad4b0c8f49757d7c1d68b3283b00a8ad4,result_raw.json,5366
c4279f289d6973225ad77b86d7ba035159d967608aa8b65eccaab38d530e5ffc,solution_tree_raw.json,344
c493e2d12dad10ee22aa1ac75faa2ce8de0f0052986fc053a861cbcfa12d718b,n1_7500_rootaligned_mcts.json,1104
c4be70079b9b2916c5a27ce82b765568c83b38d398858fa6517cfaee66eb88ce,source_manifest.json,1092
c50c59c7ca22d1d913ab38481c6fa22d6215a418b24a7d87152546dda31c9840,n5_1276_localretro_retrostar.json,2956
c55c1a031793544af49fb438ef832ba51e43edb94f729542b1c37ff8e1d7ac36,solution_tree_raw.json,1165
c57bc10402a0065139319662a9b1dcb62fc780106982378716992601ac2554d5,result_raw.json,7861
c6122ebb315f0178cba8dc6175a9b6cab09bf8ecedc0edb2616637591427fd1e,n1_3899_rootaligned_mcts.json,435
c667499747468c1146c856510bc4af88d6bbc7b1a8c20ecb3c147a2e68f97a57,tree.json,97744
c68a39bdb912aee2653aab80c1140ba08e46b3071a3ce801b98d7c9b98838ae9,n5_6568.json,717
c6aa1b5f04111e547942d2c620cdd1ded92daf22f899635620d1ce56cb7ba956,solution_tree_raw.json,1673
c6dfa414600dc09db906be1fce8553511bd4f28bd7f5540d781a213f1b3cd4e0,route_view.html,135286
c6e8d3e611041746a69f85b866be9782c1237ad4c2048d4cea156fa0b43e9b13,routes.llm_query_explorer.json,282010
c6f617afb4b54789a74d4beac4d5562bfc26ee458898664a371215878b16b431,result_raw.json,3870
c7224295e4b98c03cdeb35562bc5d8ec1ea4910008738f76557544c0d0d6eb79,n5_9093_paroutes_retrostar.json,2278
c7327abc35dcba73277235798424143e9fa2b8f4abe8f4301f44088a3fb02595,n5_7796.json,466
c745d8ae0bc41d1380205c821f90488100a8f6f6df95fb90e37289241049dcd9,solution_tree_raw.json,5559
c7550489821fadc0da7824ec223d0249f91b1d73460e793c5d789f294fa0fa36,rachel_gpt55_paroutes120_batch_strict_closure_20260720_step_evaluations.jsonl,1981527
c7711ad7938ca3ff9f67a8af8b372367d30b9916fded3836ab99523781f8d577,n5_1115_rootaligned_retrostar.json,5523
c79fc1a8d7e21abf524686d5043cfa8d93a3954b4706f10483ffd1bab2af7383,tree.json,42387
c7f1790e52ab83cfb4510d4c5196d4f496d1538fd3557897ae2799af562853bc,source_manifest.json,1092
c7f6a9e0af8fe16c4079053cac915091b697963a732d9d7bc191cb8a609e8ba4,n1_8654_rootaligned_retrostar.json,2497
c817aff15da2cdcace728124ccd7edfce1c10eb1b89d8bdd3624949d9777104c,n1_1115_rootaligned_mcts.json,1101
c8aeedd22fd0daf6669a798f827d529a351b42a6361cb6d22e25ac6ed4ed8b75,case_022.json,5313
c8cebff7f591283bd70872fae2e64877c0ab17a98e34c2c8579b571d6c6e0f25,case_010.json,5186
c8df774229a29850d35bed4388846f2dbee3d7a5b99e2fb2c6c327b18e85ef28,n5_2879_localretro_retrostar.json,4013
c8ebbf4e4af5b1d3361ea4f1a10918d60f7022e1bdad90298085f4a6d901d598,tree.json,62512
c922be51cebac1aff2f50dadeb99ceb4ebef9b691b452846422f5c1c14a1c02d,case_039.json,5935
c92a58fec6421e0bab166f7494c44dd45c7998a9c0604e22cade40ae73de1bc3,n5_2847_rootaligned_mcts.json,2011
c93f8a81e5b50c74aa919f1dc792776aaf06ce31d88fa3dbfda821bb225843d7,result_raw.json,22488
c9439a0ef293963ecb96ceca557a5cff192b055b7fd7b30619f2ca260ab573f4,n1_1391_localretro_retrostar.json,1806
c95236a918c7768cc2440d7fdcb11ec6fcad8de3bc1309b47983bd5140c44757,solution_tree_raw.json,1151
c9a4da927a47462c24c1040db8d71bb70a3f059698cf42eda3c7486175c31491,n1_8654_paroutes_retrostar.json,1272
c9afc9731662244532d8ff949ebb0badbe9e1c084a768380826cb374a9d82acf,result_raw.json,3676
c9fdfb4e779c1f4860768aa5ae2a72f7bd1729bf35fc88ea316832269d6d2196,tree.json,212657
ca38abf65c0116b9948941c33461f799374cc051dfb79f50f085fbc26c5d90c7,solution_tree_raw.json,2731
ca41dd6279bd78e4e04b58498b4e78e5d78a13de8975bce0639b18a22574a515,n5_5306.json,295
ca431fa9a3dccce89ca13444afc150512264059969e7d61a36b5410de7bb830e,result_raw.json,5997
ca492db02b7b58c23d8b0104e8fa98c09c2857d98e620e93b8de2ca6b463c8fb,n5_880.json,502
ca6f54169cae3c0f760655337407f0d4a12b6b03f83512bc259e15a25be54ee2,source_manifest.json,1092
cab95b02ef86ccd93139f19a8cdd9368b7d3186cb0c5e2f88f88d91eaa51cb72,n1_9743_paroutes_retrostar.json,2138
cad1362393355c9a7e0370ede2c05fa88052380f380bf72022976ea14359254a,tree.json,80083
cae950027c1949fc261e989de20312cbefaa5d6610bedd6df85af10c19e287ea,routes.llm_query_explorer.json,185363
cb2a4bf9b2b534f8e15418ea249baeb5a9d8bb3ec37258f3591a16d40d8ed406,paroutes120_reference_forward_20260825_step_evaluations.jsonl,1853185
cb44598786df5cc07f393f6831972ea642251ba31411d6fb9df8417b86432e84,n5_9115.json,855
cb60e1adc283e81336822a2293b3f001575ed0acd485a96bcdcb31f0b7bf2330,solution_tree_raw.json,4096
cb7a71d5542d6604abb746453916c9908533a622e5d56e635654b14e8cbe6248,n1_1276.json,714
cb8400e42069f8407fe5cffdcea538fe8e98306ec7727624a3c8f5c34d15bb79,rf25_007.json,1629
cc0cd86461fe62b0176c689fa60c86b23df9e40815e31fd70a2dc977716daa10,result_raw.json,6035
cc1d278e91ba29b1869af797cf265a29f5b3594b53e23de51c3aa8a511464cd6,result_raw.json,9507
cc254a7e8cac6c1b43ee59eaa81ee28b5e440ce0fecfa85d1e6763175a7b0db0,n1_8498.json,545
cc2d9361e1e5fea57ecad61bd89a9b9b40e4a008b901a6effa9239dc71bcd874,result_raw.json,4362
cc6c3c5a96dc803319959b1a64a1ad35bd838f1f6a291f9c307d333f086b46c7,n5_6004_localretro_retrostar.json,2781
cc6f89256f7a65e29684a78dfc967a3a1b3524c25e64cb2d71b13843f002417c,results.csv,25045
cce63b5e0999abbff0b4b0887a944f9749d71f8c937ff6c7a1f32673a039abdf,n1_7007_localretro_retrostar.json,435
cd6492896edfb24810bb0c4a9cfbb0fbc8a408d27929366e5e1a7b55521e88da,solution_tree_raw.json,2644
cdeefd3dff6bef2cae91e9ed8ea7addb5a71307ca69da075de61ee6448f795da,tree.json,90840
ce05e5b2314e3ee6b8386a67251c594968193cc79924b3d37260218773b6f4a2,n5_1391.json,1364
ce1e72b789b0ab9729859eb6558f04579408ffcfeeec9c723a71926c6b82fc5e,reaction_steps.html,51689
ce326644f4ee208739311fb4e7bcf3863f672549fc4f2df29305da6ceae8253a,case_041.json,5614
ce3998c599eb71634ef61d7c2802870129fbcbb58ced2bc4c9cf9b914c6be652,solution_tree_raw.json,344
ce4276fc8f2b5990191517861162ea9f42c30b11cb7c3dc1c03870ca40d5ad97,tree.json,65628
ce5076b57e1c3679b9303969e5b707c34f559b9b8973a335311057e5ad8385ea,n1_8633_paroutes_retrostar.json,1258
ce759d7bd01c92d51f38195f87779550bdc2c07f23e863a4749408840dea79a9,n1_7678_localretro_retrostar.json,1035
ce8a851a75487a0e2db76d560156afd0fcd9a5610c3c0f6a2413b90080accf64,tree.json,150906
ceb9fbda1c459a16188dffaa556b2813b94fce8128add128e524e8736aa220ec,source_manifest.json,1092
cecd57fdf11b1fa10f3b36d442ab64f67e66681ff37ee31604475e2de670cbea,results.csv,21902
cf422efea6e3d950187edd8db3af37b3b9a0cddd9c30b53aab330ce642ed91df,source_manifest.json,1092
cf88a12d6c3e3e2f173182e46751b6e17a74b6aca0370457ba31b14a045fe9e4,n5_2488_rootaligned_mcts.json,977
cfa73be7f4acaf21213b4499342a128a67280c6b86895c5c414cf0010db11816,reaction_steps.html,17226
cfc7f31a7e13ebe2f39008319249ad41bcf283f493420a6e6b17d1330830256c,reaction_steps.html,215346
d09d051a67548d2b4117392331ae0ee3e5e0d0895ec915d3f77fa2b343cfc8a2,solution_tree_raw.json,2349
d0ae6d457c2b15e54a8bac9d371775aaa23bb2e1b46640b1acb7dc12dc9ab8b6,routes.llm_query_explorer.json,210293
d106036d9f845fba928f5a8f081c2adb5666a1a019e3655c440a23ffa775038c,result_raw.json,7359
d284ce3b9da04c497d26bddf6825116dfa8a55b25c81ab776260e3f840b6caac,result_raw.json,4048
d35f16a18ec3d21cc79d8d9c07dcb96c3c58bd002404cee0fe1ea371f5373691,solution_tree_raw.json,1344
d36b0e96ea242a7879913bce8f89a3e75860550b4b35a49e437f1c089a6402bb,solution_tree_raw.json,1764
d3724d0952c231765d863cfed3bca0964dfc6e793b3450da76e67bd311d0854e,n5_2779_paroutes_retrostar.json,2640
d37af29c74bd6d7d5ac0faaeecb3b6c881dd334528204a792ee1440d1d2c90c3,n1_7943.json,683
d3d1a7b5c72fd29e31b3b7853774e31bbafdc6ed8d22a97304ea32e1154ba1ab,solution_tree_raw.json,737
d3ed468310c9f230193468a5934178b2965cb216606d1bd26b85a76ab007d1be,n1_1307_paroutes_retrostar.json,2765
d3fa06b22cefb1ff3dec9a965c1d941c5f185757a7ddc7de9451608abf4e4f6d,solution_tree_raw.json,4493
d425f3c2905d054dd9a5bc50ea3afa12fc797c01b6fd9ee0d524fc0253629d64,tree.json,115149
d4fc7c34ae4c3fd2b94f40769efcdd6d1cf93d9a7afde3127590e9adaea02e0a,solution_tree_raw.json,2374
d51112f7daedca996943322ccf1bcaeead5a5fb83d996e9f5bf6ec30fdc5a94a,solution_tree_raw.json,1347
d562e515eeb68b58cfd19d2db4be931b7feb041d0e60b93b79c50fdfb11a97d9,source_manifest.json,1092
d5796c484fa59cf29f696a1f6859b2a0626b73c490d5702732af30a07329f060,n1_1391_rootaligned_mcts.json,1804
d5aa23216f0eee5aadb1d8b9651f710c63e4c5dc38f85228b1b998760ee16873,source_manifest.json,1092
d5b111a8d60b16f595918880e8220571a05aa3aa6025b65d4837b2a5b6aeede9,routes.llm_query_explorer.json,25086
d5b2dc7de2c1a566a70a6a2f6a6134f5c1da9855c0a195626ba672f1153d3cba,n1_6952_rootaligned_mcts.json,1276
d5beb12aaed10ce4b0637fd75a5b0b9bc89285cce2ff25293107b71590261840,result_raw.json,3784
d6f4ee5c6494a8ac764cdd09d4bd525291b7ee983908b3f5f33af853f78a4f5d,n1_1391_rootaligned_retrostar.json,1703
d70e737e3f39763cba0d97f4f4b1b21d60295533de9504d56b28c89236a897cf,rf25_021.json,1169
d7b0da344442f762ff9f0bf7a375eb0cc01ee46333335678fe9023ab8fc4dfea,result_raw.json,3896
d81a7afd43617a6ed6713f5307a547196f53dad9fbd96ea6f3256dc3e9401b3b,tree.json,66918
d8332d2e69d0a34772c15960f95a8b6f8eb5045e3c64ec001ee96405c8284996,source_manifest.json,1092
d850754fb7ad69d9dede8eb099268f44fa71fcccfa9b1cfb0e047ab387c242b7,reference_manifest_n1.json,6589
d8652cceed69633d542875d35169f4dd0a6b169c737e78923236ef31bc8d21b1,routes.llm_query_explorer.json,287003
d87711c98fe3f99f4a46b70f620840961dc5327cc880240ce5037de5fe62b08c,routes.llm_query_explorer.json,107833
d9141a5674c6f76c7a5a7e7896e952df610593f79ba2932881247c613f98ed71,n5_441_paroutes_retrostar.json,6241
d93734286dfc3992cc0c7f742ebe7ccc30424394db281a9a7d9301c87be5604a,source_manifest.json,1092
d9408470e695ad191e7bae07aafc9ec994ab0ff1c58adfdfab9f1b54ad85a4fa,n5_9093_rootaligned_retrostar.json,2633
d9b51366b37592db3b10c47bc049c14c31708ffa28f43034fe274e097989fac5,routes.llm_query_explorer.json,92869
d9c20d72afb02f3cfd3e3b133910dd715a7ab069c5188e1a2b5d95c97fae489f,routes.llm_query_explorer.json,433252
dc1bfddb5910a3871f7da1bcb1abf95030448597e87a7beb4a31d7243b89b7ab,case_056.json,6172
dc2c448225c69b9729755a4801ba30341d728ffdc4d4ecb2fa44352792288a5f,n1_659_paroutes_retrostar.json,2438
dc7124ca03f50e5fb30a383682d7adf8aec38cc42aa49db59fedf8a814f447d9,routes.llm_query_explorer.json,209153
dcd6764d8c2203abd0ac17c17bee17f8654de2a3bb903fc4fe18d2253cc61217,solution_tree_raw.json,489
dcfd28b2b587f31af377549ab7f9b90e8ca14dd47a66fe8f157610fddb7dc14b,n1_7943_localretro_retrostar.json,1880
dd3f0450170e8d4ca7d487b5367b2ba73848ca4d4e3b27b8d78d31037b3b67c8,tree.json,300936
dd559660d197abe946e41b503146d3c078e2f8b22189e989e82c6c5cc1f88a69,n5_5256_localretro_retrostar.json,2224
dd94904f23ffba34657652a79eebe067c0cd9da1fa6fba27640e9146009826af,route_view.html,267438
dda7c38e78b4c8eb5fcc3f26cd80c49196e8113b07fe3344205a265993f7824c,n1_8633_rootaligned_retrostar.json,4032
dda8c0409e4e6951bad9b4c1be4badecba0ccb8c63900dfc3818d0bb1375264a,tree.json,58835
ddaf0bc9a363e61beda23629ab444541be73bc223ab771d003e99ee593fc4bae,n5_5256.json,771
de0e18a01fb86b6cfa4527c12eb12737ef42cb7330a1c333f2294330b9055498,n5_4017_rootaligned_mcts.json,1092
de95730b3b0a4ff99e79fdf0a2e9f81c6cdf619df3442186528f3c87f93d5ca5,result_raw.json,3609
dea0c3b6ed60153a0afaa70d038e9b7084c3a1c3b706bf7f397feedc67b8600a,source_manifest.json,1092
df134ad7d231ec4f04388b365a0c82023b31fbfe80cda26f4630a40956b9477d,solution_tree_raw.json,1308
e01a43d4f0b30dbac57ab20f7c37aebb29ada1cdaedaa71dad46d4a4984b9af3,result_raw.json,8655
e01eb41b0fa6789249a3047e758e734dca47f13bb486e18e7eaa8bb71d1fdff4,source_manifest.json,1092
e0600f16d135562605646a2303fa82469e839d4e9bfabe3fa569137e799667d3,tree.json,134982
e08f583113377d001a51c72ba5b6ca9fecf5eced06c7dadfdd5b247700215528,case_024.json,4968
e0d6cc7720f59b6d376e4cc0db070ac753c5c28836ac96268b3589ddae9c70d3,n1_8613_rootaligned_mcts.json,1806
e0ec9a39779e022df57f784b1e2bc39a87cc0a7120263ca90a42f774920ccf86,n1_2500_paroutes_retrostar.json,1727
e12b2d9f1f329e197b09cb451ffe84b44e44363ee73cca70f79ee5875b1675dc,result_raw.json,5176
e141105f57f60e12dd0a285e634250fde0e703f1d06b865a092ec23515dcaad8,n5_5628_rootaligned_mcts.json,1877
e1669c731a58437fb8fa58b2e5f17d07781e38b4545abc8415cbeecf484c3857,routes.llm_query_explorer.json,127882
e16a452cd300526a59cca77c1ea35b1fdf2c502bc35c314c5b43c40b821d2f94,result_raw.json,3918
e1e3ce0d5d012c932d0ceb3e7fa78cbee2f9b7c4c30b962e3e80468c18fb1d77,routes.llm_query_explorer.json,47112
e1f5d43a4d97acab951019bd4c89f62a31ec1f6422b29592a7b24684a2985f07,solution_tree_raw.json,841
e2057ce1e7b24587b895a7d48d44c7eda33bde7f1dccc2df5fc111a47cdb769f,source_manifest.json,1092
e207185baf858ddbde1a828fa875b466c7fd3883811eb93a25a5127210d804c2,n1_8725_rootaligned_mcts.json,1997
e22563becd09c0191a4e57dec3e2dd8c354c4df400783d83a9dce91e4dcb32a6,rf25_006.json,648
e24a03ef490355b9e8270483d2065cb0f4387d6350748b4261f105ea102e855f,source_manifest.json,1030
e25af47b452c44d5e90d2237d2dea2b8ec9848ddc4e705d943d23337344cb25a,route_000.json,11139
e283de2fb90be8748f26e58800aaaa16aec194c3cdef49a1a1688c0d1dbb1939,result_raw.json,3641
e291ca9d5ef236a3279068568fd3efd8551a7017a3b6b90e3bfa237562120e5d,solution_tree_raw.json,353
e29c9509c11732df35e28b6c5fe4a1754830c3532af37c1eb39d82eed0206473,results.csv,22261
e2f6e1d556a72e89a8b3b84b3059e729f7a3475dd643f1ac704562f1b65b4da2,source_manifest.json,1092
e2fbe5be7a21038eeecb33ebc762c58bc0abd9e2cdee67832a82a738904107b7,tree.json,756547
e36f0b4eacefd1dc74b0387876b05ee6e75ea55b0223137cb61b8487022e7899,n1_4003.json,1114
e38116721146c5e94e7006586d8a7a27eae268b2b805d171c4c3954a4ef65f4e,solution_tree_raw.json,776
e382be381d65c4922f062cfa231f48ab813842d118f91368eefc7d766536e04c,tree.json,323145
e38d98d22579844c96cd9deb64e7c543daed4bf0eba8c271210876ff24992fca,source_manifest.json,1092
e393e25fb4d9e47873f55ce3e95191ae74ba4939b3fbcd8bd72a671857f0973a,routes.llm_query_explorer.json,288201
e3dd469d49c11d0189889da66115efa72648c462e1c550c2bfe6595c1f63924d,solution_tree_raw.json,430
e44dd3c357db6cb8f9ee1127013b9a0a5be5d6ea29dcebe4632afecc37ef8115,solution_tree_raw.json,1191
e47eab222e0faf1a681aea8b4af622495448836408dc17c0abb44cda14c743c8,tree.json,151250
e4d160f76947a121cfa3e4a426757f73d24e19c16c66049727e22f72da036735,tree.json,71637
e4d47374d58c2f77cb819f6eba8e2bd9f2fd2e33eb9aef398a5895483567f955,n5_6926_paroutes_retrostar.json,4042
e4dc29074e479e491ef117a49b49a15afdcd06a758f559ddf81215f63c3ee8f1,solution_tree_raw.json,2565
e50996e7cd1dca0701a5c456fe11c45eb1cf4a68d25f2c010fab90f7d6a9d1f9,source_manifest.json,1092
e51289d7ad351737f7327bd370e7a1e38bf9fc33d4b5e7f2ab66573a74c33d09,n5_9281.json,742
e51ae4c45fd8aed5ac77687957f71ef1f17ad9b4dfc8cb4f41ba42f521efa104,n5_9115_localretro_retrostar.json,2227
e5a71f50f9bd8328293021695505e4f764e8e47a51248c6d00c9e4d2a8349719,synthelite_gpt55_paroutes120_primary_strict_step_evaluations.jsonl,1066690
e6133661b59cd337b5a734bda78542fb1c63fd5cc9a78c9f416a608dc695b573,n5_4400_rootaligned_mcts.json,3017
e684e0dfa551376fed096af1e0a1a86d1c29eab0af3f5a10229356c75311f1ba,result_raw.json,4187
e6fd50f3e7a0548a5cfeb36651fce390375f0df95ccaa3493b4f6c73d09f9daa,routes.llm_query_explorer.json,273685
e7cdf59a04ed8fc1d4d7ba2f6a7cac81ae1835d67d05b9889aebdba7967d3f40,n5_9743_localretro_retrostar.json,1902
e7e86173d8766cfd90a73ab6f22e37a2f6ce0b62ae90b9cb2109b218bb0de795,solution_tree_raw.json,2229
e7ead456dfaf94265fec99b7b0d9c13f2ef76ac1868b4d4c8c7dacab63e44715,tree.json,116804
e8057a29bfa10f021589fe73dbdd6bbc7e87351f7ab5ea389121000efecd7f41,n5_4328_localretro_retrostar.json,4197
e83b05fe2359fd15f485f55bb94bbbd109434ed909c6615d0e824a111621c2ab,n5_6926.json,630
e90c57e20434438a122c259d1f41164699ad81e2dcad956bd205cb3c774c9027,tree.json,111849
e91a94098669fc880fa4f158db155d02bee6c8cba24cd0a0499c02444e9f8818,n1_9128_localretro_retrostar.json,2864
e943725e912afdfd216b087547de1231e5d0557fd1359a3849696b88cbd8156b,source_manifest.json,1122
e99ceec168b24200882f0fcf1abc64988cf2587f3fc169c31dcf60be7572883b,n1_6952.json,622
e9aed1c632f9919188870fffb87a9fb8f2e06bf95cdbe51ee56ddda4738521cb,route_000.json,15762
ea418f2c1d06487a617d95630c1ff28b5470d01a0ef321dbd3cbe3d7d77f4583,result_raw.json,7290
eab7a789f9997c7a578090c2bb445e1d5ec2b232f0d40fef90e6c1af9f38eaba,solution_tree_raw.json,1757
eac13d9c6767deebefc54f713abd89f442f956861f4972d03c033ddb4f1a6a2d,n1_8105_rootaligned_mcts.json,1717
eac6904040c257adbaa5a696ae8617e23bd3dc1074e619c5e9ce30b0297f40cd,tree.json,118220
eaf71e4c7e5ad853120743eea2b401fc92a6ae21e25d6254c2de2ec54a48dbba,n1_366.json,858
ebf2754a18e8499069c2f250575c50fe58686bfba1f670543da6ce632e9c106c,routes.llm_query_explorer.json,249270
ec00c244df756b0dc60a871d1f30c8b1aade6c12940c163d592cdb37f42d0345,tree.json,108161
ec2fa72d12381a9700fb594367c6c5267ff1208f72d10c96c6f146c44b09fe29,route_view.html,94697
ec6e42b01b86f4c6223b890eaa1465e6fdf27caa7c77e575b19d9e9fdba19fae,rf25_023.json,3347
ec762b26b77f66efc0adb5e493cd6ea9dbf12c22aceb85621c8ddc48dd231ef8,solution_tree_raw.json,813
ecfa5662ad4c0875f33a9be930e12e546a2a86c5ecbf3b16a15362db39aecc8e,n5_1480_rootaligned_retrostar.json,2426
ed4a18bd40d15a6a4649996bd1357f04c7b17c700effa5ecd1f7872344944ad2,n1_2261_paroutes_retrostar.json,4007
ed9687999244c1c360a6e4be805bdca7685a8ce17f88b01db841deb8d474010e,routes.llm_query_explorer.json,157248
edf4b2beeaff801b2daf4f82b57028adc7132aa5664bb620dc71625863e1aab4,result_raw.json,5680
ee0264b2244458b522300572605417d13748af6735fe44ae9ee91ac698f7f78c,n1_566_rootaligned_retrostar.json,3090
ee0d3f32291a1cfa541fb8df580bae14e86348c2eb98656405e14aea51214182,n1_4003_localretro_retrostar.json,1232
eec5c6c0f4df638f3fb2bc8ee29c524495f60676b66b3ab89a4f6be72f52d009,route_view.html,121357
eef2c876ec3ea5b417ba8c0bf44c9e7aeae0386e786d5b721e107f97b1490e28,n1_8397.json,543
ef1984d2ff360cfd52c0c38282ca8ebaf9a243a1719e32c88b3e8bc157edd611,n5_8672.json,1240
ef29d5886f99517dfca6a2b5feca50f06b573f62488485ce1610e07319025485,routes.llm_query_explorer.json,101196
ef40190c37090785458c40075931bedc62cb5ee904728ce7f724275faea39c7b,case_014.json,4945
ef468c6fbeab22b0657f8757ac56d0b2e192df6330e881202f5acdfb8fa9ddef,case_053.json,6181
ef5afa26a58a82a9271526c54cdb06a402e651ace37d6ed8ed057db8b127f1f3,routes.llm_query_explorer.json,380579
efc4b873b540f8b2a495b334ae92b402a41f562c43dd6b1610ddce153c71b2ff,solution_tree_raw.json,5674
efc968d12bb8746800339f58da1c137d75f94837721dcc023d4760bdfbba59ac,n1_1096.json,671
effbddd88b92d4834629031ebf185451faeae9276e713e2033dd195247b70f3e,result_raw.json,5315
f004c5ce61a6d6b57985770aed04b8ba060d229a9a9590c1ac1db602854c4e4d,solution_tree_raw.json,414
f02fa0bed8201d04573e5393e6f154cf21bb9db622ec0c68052df0be6efd5e83,tree.json,69418
f036a699a8459020367900bf4c5d7ced999ab294d861196c261c8cedb62382af,n1_4328.json,717
f04bebd8dd17708dfb40badb3e510b1b89e64e6e6ac9904321c4b86a54cde8f6,solution_tree_raw.json,382
f11157a2193c1aa8df04ba20656e3f4d7c96a2dc6a827767079fa3451f379a6e,result_raw.json,6135
f153899a747318422939a9dee98ad3be778e4aced9928e7a4d040b5fcd4f965e,n5_2817.json,996
f1a8823251a99c64350c7b2712ec533898da8e0ab9a9ba5d1a08f9390a0e1f39,tree.json,189352
f1f01725041c6390c9775f86589dd40dd7b66bb72b87736f84ed2ed63ccf932d,tree.json,184975
f1f1c8e2660079f43386d845535bbd782ded392fb1b77e258088861032e46a47,source_manifest.json,1092
f24550e128014c5a6963e118c831ff13de75ed3ca1bb205949e19434c5b682f2,tree.json,115988
f25d67b746532ab5c5a16ee28f06c6a543005b73d42395122913508e2c47a7ef,n5_9743_rootaligned_mcts.json,1156
f264efbadb8b6f51285ad78aca595db6221d95c5aae22999e8608d6b7de80583,tree.json,420554
f2ff1abff07565a3e9aea6d2d63a62fd305bcc885e0e0bcc99b3aa9ee9cb3f2c,n1_5654_localretro_retrostar.json,1273
f33deeb0eeb31756c5c37657019ebf969666eb8d61b3c95c480e91138613d443,tree.json,69469
f3485e2972a9c545b847213b3b3ed94b567d71a62aed6692df137621aa3f8c5e,case_031.json,4992
f3cc519d383765e0611ff8b4469fb94f0fa8264163ee595a4b9a323c11fccb80,n1_6381.json,788
f3f7345427db460a24641b10fc0a5d2480bbe885d8d0df8046156c92d96b724f,routes.llm_query_explorer.json,249492
f4111d216455be12b11a6c53faa3a87e9160c0096cc5ab85c15b3bd20eda75c1,solution_tree_raw.json,1488
f41bf7a43a5065856429c667f1897c7300952a3f882bb851a51eb3ee6d5be7f6,solution_tree_raw.json,764
f43fe511fb591595fafa3ce3bda130e8dfa2ba9ad8b0cb3da8afd0afd16045fb,tree.json,86962
f45ee133b3964c4cf4bdeb8e85795b1da13ed74a4c1e6e0c73c97280b715658e,source_manifest.json,1092
f466094a8fc5553d1cd4af28d20f82fa43ccd18d123ec4afab12059602800ee6,case_001.json,5076
f4b78b28ded075c3f1d84758a38dcf4ac626c73915caf731c543cd7ec6f9cfa4,reaction_steps.html,198771
f4c15807db7c1b383e8bf13e34b32ee06688b65d7f74466e2885685abca33eb4,source_manifest.json,1092
f515e739ce1f66e16a4871c456d237c91ff4827d36c925d3c2f487760f217dfd,n5_9281_localretro_retrostar.json,1143
f546967a10bc570d786c5463fcf4ff17b20dbc08e78cdf9ce031e682f4b6e809,n1_7553_rootaligned_mcts.json,1913
f56256b56109c5b750ef65402f93547d422ecb4e51497b894e98108c859352b7,n1_2500.json,1043
f580acbe1c35a2cb5726fb5ce26e6e556df5556bb1ab291f9c953226f4cfe0e7,n5_4003_rootaligned_mcts.json,1997
f5a3d03c39b37ed6ea9b71a01434b4787afa6fc185b5e1c2c97dc10818423697,tree.json,1001569
f5a7803ccd1b8c16dd1830ab16fc22a9e0fdf0295fab36b2c0be2ca1178bd2d9,n5_7899.json,818
f5c4529bf7983c51ec352827cf83e8f40b44e43fe993d1ff293095f0fcb7a12e,tree.json,146169
f5c8d4d02b654b0fc7aca64f960a2cc14d8467b277755f7da3de812a9793023d,result_raw.json,3605
f5e798797aa548a7b9c4f2f4cbd5a0ba9f0badaa73b92bc0a38e3effc7e0d0de,result_raw.json,6111
f60f7f136eba38f722a3810331a21a2f4807b58a622832cb253fc8c34aba3dbc,rf25_020.json,1244
f63f963532da429148221f5c4c67d6ecddfc4e3c9c1a0fc1b0b4ad9c17b6f95e,n1_8725.json,542
f649d040b2d2de08a9216ec638479dddcbd7c63e885c38f59d497876ee64fa9e,routes.llm_query_explorer.json,75644
f661790d187aecf0121ac59aa258af83a7a70dcc25272d7cc431d9550dd55bd0,solution_tree_raw.json,925
f6c3fcb0caa1365e2440b29370947a6297d255f8a0c4905333d5d5d20e73f903,source_manifest.json,1092
f6eaac9751675333c314e9dc7bcd2e0390dcb47f0a080dac0aa9814b9be55a47,rf25_015.json,521
f73d72eeb4533113b469633a4f6d45dfda5d5bdbd20eca1e2a4d275e2a71be61,n1_9822_rootaligned_mcts.json,1743
f799596f2c703a2d601d90d8b87e63ca25e051b70fc2d5040b0a53656172eece,n5_4328.json,889
f84a6571c70725792f2408fdc5a225fb34b4df2159505e6de32a52a19971a5d7,reaction_steps.html,94465
f8da5e88cc99285013f8877fccc6fe1ed34a446389c0f63944225b7a399f90af,n1_8397_rootaligned_retrostar.json,2826
f920357303ec440fd138af3e27e917eefe51dffcc4a9be251462c4205492191c,n1_1020_paroutes_retrostar.json,1995
f92809c29ddcf497416dc9c99bc6f71fc9b0d97cb8bc59249db4de2b5b245cac,route_000.json,18550
f93b678546abddd7eb70380623507fc0f081fee2a96520d54a8d896de90411a8,n5_2106_rootaligned_mcts.json,2836
f94d2c55a6ee08a1630949fa9c11a6163bb5751c8ae84207a09a74ced7e692b0,route_view.html,158923
f952031e9e29f364b6859e708d6dbbcf3163f3326117b41eb6a52e9f48dfb716,n5_6115.json,638
f95917346de76132df49da12cabe933345c76db90040b76e6353c283477d71ad,result_raw.json,3696
f95bef69d3555976bbd5abe2bb43ef7b6c347cb343a7b151e6ac30984f624dba,n5_7287_paroutes_retrostar.json,2195
f99ac8afa03232f7a3b20c5d2647c82158e17695933ab8f2561a2b1805b15bb0,routes.llm_query_explorer.json,394603
f9c7052b3d40c8187342d39fdf0f0577d209b2de77282e7797a06bec9051b205,result_raw.json,4307
fa32006702932c9e4ea7de40f3d228bc34c354fd27ba15b14b4905920d014dad,route_view.html,140958
fa9b8382ae705b1e276d4dec80f99414c2cad0c17de2d058b6b4b943776e2cee,n1_4140.json,448
fabff094c250d3ce71c0e9f3190933e9ef8c0b87f4332379df6ca2afc8f90d39,solution_tree_raw.json,402
fad4b71d9a4a1d0b3abfd4f8601a82bffa91359df8d599a0d7110e3eafacc8e1,routes.llm_query_explorer.json,136782
fadd14d1d4b2fc4a7d7301bc15808f6e654777c8d0026c0aa3de6956d935c3bf,routes.llm_query_explorer.json,285744
fafc2a850eb1db282e3f8f4dcf827c2800a19ed6e10fcd4af1024d7c39080857,n5_2879_rootaligned_retrostar.json,3141
fb1d1241fe027c1480342e4f872bf619601fa9c3a7fb3e46e9eec4fbd8d238ce,case_027.json,5372
fbc48ad59b0091637792128d04d7e2813cd8b8147deb345619f723c8b0604188,routes.llm_query_explorer.json,99869
fbcbff2e979da306a604c39757927a0eb93f86b5116ccef40a0730514069e379,tree.json,79899
fc2f88b196be4c03bddc3fa4f117a5c19fd3f2572dd099333d145557b3fc5fd2,route_view.html,110667
fc5fc241cb1e457510c86b2c26b6d34367c9e6ae422e7670b18ba8a7e5233220,result_raw.json,303257
fc926d7d5d0e9c53c9a2ad802f2f01b6c308248f84734fb09d34de39320685ce,tree.json,50416
fd40114623403b92f37b3ec0c730b380dacc4fdc9a4bf608b560e46509299df6,result_raw.json,4844
fd4eb05a05c22b161d460c39cf12f07227e2d7eec6bbd7ccf4cc662d3911a650,case_016.json,5119
fd8de91e9de339b50e4a3d0b844e9bb4ff1a0b65156aaf47a85eee45fdb02c01,n1_6397_rootaligned_mcts.json,2467
fe34578b062b47343c97b1d077c72a4aca026813aff7c331445136dc63764cd1,rachel_steps.jsonl,907570
fe5df4b3e709d9d8117cf1e9cce3d590b92c59118e8dff1a57ff6c36fa7cf3ac,n1_4823.json,426
fe61424cfbca9f31b2472aee632160476bf781775b20e3163782461587c45e10,tree.json,17177
fe9b7ce512642decab0d8017c7198b537dca65eef7d45faa011bcdf83f63eae9,case_029.json,5313
fed3a3c33e97d69e5c80f3dfaef0cfbe17ed079e88ded9528ecf313fbc05bf02,solution_tree_raw.json,392
feeb7a787a97247f7dd6d2ae74133be1fc10dfdc233d33f01c1748fa5f644ad7,result_raw.json,3639
fef676f73963ee88aabd58609a9c011c52b8ac8363ea53c6a8a8c246f4dd72a8,solution_tree_raw.json,434
ff2437acfe53d956f5edffe8f697a6c434060f7785ff6efe21052a408a66815a,case_021.json,5456
ff4a5d95df5b7e04f31c352e4bc3a7f8de613ae7103f255acc5133bffc2311eb,n1_7553_paroutes_retrostar.json,1213
ffa2e7d7bfb13eae110315ef05c9746a4ef37a517a473158024de659c72daa80,rf25_022.json,765
ffc7e4ddf4916f54fc05c4416665903d8147997be7d36fe5ef9a6f7c5da6bdbc,n1_366_rootaligned_mcts.json,1310
